asset,strategy,interval,score_th,trail,tp,hold,rule_name,IS_n,IS_win%,IS_mean%,IS_MDD%,IS_Sharpe,IS_PF,OOS_n,OOS_win%,OOS_mean%,OOS_MDD%,OOS_Sharpe,OOS_PF,Sharpe_decay
kr,trend_pullback,1d,60,0.1,0.2,60,trail10_TP20_hold60,10556,42.2,2.25,-100.0,7.71,1.47,7448,48.3,4.58,-99.6,13.91,2.06,0.804
kr,trend_pullback,1d,60,0.1,0.25,60,trail10_TP25_hold60,10556,42.2,2.33,-100.0,7.62,1.48,7448,48.1,5.0,-99.5,14.49,2.15,0.902
kr,trend_pullback,1d,60,0.1,0.3,60,trail10_TP30_hold60,10556,42.2,2.48,-100.0,7.75,1.52,7448,48.1,5.41,-99.5,15.01,2.25,0.937
kr,trend_pullback,1d,60,0.1,0.4,60,trail10_TP40_hold60,10556,42.2,2.63,-100.0,7.77,1.55,7448,48.0,5.77,-99.7,15.17,2.33,0.952
kr,trend_pullback,1d,60,0.1,0.5,60,trail10_TP50_hold60,10556,42.2,2.82,-100.0,7.89,1.59,7448,48.0,6.15,-99.4,15.4,2.42,0.952
kr,trend_pullback,1d,60,0.1,,60,trail10_TPoff_hold60,10556,42.2,3.03,-100.0,7.62,1.63,7448,48.0,6.85,-99.5,14.8,2.58,0.942
kr,trend_pullback,1d,60,0.15,0.2,60,trail15_TP20_hold60,10556,46.8,3.28,-100.0,9.9,1.57,7448,52.2,5.91,-99.7,16.62,2.13,0.679
kr,trend_pullback,1d,60,0.15,0.25,60,trail15_TP25_hold60,10556,46.2,3.45,-100.0,9.82,1.6,7448,51.1,6.53,-99.7,17.32,2.24,0.764
kr,trend_pullback,1d,60,0.15,0.3,60,trail15_TP30_hold60,10556,46.2,3.68,-100.0,9.95,1.64,7448,50.6,7.06,-99.9,17.81,2.33,0.79
kr,trend_pullback,1d,60,0.15,0.4,60,trail15_TP40_hold60,10556,46.2,4.02,-100.0,10.13,1.7,7448,50.3,7.45,-99.9,17.62,2.4,0.739
kr,trend_pullback,1d,60,0.15,0.5,60,trail15_TP50_hold60,10556,46.2,4.33,-100.0,10.24,1.75,7448,50.3,7.8,-100.0,17.53,2.47,0.712
kr,trend_pullback,1d,60,0.15,,60,trail15_TPoff_hold60,10556,46.2,4.86,-100.0,9.74,1.84,7448,50.3,8.84,-100.0,13.11,2.66,0.346
kr,trend_pullback,1d,60,0.2,0.2,60,trail20_TP20_hold60,10556,52.5,3.74,-100.0,10.68,1.61,7448,59.7,7.21,-99.8,19.71,2.36,0.846
kr,trend_pullback,1d,60,0.2,0.25,60,trail20_TP25_hold60,10556,49.9,3.92,-100.0,10.52,1.63,7448,56.8,7.88,-99.9,20.25,2.44,0.925
kr,trend_pullback,1d,60,0.2,0.3,60,trail20_TP30_hold60,10556,49.1,4.21,-100.0,10.73,1.68,7448,54.8,8.39,-100.0,20.41,2.52,0.902
kr,trend_pullback,1d,60,0.2,0.4,60,trail20_TP40_hold60,10556,49.1,4.6,-100.0,10.89,1.74,7448,54.1,8.91,-100.0,20.1,2.6,0.846
kr,trend_pullback,1d,60,0.2,0.5,60,trail20_TP50_hold60,10556,49.1,4.9,-100.0,10.91,1.79,7448,54.0,9.31,-100.0,19.87,2.67,0.821
kr,trend_pullback,1d,60,0.2,,60,trail20_TPoff_hold60,10556,49.1,5.63,-100.0,10.26,1.91,7448,54.0,11.16,-100.0,12.44,3.01,0.212
kr,trend_pullback,1d,60,0.25,0.2,60,trail25_TP20_hold60,10556,54.9,4.11,-100.0,11.53,1.68,7448,63.6,8.12,-99.9,22.08,2.62,0.915
kr,trend_pullback,1d,60,0.25,0.25,60,trail25_TP25_hold60,10556,53.0,4.31,-100.0,11.38,1.7,7448,61.5,8.95,-99.9,22.81,2.72,1.004
kr,trend_pullback,1d,60,0.25,0.3,60,trail25_TP30_hold60,10556,52.1,4.66,-100.0,11.64,1.75,7448,59.6,9.57,-100.0,23.05,2.79,0.98
kr,trend_pullback,1d,60,0.25,0.4,60,trail25_TP40_hold60,10556,51.4,5.09,-100.0,11.8,1.82,7448,57.8,10.37,-100.0,22.98,2.92,0.947
kr,trend_pullback,1d,60,0.25,0.5,60,trail25_TP50_hold60,10556,51.4,5.42,-100.0,11.81,1.87,7448,57.6,10.97,-100.0,22.78,3.03,0.929
kr,trend_pullback,1d,60,0.25,,60,trail25_TPoff_hold60,10556,51.4,6.1,-100.0,10.78,1.98,7448,57.5,14.3,-100.0,12.6,3.64,0.169
kr,trend_pullback,1d,60,0.3,0.2,60,trail30_TP20_hold60,10556,55.5,4.37,-100.0,12.24,1.75,7448,66.0,9.04,-99.7,24.85,3.0,1.03
kr,trend_pullback,1d,60,0.3,0.25,60,trail30_TP25_hold60,10556,53.7,4.6,-100.0,12.11,1.77,7448,64.3,10.0,-99.6,25.74,3.13,1.126
kr,trend_pullback,1d,60,0.3,0.3,60,trail30_TP30_hold60,10556,53.1,4.97,-100.0,12.38,1.82,7448,62.9,10.74,-99.8,26.07,3.23,1.106
kr,trend_pullback,1d,60,0.3,0.4,60,trail30_TP40_hold60,10556,52.4,5.41,-100.0,12.48,1.89,7448,61.4,11.72,-99.9,26.02,3.38,1.085
kr,trend_pullback,1d,60,0.3,0.5,60,trail30_TP50_hold60,10556,52.1,5.72,-100.0,12.41,1.94,7448,60.7,12.46,-100.0,25.81,3.52,1.08
kr,trend_pullback,1d,60,0.3,,60,trail30_TPoff_hold60,10556,52.1,6.53,-100.0,11.38,2.07,7448,60.6,16.58,,14.26,4.35,0.253
kr,trend_pullback,1d,60,0.1,0.2,120,trail10_TP20_hold120,10556,42.7,2.49,-100.0,8.09,1.5,7448,48.9,4.96,-99.8,14.92,2.16,0.844
kr,trend_pullback,1d,60,0.1,0.25,120,trail10_TP25_hold120,10556,42.7,2.6,-100.0,8.04,1.53,7448,48.7,5.42,-99.7,15.53,2.27,0.932
kr,trend_pullback,1d,60,0.1,0.3,120,trail10_TP30_hold120,10556,42.7,2.8,-100.0,8.22,1.56,7448,48.6,5.82,-99.6,15.96,2.36,0.942
kr,trend_pullback,1d,60,0.1,0.4,120,trail10_TP40_hold120,10556,42.7,3.0,-100.0,8.32,1.6,7448,48.5,6.23,-99.8,16.11,2.46,0.936
kr,trend_pullback,1d,60,0.1,0.5,120,trail10_TP50_hold120,10556,42.7,3.22,-100.0,8.43,1.65,7448,48.5,6.63,-99.7,16.3,2.55,0.934
kr,trend_pullback,1d,60,0.1,,120,trail10_TPoff_hold120,10556,42.7,3.48,-100.0,8.08,1.7,7448,48.5,7.22,-99.8,15.47,2.69,0.915
kr,trend_pullback,1d,60,0.15,0.2,120,trail15_TP20_hold120,10556,46.6,4.13,-100.0,11.47,1.67,7448,52.5,6.71,-99.9,18.39,2.25,0.603
kr,trend_pullback,1d,60,0.15,0.25,120,trail15_TP25_hold120,10556,45.8,4.52,-100.0,11.66,1.73,7448,51.1,7.48,-99.9,19.25,2.38,0.651
kr,trend_pullback,1d,60,0.15,0.3,120,trail15_TP30_hold120,10556,45.7,4.94,-100.0,11.97,1.8,7448,50.6,8.06,-100.0,19.64,2.49,0.641
kr,trend_pullback,1d,60,0.15,0.4,120,trail15_TP40_hold120,10556,45.7,5.47,-100.0,12.17,1.89,7448,50.2,8.64,-100.0,19.48,2.59,0.601
kr,trend_pullback,1d,60,0.15,0.5,120,trail15_TP50_hold120,10556,45.7,5.94,-100.0,12.27,1.96,7448,50.2,9.17,-100.0,19.42,2.69,0.583
kr,trend_pullback,1d,60,0.15,,120,trail15_TPoff_hold120,10556,45.6,6.74,-100.0,11.36,2.09,7448,50.2,10.34,-100.0,14.38,2.9,0.266
kr,trend_pullback,1d,60,0.2,0.2,120,trail20_TP20_hold120,10556,55.2,5.28,-100.0,13.46,1.77,7448,61.3,8.36,-99.9,21.99,2.47,0.634
kr,trend_pullback,1d,60,0.2,0.25,120,trail20_TP25_hold120,10556,50.4,5.77,-100.0,13.58,1.82,7448,57.1,9.28,-100.0,22.75,2.57,0.675
kr,trend_pullback,1d,60,0.2,0.3,120,trail20_TP30_hold120,10556,48.7,6.39,-100.0,14.03,1.9,7448,54.1,9.85,-100.0,22.68,2.64,0.617
kr,trend_pullback,1d,60,0.2,0.4,120,trail20_TP40_hold120,10556,48.5,7.26,-100.0,14.4,2.02,7448,53.0,10.8,-100.0,22.57,2.79,0.567
kr,trend_pullback,1d,60,0.2,0.5,120,trail20_TP50_hold120,10556,48.4,7.83,-100.0,14.38,2.1,7448,52.8,11.58,-100.0,22.46,2.92,0.562
kr,trend_pullback,1d,60,0.2,,120,trail20_TPoff_hold120,10556,48.4,9.87,-100.0,13.11,2.39,7448,52.8,14.27,-100.0,14.56,3.36,0.111
kr,trend_pullback,1d,60,0.25,0.2,120,trail25_TP20_hold120,10556,60.3,5.97,-100.0,14.53,1.84,7448,67.7,9.99,-100.0,25.9,2.84,0.783
kr,trend_pullback,1d,60,0.25,0.25,120,trail25_TP25_hold120,10556,56.7,6.69,-100.0,14.98,1.9,7448,64.5,11.21,-100.0,26.95,2.96,0.799
kr,trend_pullback,1d,60,0.25,0.3,120,trail25_TP30_hold120,10556,54.5,7.52,-100.0,15.67,2.0,7448,61.4,12.13,-100.0,27.2,3.04,0.736
kr,trend_pullback,1d,60,0.25,0.4,120,trail25_TP40_hold120,10556,52.4,8.55,-100.0,16.05,2.13,7448,58.3,13.58,,27.33,3.25,0.703
kr,trend_pullback,1d,60,0.25,0.5,120,trail25_TP50_hold120,10556,52.3,9.26,-100.0,16.03,2.22,7448,57.9,14.9,,27.41,3.46,0.71
kr,trend_pullback,1d,60,0.25,,120,trail25_TPoff_hold120,10556,52.2,11.46,-100.0,14.38,2.51,7448,57.8,22.46,,15.25,4.71,0.061
kr,trend_pullback,1d,60,0.3,0.2,120,trail30_TP20_hold120,10556,62.3,6.39,-100.0,15.27,1.91,7448,72.0,11.52,-100.0,30.15,3.39,0.974
kr,trend_pullback,1d,60,0.3,0.25,120,trail30_TP25_hold120,10556,59.3,7.21,-100.0,15.79,1.98,7448,69.7,13.13,,31.74,3.57,1.01
kr,trend_pullback,1d,60,0.3,0.3,120,trail30_TP30_hold120,10556,57.7,8.11,-100.0,16.52,2.07,7448,67.7,14.47,,32.52,3.72,0.969
kr,trend_pullback,1d,60,0.3,0.4,120,trail30_TP40_hold120,10556,55.3,9.21,-100.0,16.87,2.19,7448,64.7,16.58,,33.04,3.98,0.959
kr,trend_pullback,1d,60,0.3,0.5,120,trail30_TP50_hold120,10556,54.1,9.94,-100.0,16.77,2.28,7448,63.3,18.43,,33.27,4.29,0.984
kr,trend_pullback,1d,60,0.3,,120,trail30_TPoff_hold120,10556,54.0,12.64,-100.0,15.21,2.63,7448,63.2,29.78,,19.23,6.32,0.264
kr,trend_pullback,1d,60,0.1,0.2,252,trail10_TP20_hold252,10556,43.2,2.53,-100.0,7.87,1.5,7448,49.7,5.47,-99.2,16.71,2.39,1.123
kr,trend_pullback,1d,60,0.1,0.25,252,trail10_TP25_hold252,10556,43.2,2.65,-100.0,7.86,1.52,7448,49.5,5.97,-99.3,17.3,2.51,1.201
kr,trend_pullback,1d,60,0.1,0.3,252,trail10_TP30_hold252,10556,43.2,2.83,-100.0,8.03,1.56,7448,49.4,6.4,-99.4,17.7,2.62,1.204
kr,trend_pullback,1d,60,0.1,0.4,252,trail10_TP40_hold252,10556,43.2,3.06,-100.0,8.18,1.6,7448,49.3,6.84,-99.4,17.77,2.73,1.172
kr,trend_pullback,1d,60,0.1,0.5,252,trail10_TP50_hold252,10556,43.2,3.3,-100.0,8.33,1.65,7448,49.3,7.24,-99.4,17.87,2.83,1.145
kr,trend_pullback,1d,60,0.1,,252,trail10_TPoff_hold252,10556,43.2,3.55,-100.0,8.01,1.7,7448,49.3,7.78,-99.4,16.74,2.97,1.09
kr,trend_pullback,1d,60,0.15,0.2,252,trail15_TP20_hold252,10556,46.5,4.35,-100.0,11.57,1.68,7448,53.2,7.32,-99.7,20.27,2.44,0.752
kr,trend_pullback,1d,60,0.15,0.25,252,trail15_TP25_hold252,10556,45.6,4.83,-100.0,11.92,1.76,7448,51.7,8.14,-99.9,21.09,2.59,0.769
kr,trend_pullback,1d,60,0.15,0.3,252,trail15_TP30_hold252,10556,45.6,5.32,-100.0,12.32,1.83,7448,51.3,8.79,-99.9,21.49,2.71,0.744
kr,trend_pullback,1d,60,0.15,0.4,252,trail15_TP40_hold252,10556,45.5,6.0,-100.0,12.64,1.94,7448,50.9,9.49,-99.9,21.29,2.84,0.684
kr,trend_pullback,1d,60,0.15,0.5,252,trail15_TP50_hold252,10556,45.5,6.55,-100.0,12.76,2.02,7448,50.9,10.07,-99.9,21.12,2.95,0.655
kr,trend_pullback,1d,60,0.15,,252,trail15_TPoff_hold252,10556,45.5,7.82,-100.0,11.69,2.22,7448,50.9,11.3,-99.9,15.34,3.19,0.312
kr,trend_pullback,1d,60,0.2,0.2,252,trail20_TP20_hold252,10556,55.5,5.74,-100.0,13.76,1.77,7448,62.4,9.15,-99.9,24.18,2.66,0.757
kr,trend_pullback,1d,60,0.2,0.25,252,trail20_TP25_hold252,10556,49.3,6.42,-100.0,14.12,1.84,7448,57.5,10.15,-99.9,24.86,2.76,0.761
kr,trend_pullback,1d,60,0.2,0.3,252,trail20_TP30_hold252,10556,46.9,7.25,-100.0,14.79,1.94,7448,54.2,10.86,-100.0,24.83,2.85,0.679
kr,trend_pullback,1d,60,0.2,0.4,252,trail20_TP40_hold252,10556,46.6,8.65,-100.0,15.68,2.12,7448,53.0,12.11,-100.0,24.83,3.05,0.584
kr,trend_pullback,1d,60,0.2,0.5,252,trail20_TP50_hold252,10556,46.5,9.63,-100.0,15.9,2.25,7448,52.8,13.0,-100.0,24.55,3.2,0.544
kr,trend_pullback,1d,60,0.2,,252,trail20_TPoff_hold252,10556,46.5,13.44,-100.0,14.3,2.74,7448,52.8,16.12,-100.0,15.81,3.73,0.106
kr,trend_pullback,1d,60,0.25,0.2,252,trail25_TP20_hold252,10556,61.8,6.49,-100.0,14.52,1.8,7448,70.4,11.3,-100.0,29.36,3.16,1.022
kr,trend_pullback,1d,60,0.25,0.25,252,trail25_TP25_hold252,10556,56.9,7.48,-100.0,15.27,1.87,7448,66.6,12.79,,30.55,3.28,1.001
kr,trend_pullback,1d,60,0.25,0.3,252,trail25_TP30_hold252,10556,53.3,8.69,-100.0,16.35,1.99,7448,62.7,14.05,,31.02,3.39,0.897
kr,trend_pullback,1d,60,0.25,0.4,252,trail25_TP40_hold252,10556,49.7,10.53,-100.0,17.46,2.18,7448,58.6,16.15,,31.37,3.68,0.797
kr,trend_pullback,1d,60,0.25,0.5,252,trail25_TP50_hold252,10556,49.5,11.82,-100.0,17.74,2.33,7448,58.2,18.0,,31.51,3.98,0.776
kr,trend_pullback,1d,60,0.25,,252,trail25_TPoff_hold252,10556,49.5,17.96,,14.95,3.01,7448,58.1,31.81,,17.97,6.27,0.202
kr,trend_pullback,1d,60,0.3,0.2,252,trail30_TP20_hold252,10556,65.3,6.77,-100.0,14.41,1.79,7448,76.4,13.45,,35.5,4.01,1.464
kr,trend_pullback,1d,60,0.3,0.25,252,trail30_TP25_hold252,10556,60.9,7.86,-100.0,15.24,1.85,7448,73.6,15.41,,37.24,4.17,1.444
kr,trend_pullback,1d,60,0.3,0.3,252,trail30_TP30_hold252,10556,57.6,9.06,-100.0,16.19,1.94,7448,71.0,17.24,,38.31,4.34,1.366
kr,trend_pullback,1d,60,0.3,0.4,252,trail30_TP40_hold252,10556,52.2,10.85,-100.0,17.06,2.08,7448,67.1,20.38,,39.37,4.72,1.308
kr,trend_pullback,1d,60,0.3,0.5,252,trail30_TP50_hold252,10556,49.5,12.2,-100.0,17.34,2.21,7448,65.1,23.12,,39.73,5.18,1.291
kr,trend_pullback,1d,60,0.3,,252,trail30_TPoff_hold252,10556,49.2,19.5,,15.06,2.93,7448,64.9,54.76,,19.54,10.9,0.297
us,trend_pullback,1d,70,0.1,0.2,60,trail10_TP20_hold60,12258,43.1,1.88,-100.0,6.91,1.38,6805,49.6,4.26,-100.0,15.22,1.94,1.203
us,trend_pullback,1d,70,0.1,0.25,60,trail10_TP25_hold60,12258,43.0,1.98,-100.0,6.96,1.4,6805,49.3,4.58,-100.0,15.4,2.01,1.213
us,trend_pullback,1d,70,0.1,0.3,60,trail10_TP30_hold60,12258,42.9,2.06,-100.0,6.99,1.42,6805,49.2,4.88,-99.9,15.57,2.07,1.227
us,trend_pullback,1d,70,0.1,0.4,60,trail10_TP40_hold60,12258,42.9,2.16,-100.0,7.02,1.44,6805,49.2,5.24,-99.9,15.62,2.15,1.225
us,trend_pullback,1d,70,0.1,0.5,60,trail10_TP50_hold60,12258,42.9,2.19,-100.0,6.96,1.44,6805,49.2,5.42,-100.0,15.52,2.19,1.23
us,trend_pullback,1d,70,0.1,,60,trail10_TPoff_hold60,12258,42.9,2.21,-100.0,6.67,1.45,6805,49.2,6.08,-100.0,14.65,2.34,1.196
us,trend_pullback,1d,70,0.15,0.2,60,trail15_TP20_hold60,12258,49.0,2.8,-100.0,9.07,1.48,6805,54.4,5.3,-100.0,17.14,1.98,0.89
us,trend_pullback,1d,70,0.15,0.25,60,trail15_TP25_hold60,12258,48.3,3.03,-100.0,9.31,1.51,6805,53.2,5.8,-100.0,17.46,2.07,0.875
us,trend_pullback,1d,70,0.15,0.3,60,trail15_TP30_hold60,12258,48.2,3.22,-100.0,9.49,1.54,6805,53.0,6.38,-100.0,17.98,2.17,0.895
us,trend_pullback,1d,70,0.15,0.4,60,trail15_TP40_hold60,12258,48.2,3.42,-100.0,9.56,1.58,6805,53.0,7.13,-100.0,18.36,2.31,0.921
us,trend_pullback,1d,70,0.15,0.5,60,trail15_TP50_hold60,12258,48.2,3.5,-100.0,9.51,1.59,6805,53.0,7.66,-100.0,18.49,2.4,0.944
us,trend_pullback,1d,70,0.15,,60,trail15_TPoff_hold60,12258,48.2,3.61,-100.0,9.18,1.61,6805,53.0,9.04,-100.0,16.79,2.66,0.829
us,trend_pullback,1d,70,0.2,0.2,60,trail20_TP20_hold60,12258,55.4,3.5,-100.0,10.73,1.57,6805,61.7,6.49,-100.0,20.07,2.19,0.87
us,trend_pullback,1d,70,0.2,0.25,60,trail20_TP25_hold60,12258,53.5,3.8,-100.0,10.98,1.61,6805,59.1,7.21,-100.0,20.58,2.28,0.874
us,trend_pullback,1d,70,0.2,0.3,60,trail20_TP30_hold60,12258,52.8,4.02,-100.0,11.14,1.65,6805,58.1,8.03,-100.0,21.21,2.42,0.904
us,trend_pullback,1d,70,0.2,0.4,60,trail20_TP40_hold60,12258,52.6,4.27,-100.0,11.17,1.69,6805,57.8,9.03,-100.0,21.63,2.59,0.936
us,trend_pullback,1d,70,0.2,0.5,60,trail20_TP50_hold60,12258,52.6,4.43,-100.0,11.19,1.71,6805,57.8,9.89,-100.0,21.95,2.74,0.962
us,trend_pullback,1d,70,0.2,,60,trail20_TPoff_hold60,12258,52.6,4.86,-100.0,10.53,1.78,6805,57.8,11.82,-100.0,19.67,3.09,0.868
us,trend_pullback,1d,70,0.25,0.2,60,trail25_TP20_hold60,12258,57.9,3.76,-100.0,11.22,1.61,6805,64.8,7.0,-100.0,21.1,2.28,0.881
us,trend_pullback,1d,70,0.25,0.25,60,trail25_TP25_hold60,12258,56.3,4.07,-100.0,11.45,1.65,6805,62.9,7.84,-100.0,21.75,2.38,0.9
us,trend_pullback,1d,70,0.25,0.3,60,trail25_TP30_hold60,12258,55.4,4.31,-100.0,11.61,1.68,6805,61.7,8.73,-100.0,22.42,2.52,0.931
us,trend_pullback,1d,70,0.25,0.4,60,trail25_TP40_hold60,12258,54.7,4.57,-100.0,11.6,1.72,6805,60.6,9.87,-100.0,22.89,2.7,0.973
us,trend_pullback,1d,70,0.25,0.5,60,trail25_TP50_hold60,12258,54.7,4.75,-100.0,11.63,1.74,6805,60.5,10.83,-100.0,23.18,2.86,0.993
us,trend_pullback,1d,70,0.25,,60,trail25_TPoff_hold60,12258,54.7,5.22,-100.0,11.01,1.82,6805,60.5,13.22,-100.0,19.62,3.27,0.782
us,trend_pullback,1d,70,0.3,0.2,60,trail30_TP20_hold60,12258,58.7,3.95,-100.0,11.26,1.64,6805,66.2,7.36,-100.0,21.92,2.36,0.947
us,trend_pullback,1d,70,0.3,0.25,60,trail30_TP25_hold60,12258,57.3,4.27,-100.0,11.53,1.68,6805,64.5,8.24,-100.0,22.53,2.46,0.954
us,trend_pullback,1d,70,0.3,0.3,60,trail30_TP30_hold60,12258,56.6,4.54,-100.0,11.74,1.71,6805,63.6,9.2,-100.0,23.26,2.6,0.981
us,trend_pullback,1d,70,0.3,0.4,60,trail30_TP40_hold60,12258,55.9,4.79,-100.0,11.73,1.75,6805,62.4,10.39,-100.0,23.71,2.78,1.021
us,trend_pullback,1d,70,0.3,0.5,60,trail30_TP50_hold60,12258,55.6,4.94,-100.0,11.7,1.77,6805,61.9,11.4,-100.0,23.98,2.95,1.05
us,trend_pullback,1d,70,0.3,,60,trail30_TPoff_hold60,12258,55.6,5.46,-100.0,10.9,1.85,6805,61.8,13.89,-100.0,20.28,3.37,0.861
us,trend_pullback,1d,70,0.1,0.2,120,trail10_TP20_hold120,12258,43.0,2.31,-100.0,8.12,1.47,6805,49.0,4.57,-100.0,16.25,2.03,1.001
us,trend_pullback,1d,70,0.1,0.25,120,trail10_TP25_hold120,12258,42.9,2.39,-100.0,8.03,1.48,6805,48.7,4.94,-100.0,16.41,2.11,1.044
us,trend_pullback,1d,70,0.1,0.3,120,trail10_TP30_hold120,12258,42.8,2.52,-100.0,8.1,1.51,6805,48.6,5.3,-100.0,16.56,2.19,1.044
us,trend_pullback,1d,70,0.1,0.4,120,trail10_TP40_hold120,12258,42.8,2.64,-100.0,8.07,1.53,6805,48.5,5.82,-100.0,16.67,2.3,1.066
us,trend_pullback,1d,70,0.1,0.5,120,trail10_TP50_hold120,12258,42.8,2.65,-100.0,7.88,1.53,6805,48.5,6.01,-100.0,16.46,2.34,1.089
us,trend_pullback,1d,70,0.1,,120,trail10_TPoff_hold120,12258,42.8,2.69,-100.0,7.55,1.54,6805,48.5,6.92,-100.0,15.28,2.55,1.024
us,trend_pullback,1d,70,0.15,0.2,120,trail15_TP20_hold120,12258,47.6,3.77,-100.0,11.37,1.61,6805,51.8,5.74,-100.0,18.04,2.02,0.587
us,trend_pullback,1d,70,0.15,0.25,120,trail15_TP25_hold120,12258,46.6,4.2,-100.0,11.8,1.67,6805,50.3,6.37,-100.0,18.43,2.13,0.562
us,trend_pullback,1d,70,0.15,0.3,120,trail15_TP30_hold120,12258,46.3,4.59,-100.0,12.16,1.73,6805,50.1,7.07,-100.0,18.94,2.25,0.558
us,trend_pullback,1d,70,0.15,0.4,120,trail15_TP40_hold120,12258,46.2,5.02,-100.0,12.3,1.8,6805,49.9,8.04,-100.0,19.33,2.41,0.572
us,trend_pullback,1d,70,0.15,0.5,120,trail15_TP50_hold120,12258,46.2,5.3,-100.0,12.34,1.85,6805,49.9,8.7,-100.0,19.34,2.53,0.567
us,trend_pullback,1d,70,0.15,,120,trail15_TPoff_hold120,12258,46.2,5.55,-100.0,11.76,1.89,6805,49.9,11.05,-100.0,17.23,2.94,0.465
us,trend_pullback,1d,70,0.2,0.2,120,trail20_TP20_hold120,12258,58.5,5.38,-100.0,14.94,1.81,6805,60.2,7.01,-100.0,20.4,2.13,0.365
us,trend_pullback,1d,70,0.2,0.25,120,trail20_TP25_hold120,12258,55.0,6.14,-100.0,15.75,1.9,6805,56.5,8.04,-100.0,21.36,2.26,0.356
us,trend_pullback,1d,70,0.2,0.3,120,trail20_TP30_hold120,12258,53.5,6.76,-100.0,16.27,1.99,6805,54.6,9.07,-100.0,22.08,2.4,0.357
us,trend_pullback,1d,70,0.2,0.4,120,trail20_TP40_hold120,12258,53.0,7.5,-100.0,16.48,2.09,6805,54.1,10.53,-100.0,22.72,2.62,0.379
us,trend_pullback,1d,70,0.2,0.5,120,trail20_TP50_hold120,12258,53.0,8.07,-100.0,16.64,2.17,6805,54.1,11.73,-100.0,23.12,2.81,0.389
us,trend_pullback,1d,70,0.2,,120,trail20_TPoff_hold120,12258,53.0,9.44,-100.0,14.58,2.37,6805,54.1,16.72,-100.0,19.97,3.58,0.37
us,trend_pullback,1d,70,0.25,0.2,120,trail25_TP20_hold120,12258,64.4,6.37,-100.0,16.83,1.94,6805,65.6,7.94,-100.0,22.2,2.26,0.319
us,trend_pullback,1d,70,0.25,0.25,120,trail25_TP25_hold120,12258,61.5,7.25,-100.0,17.6,2.03,6805,62.5,9.17,-100.0,23.3,2.38,0.324
us,trend_pullback,1d,70,0.25,0.3,120,trail25_TP30_hold120,12258,59.5,7.99,-100.0,18.19,2.11,6805,60.2,10.35,-100.0,24.1,2.52,0.325
us,trend_pullback,1d,70,0.25,0.4,120,trail25_TP40_hold120,12258,57.5,8.88,-100.0,18.42,2.22,6805,57.7,12.12,-100.0,24.85,2.75,0.349
us,trend_pullback,1d,70,0.25,0.5,120,trail25_TP50_hold120,12258,57.4,9.58,-100.0,18.58,2.32,6805,57.3,13.65,-100.0,25.35,2.97,0.364
us,trend_pullback,1d,70,0.25,,120,trail25_TPoff_hold120,12258,57.4,11.43,,16.29,2.57,6805,57.3,21.29,,21.78,4.08,0.337
us,trend_pullback,1d,70,0.3,0.2,120,trail30_TP20_hold120,12258,67.0,7.09,-100.0,17.55,2.06,6805,68.8,8.65,-100.0,23.59,2.38,0.344
us,trend_pullback,1d,70,0.3,0.25,120,trail30_TP25_hold120,12258,64.6,8.02,-100.0,18.36,2.14,6805,66.3,10.02,-100.0,24.78,2.51,0.35
us,trend_pullback,1d,70,0.3,0.3,120,trail30_TP30_hold120,12258,63.1,8.86,-100.0,19.1,2.23,6805,64.3,11.29,-100.0,25.53,2.64,0.337
us,trend_pullback,1d,70,0.3,0.4,120,trail30_TP40_hold120,12258,60.9,9.83,,19.37,2.33,6805,61.5,13.23,-100.0,26.3,2.85,0.358
us,trend_pullback,1d,70,0.3,0.5,120,trail30_TP50_hold120,12258,60.1,10.54,,19.49,2.42,6805,60.3,14.94,-100.0,26.85,3.08,0.378
us,trend_pullback,1d,70,0.3,,120,trail30_TPoff_hold120,12258,60.0,12.31,,16.97,2.66,6805,60.0,23.32,,22.81,4.23,0.344
us,trend_pullback,1d,70,0.1,0.2,252,trail10_TP20_hold252,12258,43.3,2.58,-100.0,8.83,1.53,6805,49.4,4.87,-100.0,17.28,2.13,0.957
us,trend_pullback,1d,70,0.1,0.25,252,trail10_TP25_hold252,12258,43.2,2.7,-100.0,8.8,1.55,6805,49.1,5.28,-100.0,17.46,2.22,0.984
us,trend_pullback,1d,70,0.1,0.3,252,trail10_TP30_hold252,12258,43.1,2.83,-100.0,8.85,1.58,6805,49.0,5.66,-100.0,17.59,2.31,0.988
us,trend_pullback,1d,70,0.1,0.4,252,trail10_TP40_hold252,12258,43.0,2.95,-100.0,8.74,1.6,6805,48.9,6.23,-100.0,17.67,2.44,1.022
us,trend_pullback,1d,70,0.1,0.5,252,trail10_TP50_hold252,12258,43.0,2.97,-100.0,8.55,1.61,6805,48.9,6.38,-100.0,17.35,2.47,1.029
us,trend_pullback,1d,70,0.1,,252,trail10_TPoff_hold252,12258,43.0,2.99,-100.0,8.12,1.61,6805,48.9,7.3,-100.0,15.91,2.68,0.959
us,trend_pullback,1d,70,0.15,0.2,252,trail15_TP20_hold252,12258,47.0,4.24,-100.0,12.36,1.68,6805,51.4,6.03,-100.0,18.84,2.09,0.524
us,trend_pullback,1d,70,0.15,0.25,252,trail15_TP25_hold252,12258,45.7,4.8,-100.0,12.95,1.76,6805,49.9,6.7,-100.0,19.22,2.2,0.484
us,trend_pullback,1d,70,0.15,0.3,252,trail15_TP30_hold252,12258,45.5,5.37,-100.0,13.55,1.85,6805,49.6,7.48,-100.0,19.79,2.33,0.461
us,trend_pullback,1d,70,0.15,0.4,252,trail15_TP40_hold252,12258,45.3,6.04,-100.0,13.84,1.96,6805,49.5,8.6,-100.0,20.23,2.53,0.462
us,trend_pullback,1d,70,0.15,0.5,252,trail15_TP50_hold252,12258,45.3,6.5,-100.0,13.95,2.03,6805,49.5,9.3,-100.0,20.15,2.65,0.444
us,trend_pullback,1d,70,0.15,,252,trail15_TPoff_hold252,12258,45.3,7.42,-100.0,13.05,2.18,6805,49.5,11.98,-100.0,17.62,3.13,0.35
us,trend_pullback,1d,70,0.2,0.2,252,trail20_TP20_hold252,12258,58.5,6.28,-100.0,16.66,1.91,6805,59.7,7.22,-100.0,20.69,2.14,0.242
us,trend_pullback,1d,70,0.2,0.25,252,trail20_TP25_hold252,12258,53.3,7.39,-100.0,17.86,2.03,6805,54.7,8.23,-100.0,21.43,2.25,0.2
us,trend_pullback,1d,70,0.2,0.3,252,trail20_TP30_hold252,12258,51.1,8.42,-100.0,18.82,2.17,6805,52.2,9.29,-100.0,22.08,2.39,0.173
us,trend_pullback,1d,70,0.2,0.4,252,trail20_TP40_hold252,12258,50.4,9.75,,19.4,2.35,6805,51.5,10.93,-100.0,22.79,2.62,0.175
us,trend_pullback,1d,70,0.2,0.5,252,trail20_TP50_hold252,12258,50.4,10.93,,19.87,2.51,6805,51.4,12.24,-100.0,23.15,2.82,0.165
us,trend_pullback,1d,70,0.2,,252,trail20_TPoff_hold252,12258,50.4,14.25,,16.8,2.97,6805,51.4,19.26,,20.05,3.86,0.193
us,trend_pullback,1d,70,0.25,0.2,252,trail25_TP20_hold252,12258,66.0,7.59,-100.0,18.89,2.05,6805,66.2,8.29,-100.0,22.48,2.24,0.19
us,trend_pullback,1d,70,0.25,0.25,252,trail25_TP25_hold252,12258,61.4,8.91,-100.0,20.08,2.15,6805,61.9,9.57,-100.0,23.46,2.34,0.168
us,trend_pullback,1d,70,0.25,0.3,252,trail25_TP30_hold252,12258,58.1,10.19,,21.2,2.28,6805,58.4,10.83,-100.0,24.21,2.47,0.142
us,trend_pullback,1d,70,0.25,0.4,252,trail25_TP40_hold252,12258,54.2,11.84,,21.77,2.46,6805,54.7,13.02,-100.0,25.33,2.73,0.164
us,trend_pullback,1d,70,0.25,0.5,252,trail25_TP50_hold252,12258,54.0,13.31,,22.24,2.64,6805,54.2,14.81,-100.0,25.85,2.97,0.162
us,trend_pullback,1d,70,0.25,,252,trail25_TPoff_hold252,12258,54.0,18.85,,18.31,3.32,6805,54.2,28.46,,21.44,4.78,0.171
us,trend_pullback,1d,70,0.3,0.2,252,trail30_TP20_hold252,12258,70.8,8.75,-100.0,20.28,2.2,6805,70.5,9.1,-100.0,23.78,2.34,0.173
us,trend_pullback,1d,70,0.3,0.25,252,trail30_TP25_hold252,12258,66.9,10.25,,21.62,2.3,6805,67.0,10.62,-100.0,25.01,2.45,0.157
us,trend_pullback,1d,70,0.3,0.3,252,trail30_TP30_hold252,12258,64.3,11.76,,22.97,2.44,6805,64.2,12.12,-100.0,25.97,2.58,0.131
us,trend_pullback,1d,70,0.3,0.4,252,trail30_TP40_hold252,12258,59.4,13.69,,23.66,2.59,6805,60.1,14.7,-100.0,27.35,2.83,0.156
us,trend_pullback,1d,70,0.3,0.5,252,trail30_TP50_hold252,12258,57.5,15.4,,24.24,2.78,6805,58.1,16.85,,28.06,3.08,0.158
us,trend_pullback,1d,70,0.3,,252,trail30_TPoff_hold252,12258,57.3,20.82,,19.74,3.4,6805,57.6,33.56,,22.57,5.12,0.143
kr,trend_chase,1d,60,0.1,0.2,60,trail10_TP20_hold60,2772,42.6,1.66,-99.7,3.07,1.35,1221,44.9,2.77,-89.6,4.72,1.61,0.537
kr,trend_chase,1d,60,0.1,0.25,60,trail10_TP25_hold60,2772,42.6,1.68,-99.8,3.01,1.35,1221,44.7,2.93,-93.3,4.7,1.64,0.561
kr,trend_chase,1d,60,0.1,0.3,60,trail10_TP30_hold60,2772,42.6,1.85,-99.5,3.16,1.39,1221,44.6,3.0,-93.0,4.62,1.66,0.462
kr,trend_chase,1d,60,0.1,0.4,60,trail10_TP40_hold60,2772,42.6,1.87,-99.8,3.06,1.4,1221,44.6,3.33,-94.4,4.7,1.73,0.536
kr,trend_chase,1d,60,0.1,0.5,60,trail10_TP50_hold60,2772,42.6,1.84,-99.9,2.95,1.39,1221,44.6,3.36,-96.0,4.56,1.74,0.546
kr,trend_chase,1d,60,0.1,,60,trail10_TPoff_hold60,2772,42.6,2.05,-99.9,2.96,1.43,1221,44.6,3.11,-96.1,4.22,1.68,0.426
kr,trend_chase,1d,60,0.15,0.2,60,trail15_TP20_hold60,2772,46.1,2.19,-99.6,3.67,1.4,1221,48.3,3.34,-86.7,5.13,1.63,0.398
kr,trend_chase,1d,60,0.15,0.25,60,trail15_TP25_hold60,2772,45.8,2.26,-99.6,3.62,1.41,1221,47.3,3.68,-88.4,5.27,1.69,0.456
kr,trend_chase,1d,60,0.15,0.3,60,trail15_TP30_hold60,2772,45.8,2.38,-99.7,3.65,1.43,1221,47.3,3.8,-90.3,5.17,1.71,0.416
kr,trend_chase,1d,60,0.15,0.4,60,trail15_TP40_hold60,2772,45.7,2.43,-99.7,3.52,1.44,1221,47.1,4.19,-91.3,5.2,1.79,0.477
kr,trend_chase,1d,60,0.15,0.5,60,trail15_TP50_hold60,2772,45.7,2.52,-99.7,3.5,1.46,1221,47.1,4.19,-91.3,4.98,1.78,0.423
kr,trend_chase,1d,60,0.15,,60,trail15_TPoff_hold60,2772,45.7,2.57,-99.7,3.3,1.47,1221,47.1,3.69,-91.9,4.46,1.69,0.352
kr,trend_chase,1d,60,0.2,0.2,60,trail20_TP20_hold60,2772,50.4,2.57,-99.7,4.15,1.46,1221,54.8,4.42,-89.3,6.56,1.85,0.581
kr,trend_chase,1d,60,0.2,0.25,60,trail20_TP25_hold60,2772,48.6,2.59,-99.7,3.98,1.45,1221,53.0,4.84,-91.3,6.66,1.92,0.673
kr,trend_chase,1d,60,0.2,0.3,60,trail20_TP30_hold60,2772,48.1,2.72,-99.8,4.0,1.48,1221,52.0,5.04,-91.1,6.55,1.95,0.637
kr,trend_chase,1d,60,0.2,0.4,60,trail20_TP40_hold60,2772,47.9,2.74,-99.8,3.82,1.48,1221,51.4,5.37,-93.1,6.36,2.01,0.665
kr,trend_chase,1d,60,0.2,0.5,60,trail20_TP50_hold60,2772,47.9,2.88,-99.7,3.83,1.5,1221,51.4,5.39,-93.1,6.1,2.02,0.593
kr,trend_chase,1d,60,0.2,,60,trail20_TPoff_hold60,2772,47.9,2.96,-99.7,3.57,1.52,1221,51.4,4.73,-93.1,5.42,1.89,0.518
kr,trend_chase,1d,60,0.25,0.2,60,trail25_TP20_hold60,2772,51.8,2.78,-99.7,4.43,1.5,1221,57.1,5.03,-89.7,7.48,2.04,0.688
kr,trend_chase,1d,60,0.25,0.25,60,trail25_TP25_hold60,2772,50.5,2.81,-99.7,4.27,1.5,1221,56.3,5.63,-91.6,7.73,2.15,0.81
kr,trend_chase,1d,60,0.25,0.3,60,trail25_TP30_hold60,2772,49.7,2.91,-99.9,4.23,1.51,1221,55.3,5.95,-91.8,7.68,2.2,0.816
kr,trend_chase,1d,60,0.25,0.4,60,trail25_TP40_hold60,2772,49.2,2.97,-99.9,4.07,1.52,1221,54.1,6.31,-90.0,7.38,2.26,0.813
kr,trend_chase,1d,60,0.25,0.5,60,trail25_TP50_hold60,2772,49.1,3.11,-99.8,4.07,1.55,1221,53.9,6.51,-90.0,7.2,2.3,0.769
kr,trend_chase,1d,60,0.25,,60,trail25_TPoff_hold60,2772,49.1,3.16,-99.8,3.75,1.55,1221,53.9,6.08,-90.0,6.49,2.21,0.731
kr,trend_chase,1d,60,0.3,0.2,60,trail30_TP20_hold60,2772,51.9,2.85,-99.5,4.53,1.52,1221,57.6,5.17,-89.8,7.69,2.09,0.698
kr,trend_chase,1d,60,0.3,0.25,60,trail30_TP25_hold60,2772,50.8,2.86,-99.5,4.34,1.51,1221,56.8,5.79,-91.7,7.95,2.21,0.832
kr,trend_chase,1d,60,0.3,0.3,60,trail30_TP30_hold60,2772,50.0,2.98,-99.8,4.32,1.53,1221,55.9,6.12,-91.6,7.9,2.27,0.829
kr,trend_chase,1d,60,0.3,0.4,60,trail30_TP40_hold60,2772,49.5,3.05,-99.8,4.16,1.54,1221,55.2,6.59,-90.4,7.68,2.35,0.846
kr,trend_chase,1d,60,0.3,0.5,60,trail30_TP50_hold60,2772,49.4,3.22,-99.7,4.18,1.57,1221,55.0,6.8,-90.4,7.5,2.39,0.794
kr,trend_chase,1d,60,0.3,,60,trail30_TPoff_hold60,2772,49.3,3.2,-99.7,3.81,1.56,1221,55.0,7.12,-90.4,5.6,2.45,0.47
kr,trend_chase,1d,60,0.1,0.2,120,trail10_TP20_hold120,2772,42.5,1.92,-99.7,3.35,1.39,1221,45.2,3.3,-90.9,5.32,1.71,0.588
kr,trend_chase,1d,60,0.1,0.25,120,trail10_TP25_hold120,2772,42.5,2.03,-99.7,3.38,1.41,1221,45.0,3.45,-95.1,5.22,1.74,0.544
kr,trend_chase,1d,60,0.1,0.3,120,trail10_TP30_hold120,2772,42.5,2.26,-99.6,3.57,1.46,1221,44.8,3.52,-95.4,5.08,1.76,0.423
kr,trend_chase,1d,60,0.1,0.4,120,trail10_TP40_hold120,2772,42.5,2.42,-99.6,3.59,1.49,1221,44.8,3.99,-96.0,5.22,1.86,0.454
kr,trend_chase,1d,60,0.1,0.5,120,trail10_TP50_hold120,2772,42.5,2.47,-99.6,3.53,1.5,1221,44.8,4.21,-97.2,5.16,1.9,0.462
kr,trend_chase,1d,60,0.1,,120,trail10_TPoff_hold120,2772,42.5,2.75,-99.7,3.5,1.56,1221,44.8,3.75,-97.2,4.71,1.81,0.346
kr,trend_chase,1d,60,0.15,0.2,120,trail15_TP20_hold120,2772,43.8,2.63,-99.8,3.96,1.42,1221,50.0,4.8,-91.0,6.75,1.85,0.705
kr,trend_chase,1d,60,0.15,0.25,120,trail15_TP25_hold120,2772,43.4,2.98,-99.9,4.21,1.47,1221,48.7,5.18,-94.7,6.75,1.92,0.603
kr,trend_chase,1d,60,0.15,0.3,120,trail15_TP30_hold120,2772,43.4,3.23,-99.9,4.3,1.51,1221,48.4,5.45,-94.4,6.65,1.96,0.547
kr,trend_chase,1d,60,0.15,0.4,120,trail15_TP40_hold120,2772,43.3,3.51,-99.9,4.33,1.56,1221,48.2,6.42,-93.5,6.92,2.13,0.598
kr,trend_chase,1d,60,0.15,0.5,120,trail15_TP50_hold120,2772,43.3,3.78,-99.9,4.38,1.6,1221,48.2,6.76,-94.2,6.76,2.19,0.543
kr,trend_chase,1d,60,0.15,,120,trail15_TPoff_hold120,2772,43.3,4.1,-99.9,4.13,1.65,1221,48.2,6.48,-94.2,5.96,2.14,0.443
kr,trend_chase,1d,60,0.2,0.2,120,trail20_TP20_hold120,2772,51.7,3.27,-99.9,4.55,1.47,1221,61.2,6.84,-96.5,9.13,2.23,1.007
kr,trend_chase,1d,60,0.2,0.25,120,trail20_TP25_hold120,2772,48.0,3.7,-99.9,4.78,1.52,1221,57.2,7.54,-98.1,9.18,2.31,0.921
kr,trend_chase,1d,60,0.2,0.3,120,trail20_TP30_hold120,2772,46.8,4.0,-99.9,4.87,1.56,1221,55.0,8.01,-98.0,9.04,2.38,0.856
kr,trend_chase,1d,60,0.2,0.4,120,trail20_TP40_hold120,2772,46.5,4.34,-100.0,4.85,1.61,1221,53.9,9.02,-97.7,8.95,2.55,0.845
kr,trend_chase,1d,60,0.2,0.5,120,trail20_TP50_hold120,2772,46.5,4.75,-100.0,4.95,1.67,1221,53.9,9.72,-97.9,8.84,2.67,0.786
kr,trend_chase,1d,60,0.2,,120,trail20_TPoff_hold120,2772,46.5,5.45,-100.0,4.62,1.76,1221,53.9,9.45,-97.9,7.2,2.62,0.558
kr,trend_chase,1d,60,0.25,0.2,120,trail25_TP20_hold120,2772,55.2,3.6,-99.8,4.81,1.5,1221,66.0,8.06,-96.7,10.66,2.55,1.216
kr,trend_chase,1d,60,0.25,0.25,120,trail25_TP25_hold120,2772,52.2,4.11,-99.9,5.1,1.56,1221,63.7,9.18,-98.0,10.99,2.7,1.155
kr,trend_chase,1d,60,0.25,0.3,120,trail25_TP30_hold120,2772,50.2,4.44,-99.9,5.18,1.59,1221,61.7,10.2,-97.9,11.12,2.84,1.147
kr,trend_chase,1d,60,0.25,0.4,120,trail25_TP40_hold120,2772,48.3,4.86,-99.9,5.18,1.64,1221,59.6,11.61,-97.6,11.03,3.06,1.129
kr,trend_chase,1d,60,0.25,0.5,120,trail25_TP50_hold120,2772,48.2,5.24,-99.9,5.22,1.69,1221,59.5,12.78,-97.9,11.01,3.27,1.109
kr,trend_chase,1d,60,0.25,,120,trail25_TPoff_hold120,2772,48.1,5.97,-99.9,4.89,1.79,1221,59.5,13.14,-97.2,9.04,3.33,0.849
kr,trend_chase,1d,60,0.3,0.2,120,trail30_TP20_hold120,2772,56.1,3.71,-99.9,4.88,1.52,1221,67.8,8.51,-97.4,11.21,2.7,1.297
kr,trend_chase,1d,60,0.3,0.25,120,trail30_TP25_hold120,2772,53.5,4.19,-99.9,5.12,1.57,1221,66.0,9.75,-98.4,11.63,2.88,1.271
kr,trend_chase,1d,60,0.3,0.3,120,trail30_TP30_hold120,2772,51.9,4.55,-99.9,5.22,1.6,1221,64.6,10.91,-98.5,11.83,3.04,1.266
kr,trend_chase,1d,60,0.3,0.4,120,trail30_TP40_hold120,2772,50.1,5.04,-99.9,5.27,1.65,1221,63.0,12.59,-98.3,11.87,3.3,1.252
kr,trend_chase,1d,60,0.3,0.5,120,trail30_TP50_hold120,2772,49.5,5.45,-99.9,5.33,1.71,1221,62.7,13.92,-98.5,11.86,3.54,1.225
kr,trend_chase,1d,60,0.3,,120,trail30_TPoff_hold120,2772,49.4,6.12,-100.0,4.93,1.79,1221,62.7,16.74,-97.9,7.95,4.05,0.613
kr,trend_chase,1d,60,0.1,0.2,252,trail10_TP20_hold252,2772,42.8,1.93,-100.0,3.17,1.38,1221,46.4,4.14,-90.1,6.86,2.0,1.164
kr,trend_chase,1d,60,0.1,0.25,252,trail10_TP25_hold252,2772,42.8,2.04,-100.0,3.22,1.4,1221,46.2,4.31,-93.1,6.66,2.04,1.068
kr,trend_chase,1d,60,0.1,0.3,252,trail10_TP30_hold252,2772,42.8,2.3,-100.0,3.44,1.45,1221,45.9,4.4,-93.5,6.45,2.06,0.875
kr,trend_chase,1d,60,0.1,0.4,252,trail10_TP40_hold252,2772,42.8,2.4,-100.0,3.4,1.47,1221,45.9,4.85,-94.5,6.43,2.17,0.891
kr,trend_chase,1d,60,0.1,0.5,252,trail10_TP50_hold252,2772,42.8,2.41,-100.0,3.31,1.47,1221,45.9,5.12,-96.1,6.31,2.24,0.906
kr,trend_chase,1d,60,0.1,,252,trail10_TPoff_hold252,2772,42.8,2.68,-100.0,3.27,1.52,1221,45.9,4.94,-96.1,5.75,2.19,0.758
kr,trend_chase,1d,60,0.15,0.2,252,trail15_TP20_hold252,2772,42.6,2.78,-100.0,3.91,1.41,1221,51.0,6.06,-95.2,8.57,2.15,1.192
kr,trend_chase,1d,60,0.15,0.25,252,trail15_TP25_hold252,2772,42.0,3.18,-100.0,4.18,1.47,1221,49.7,6.63,-97.4,8.55,2.26,1.045
kr,trend_chase,1d,60,0.15,0.3,252,trail15_TP30_hold252,2772,41.9,3.55,-100.0,4.39,1.52,1221,49.4,7.21,-97.2,8.56,2.37,0.95
kr,trend_chase,1d,60,0.15,0.4,252,trail15_TP40_hold252,2772,41.9,3.7,-100.0,4.24,1.55,1221,49.2,8.36,-97.0,8.65,2.58,1.04
kr,trend_chase,1d,60,0.15,0.5,252,trail15_TP50_hold252,2772,41.8,3.92,-100.0,4.24,1.58,1221,49.2,8.88,-97.3,8.42,2.68,0.986
kr,trend_chase,1d,60,0.15,,252,trail15_TPoff_hold252,2772,41.8,4.06,-100.0,3.85,1.6,1221,49.2,9.27,-97.3,7.26,2.75,0.886
kr,trend_chase,1d,60,0.2,0.2,252,trail20_TP20_hold252,2772,51.0,3.57,-100.0,4.52,1.45,1221,64.5,9.17,-98.7,12.13,2.76,1.684
kr,trend_chase,1d,60,0.2,0.25,252,trail20_TP25_hold252,2772,45.7,4.1,-100.0,4.81,1.5,1221,59.5,10.42,-99.4,12.33,2.91,1.563
kr,trend_chase,1d,60,0.2,0.3,252,trail20_TP30_hold252,2772,44.0,4.61,-100.0,5.05,1.56,1221,56.8,11.52,-99.4,12.32,3.09,1.44
kr,trend_chase,1d,60,0.2,0.4,252,trail20_TP40_hold252,2772,43.7,4.93,-100.0,4.93,1.6,1221,55.6,13.23,-99.4,12.16,3.39,1.467
kr,trend_chase,1d,60,0.2,0.5,252,trail20_TP50_hold252,2772,43.6,5.25,-100.0,4.9,1.64,1221,55.6,14.55,-99.5,11.95,3.63,1.439
kr,trend_chase,1d,60,0.2,,252,trail20_TPoff_hold252,2772,43.6,5.58,-100.0,4.17,1.68,1221,55.6,16.61,-99.5,9.69,4.0,1.324
kr,trend_chase,1d,60,0.25,0.2,252,trail25_TP20_hold252,2772,55.7,3.65,-100.0,4.3,1.41,1221,72.2,11.23,-98.5,14.81,3.38,2.444
kr,trend_chase,1d,60,0.25,0.25,252,trail25_TP25_hold252,2772,51.1,4.27,-100.0,4.64,1.46,1221,69.4,13.2,-98.7,15.47,3.64,2.334
kr,trend_chase,1d,60,0.25,0.3,252,trail25_TP30_hold252,2772,47.0,4.78,-100.0,4.84,1.5,1221,66.8,15.24,-98.9,15.9,3.95,2.285
kr,trend_chase,1d,60,0.25,0.4,252,trail25_TP40_hold252,2772,43.1,5.19,-100.0,4.76,1.54,1221,63.3,18.13,-98.9,15.88,4.43,2.336
kr,trend_chase,1d,60,0.25,0.5,252,trail25_TP50_hold252,2772,42.9,5.55,-100.0,4.73,1.58,1221,63.0,20.76,-99.1,15.87,4.92,2.355
kr,trend_chase,1d,60,0.25,,252,trail25_TPoff_hold252,2772,42.8,6.72,-100.0,4.27,1.7,1221,63.0,29.37,-97.6,11.21,6.55,1.625
kr,trend_chase,1d,60,0.3,0.2,252,trail30_TP20_hold252,2772,58.1,3.51,-100.0,3.94,1.37,1221,75.5,12.21,-98.7,15.99,3.71,3.058
kr,trend_chase,1d,60,0.3,0.25,252,trail30_TP25_hold252,2772,54.1,4.15,-100.0,4.3,1.42,1221,73.1,14.34,-98.8,16.72,3.99,2.888
kr,trend_chase,1d,60,0.3,0.3,252,trail30_TP30_hold252,2772,50.6,4.73,-100.0,4.55,1.46,1221,71.3,16.72,-99.1,17.32,4.36,2.807
kr,trend_chase,1d,60,0.3,0.4,252,trail30_TP40_hold252,2772,45.3,5.16,-100.0,4.48,1.48,1221,68.2,20.25,-99.1,17.59,4.9,2.926
kr,trend_chase,1d,60,0.3,0.5,252,trail30_TP50_hold252,2772,43.5,5.57,-100.0,4.5,1.52,1221,67.3,23.45,-99.3,17.69,5.5,2.931
kr,trend_chase,1d,60,0.3,,252,trail30_TPoff_hold252,2772,43.3,6.86,-100.0,3.91,1.64,1221,67.3,43.01,-98.1,8.09,9.26,1.069
us,trend_chase,1d,60,0.1,0.2,60,trail10_TP20_hold60,1297,47.4,2.06,-90.3,2.87,1.5,883,55.0,3.72,-69.0,6.02,2.03,1.098
us,trend_chase,1d,60,0.1,0.25,60,trail10_TP25_hold60,1297,47.4,2.1,-91.7,2.82,1.51,883,54.9,3.78,-71.9,5.86,2.05,1.078
us,trend_chase,1d,60,0.1,0.3,60,trail10_TP30_hold60,1297,47.4,2.22,-92.0,2.88,1.54,883,54.9,4.06,-71.9,5.97,2.13,1.073
us,trend_chase,1d,60,0.1,0.4,60,trail10_TP40_hold60,1297,47.4,2.41,-92.2,2.99,1.59,883,54.9,4.28,-71.9,5.98,2.19,1.0
us,trend_chase,1d,60,0.1,0.5,60,trail10_TP50_hold60,1297,47.4,2.31,-92.4,2.88,1.56,883,54.9,4.42,-71.9,5.99,2.23,1.08
us,trend_chase,1d,60,0.1,,60,trail10_TPoff_hold60,1297,47.4,2.31,-92.4,2.85,1.56,883,54.9,4.59,-71.9,5.84,2.27,1.049
us,trend_chase,1d,60,0.15,0.2,60,trail15_TP20_hold60,1297,53.3,2.54,-90.5,3.2,1.53,883,58.1,4.29,-70.6,6.34,2.04,0.981
us,trend_chase,1d,60,0.15,0.25,60,trail15_TP25_hold60,1297,53.2,2.79,-90.0,3.32,1.58,883,57.5,4.44,-73.6,6.24,2.07,0.88
us,trend_chase,1d,60,0.15,0.3,60,trail15_TP30_hold60,1297,53.2,2.93,-89.4,3.38,1.62,883,57.5,4.85,-73.6,6.44,2.17,0.905
us,trend_chase,1d,60,0.15,0.4,60,trail15_TP40_hold60,1297,53.2,3.16,-91.0,3.4,1.66,883,57.5,5.12,-73.6,6.41,2.24,0.885
us,trend_chase,1d,60,0.15,0.5,60,trail15_TP50_hold60,1297,53.2,3.1,-92.4,3.24,1.65,883,57.5,5.29,-73.6,6.41,2.28,0.978
us,trend_chase,1d,60,0.15,,60,trail15_TPoff_hold60,1297,53.2,3.01,-92.4,3.11,1.63,883,57.5,5.41,-73.6,6.25,2.31,1.01
us,trend_chase,1d,60,0.2,0.2,60,trail20_TP20_hold60,1297,57.4,2.94,-89.9,3.55,1.61,883,61.9,4.54,-86.2,6.38,2.05,0.797
us,trend_chase,1d,60,0.2,0.25,60,trail20_TP25_hold60,1297,56.7,3.2,-91.0,3.66,1.66,883,60.4,4.6,-86.2,6.14,2.04,0.678
us,trend_chase,1d,60,0.2,0.3,60,trail20_TP30_hold60,1297,56.7,3.36,-91.5,3.71,1.69,883,60.4,5.07,-86.2,6.38,2.14,0.72
us,trend_chase,1d,60,0.2,0.4,60,trail20_TP40_hold60,1297,56.6,3.57,-93.0,3.7,1.73,883,60.4,5.4,-86.2,6.41,2.22,0.732
us,trend_chase,1d,60,0.2,0.5,60,trail20_TP50_hold60,1297,56.6,3.62,-92.9,3.61,1.74,883,60.4,5.64,-86.2,6.45,2.27,0.787
us,trend_chase,1d,60,0.2,,60,trail20_TPoff_hold60,1297,56.6,3.47,-94.1,3.45,1.71,883,60.4,5.77,-86.2,6.3,2.3,0.826
us,trend_chase,1d,60,0.25,0.2,60,trail25_TP20_hold60,1297,58.2,2.97,-90.0,3.5,1.61,883,62.3,4.55,-87.6,6.27,2.04,0.791
us,trend_chase,1d,60,0.25,0.25,60,trail25_TP25_hold60,1297,57.7,3.21,-91.7,3.59,1.65,883,61.2,4.64,-87.6,6.07,2.03,0.691
us,trend_chase,1d,60,0.25,0.3,60,trail25_TP30_hold60,1297,57.4,3.41,-91.3,3.69,1.69,883,61.0,5.11,-87.6,6.32,2.13,0.713
us,trend_chase,1d,60,0.25,0.4,60,trail25_TP40_hold60,1297,57.1,3.62,-93.7,3.67,1.73,883,60.6,5.41,-87.6,6.32,2.2,0.722
us,trend_chase,1d,60,0.25,0.5,60,trail25_TP50_hold60,1297,57.1,3.72,-93.6,3.62,1.75,883,60.6,5.65,-87.6,6.37,2.25,0.76
us,trend_chase,1d,60,0.25,,60,trail25_TPoff_hold60,1297,57.1,3.67,-91.4,3.47,1.74,883,60.6,5.81,-87.6,6.22,2.28,0.793
us,trend_chase,1d,60,0.3,0.2,60,trail30_TP20_hold60,1297,58.4,3.0,-91.8,3.49,1.61,883,63.1,4.73,-85.7,6.5,2.11,0.862
us,trend_chase,1d,60,0.3,0.25,60,trail30_TP25_hold60,1297,57.8,3.23,-93.3,3.57,1.65,883,61.9,4.8,-85.7,6.24,2.09,0.748
us,trend_chase,1d,60,0.3,0.3,60,trail30_TP30_hold60,1297,57.6,3.41,-93.9,3.64,1.68,883,61.8,5.27,-87.0,6.49,2.19,0.783
us,trend_chase,1d,60,0.3,0.4,60,trail30_TP40_hold60,1297,57.2,3.61,-94.1,3.62,1.72,883,61.4,5.54,-87.0,6.43,2.24,0.776
us,trend_chase,1d,60,0.3,0.5,60,trail30_TP50_hold60,1297,57.2,3.72,-94.1,3.58,1.74,883,61.4,5.78,-87.0,6.48,2.29,0.81
us,trend_chase,1d,60,0.3,,60,trail30_TPoff_hold60,1297,57.2,3.61,-94.1,3.39,1.72,883,61.4,5.93,-87.0,6.33,2.33,0.867
us,trend_chase,1d,60,0.1,0.2,120,trail10_TP20_hold120,1297,45.4,2.42,-91.3,3.06,1.56,883,52.3,4.48,-71.0,6.62,2.19,1.163
us,trend_chase,1d,60,0.1,0.25,120,trail10_TP25_hold120,1297,45.3,2.44,-92.2,2.96,1.56,883,52.0,4.6,-71.6,6.42,2.22,1.169
us,trend_chase,1d,60,0.1,0.3,120,trail10_TP30_hold120,1297,45.2,2.67,-94.3,3.06,1.61,883,52.0,4.92,-68.9,6.46,2.3,1.111
us,trend_chase,1d,60,0.1,0.4,120,trail10_TP40_hold120,1297,45.2,2.98,-94.4,3.21,1.68,883,52.0,5.43,-71.1,6.51,2.44,1.028
us,trend_chase,1d,60,0.1,0.5,120,trail10_TP50_hold120,1297,45.2,2.88,-94.9,3.08,1.66,883,52.0,5.72,-71.5,6.49,2.51,1.107
us,trend_chase,1d,60,0.1,,120,trail10_TPoff_hold120,1297,45.2,2.85,-94.9,2.99,1.65,883,52.0,6.36,-71.5,5.59,2.69,0.87
us,trend_chase,1d,60,0.15,0.2,120,trail15_TP20_hold120,1297,48.9,3.41,-92.5,3.7,1.62,883,53.0,4.9,-78.9,6.35,1.99,0.716
us,trend_chase,1d,60,0.15,0.25,120,trail15_TP25_hold120,1297,48.3,3.84,-92.5,3.86,1.69,883,51.8,5.31,-82.1,6.35,2.07,0.645
us,trend_chase,1d,60,0.15,0.3,120,trail15_TP30_hold120,1297,48.3,4.11,-94.6,3.93,1.74,883,51.5,5.88,-82.8,6.54,2.18,0.664
us,trend_chase,1d,60,0.15,0.4,120,trail15_TP40_hold120,1297,48.2,4.52,-97.4,3.99,1.81,883,51.4,6.59,-82.2,6.65,2.32,0.667
us,trend_chase,1d,60,0.15,0.5,120,trail15_TP50_hold120,1297,48.2,4.47,-98.7,3.8,1.8,883,51.4,6.97,-85.7,6.66,2.39,0.753
us,trend_chase,1d,60,0.15,,120,trail15_TPoff_hold120,1297,48.2,4.44,-99.0,3.65,1.8,883,51.3,7.96,-87.6,5.97,2.59,0.636
us,trend_chase,1d,60,0.2,0.2,120,trail20_TP20_hold120,1297,57.1,4.11,-95.0,4.14,1.67,883,59.3,5.26,-87.6,6.24,1.92,0.507
us,trend_chase,1d,60,0.2,0.25,120,trail20_TP25_hold120,1297,54.1,4.59,-94.4,4.28,1.74,883,56.1,5.66,-91.0,6.18,1.96,0.444
us,trend_chase,1d,60,0.2,0.3,120,trail20_TP30_hold120,1297,53.4,4.84,-95.2,4.3,1.78,883,54.8,6.36,-92.9,6.47,2.08,0.505
us,trend_chase,1d,60,0.2,0.4,120,trail20_TP40_hold120,1297,53.0,5.2,-95.1,4.28,1.83,883,54.7,7.51,-91.6,6.87,2.27,0.605
us,trend_chase,1d,60,0.2,0.5,120,trail20_TP50_hold120,1297,53.0,5.29,-95.8,4.15,1.84,883,54.7,8.18,-93.5,7.01,2.38,0.689
us,trend_chase,1d,60,0.2,,120,trail20_TPoff_hold120,1297,53.0,5.56,-96.5,3.8,1.89,883,54.5,10.34,-95.0,6.26,2.74,0.647
us,trend_chase,1d,60,0.25,0.2,120,trail25_TP20_hold120,1297,60.8,4.34,-96.3,4.2,1.69,883,62.5,5.51,-92.0,6.26,1.93,0.49
us,trend_chase,1d,60,0.25,0.25,120,trail25_TP25_hold120,1297,58.1,4.78,-96.1,4.28,1.73,883,59.9,5.98,-96.0,6.26,1.96,0.463
us,trend_chase,1d,60,0.25,0.3,120,trail25_TP30_hold120,1297,56.6,5.06,-97.6,4.31,1.76,883,59.0,6.79,-97.0,6.63,2.08,0.538
us,trend_chase,1d,60,0.25,0.4,120,trail25_TP40_hold120,1297,55.3,5.45,-97.7,4.31,1.82,883,58.1,8.17,-96.4,7.14,2.3,0.657
us,trend_chase,1d,60,0.25,0.5,120,trail25_TP50_hold120,1297,55.2,5.57,-97.9,4.2,1.83,883,58.1,8.91,-97.4,7.28,2.41,0.733
us,trend_chase,1d,60,0.25,,120,trail25_TPoff_hold120,1297,55.2,5.86,-97.0,3.86,1.88,883,57.9,11.55,-98.1,6.53,2.83,0.692
us,trend_chase,1d,60,0.3,0.2,120,trail30_TP20_hold120,1297,62.1,4.5,-97.0,4.26,1.72,883,64.1,5.82,-95.7,6.42,1.98,0.507
us,trend_chase,1d,60,0.3,0.25,120,trail30_TP25_hold120,1297,59.6,4.95,-96.6,4.34,1.76,883,61.8,6.3,-98.3,6.4,2.01,0.475
us,trend_chase,1d,60,0.3,0.3,120,trail30_TP30_hold120,1297,58.3,5.23,-97.8,4.36,1.78,883,61.2,7.14,-98.9,6.79,2.12,0.557
us,trend_chase,1d,60,0.3,0.4,120,trail30_TP40_hold120,1297,56.9,5.58,-97.2,4.32,1.82,883,60.1,8.43,-98.7,7.2,2.3,0.667
us,trend_chase,1d,60,0.3,0.5,120,trail30_TP50_hold120,1297,56.4,5.73,-97.6,4.23,1.84,883,59.7,9.15,-99.1,7.33,2.41,0.733
us,trend_chase,1d,60,0.3,,120,trail30_TPoff_hold120,1297,56.4,5.89,-97.5,3.86,1.87,883,59.5,11.85,-99.4,6.62,2.82,0.715
us,trend_chase,1d,60,0.1,0.2,252,trail10_TP20_hold252,1297,45.4,2.93,-94.7,3.63,1.7,883,52.4,4.86,-71.9,7.12,2.33,0.961
us,trend_chase,1d,60,0.1,0.25,252,trail10_TP25_hold252,1297,45.3,2.99,-95.7,3.51,1.71,883,52.1,5.08,-72.2,6.95,2.39,0.98
us,trend_chase,1d,60,0.1,0.3,252,trail10_TP30_hold252,1297,45.2,3.31,-96.0,3.65,1.79,883,52.1,5.42,-71.9,6.94,2.48,0.901
us,trend_chase,1d,60,0.1,0.4,252,trail10_TP40_hold252,1297,45.2,3.62,-96.5,3.72,1.86,883,52.1,5.85,-71.9,6.85,2.6,0.841
us,trend_chase,1d,60,0.1,0.5,252,trail10_TP50_hold252,1297,45.2,3.57,-96.5,3.59,1.85,883,52.1,6.21,-72.1,6.8,2.7,0.894
us,trend_chase,1d,60,0.1,,252,trail10_TPoff_hold252,1297,45.2,3.4,-96.5,3.36,1.81,883,52.1,6.81,-72.1,5.91,2.86,0.759
us,trend_chase,1d,60,0.15,0.2,252,trail15_TP20_hold252,1297,46.9,4.04,-95.5,4.2,1.71,883,51.5,5.38,-82.8,6.77,2.07,0.612
us,trend_chase,1d,60,0.15,0.25,252,trail15_TP25_hold252,1297,46.3,4.55,-95.2,4.35,1.8,883,50.1,5.86,-88.3,6.73,2.15,0.547
us,trend_chase,1d,60,0.15,0.3,252,trail15_TP30_hold252,1297,46.0,5.0,-95.2,4.48,1.88,883,49.7,6.56,-88.7,6.94,2.28,0.549
us,trend_chase,1d,60,0.15,0.4,252,trail15_TP40_hold252,1297,45.7,5.55,-96.1,4.48,1.98,883,49.6,7.43,-89.1,7.0,2.45,0.562
us,trend_chase,1d,60,0.15,0.5,252,trail15_TP50_hold252,1297,45.7,5.71,-96.1,4.34,2.0,883,49.6,7.93,-89.7,6.94,2.55,0.599
us,trend_chase,1d,60,0.15,,252,trail15_TPoff_hold252,1297,45.7,5.76,-98.5,3.89,2.01,883,49.5,9.63,-89.8,5.96,2.88,0.532
us,trend_chase,1d,60,0.2,0.2,252,trail20_TP20_hold252,1297,56.2,5.26,-93.3,4.94,1.8,883,58.7,5.98,-91.2,6.75,1.98,0.366
us,trend_chase,1d,60,0.2,0.25,252,trail20_TP25_hold252,1297,50.2,5.89,-95.9,5.04,1.87,883,52.7,6.43,-95.0,6.58,2.0,0.306
us,trend_chase,1d,60,0.2,0.3,252,trail20_TP30_hold252,1297,48.2,6.53,-95.1,5.18,1.96,883,49.9,7.21,-95.6,6.79,2.11,0.311
us,trend_chase,1d,60,0.2,0.4,252,trail20_TP40_hold252,1297,47.6,7.36,-97.2,5.22,2.07,883,49.6,8.51,-93.2,7.08,2.31,0.356
us,trend_chase,1d,60,0.2,0.5,252,trail20_TP50_hold252,1297,47.6,7.99,-97.1,5.22,2.16,883,49.6,9.48,-95.3,7.22,2.46,0.383
us,trend_chase,1d,60,0.2,,252,trail20_TPoff_hold252,1297,47.6,9.24,-97.1,4.41,2.35,883,49.4,14.56,-96.7,6.23,3.24,0.413
us,trend_chase,1d,60,0.25,0.2,252,trail25_TP20_hold252,1297,63.0,5.88,-94.4,5.17,1.83,883,63.3,6.35,-98.4,6.73,1.97,0.302
us,trend_chase,1d,60,0.25,0.25,252,trail25_TP25_hold252,1297,58.2,6.7,-97.4,5.34,1.89,883,58.7,7.05,-99.1,6.78,2.01,0.27
us,trend_chase,1d,60,0.25,0.3,252,trail25_TP30_hold252,1297,54.4,7.28,-96.9,5.39,1.94,883,55.6,7.85,-99.3,6.95,2.09,0.289
us,trend_chase,1d,60,0.25,0.4,252,trail25_TP40_hold252,1297,51.5,8.41,-98.5,5.55,2.07,883,53.2,9.49,-98.8,7.4,2.3,0.333
us,trend_chase,1d,60,0.25,0.5,252,trail25_TP50_hold252,1297,51.1,8.93,-98.5,5.45,2.13,883,53.2,10.68,-99.3,7.59,2.46,0.393
us,trend_chase,1d,60,0.25,,252,trail25_TPoff_hold252,1297,51.0,11.41,-98.5,4.57,2.44,883,53.0,18.86,-99.5,6.41,3.58,0.403
us,trend_chase,1d,60,0.3,0.2,252,trail30_TP20_hold252,1297,66.5,6.45,-98.6,5.45,1.9,883,67.3,7.12,-99.2,7.28,2.09,0.336
us,trend_chase,1d,60,0.3,0.25,252,trail30_TP25_hold252,1297,62.5,7.35,-99.0,5.64,1.96,883,63.0,7.85,-99.7,7.24,2.1,0.284
us,trend_chase,1d,60,0.3,0.3,252,trail30_TP30_hold252,1297,59.4,8.1,-97.8,5.74,2.01,883,60.6,8.81,-99.8,7.45,2.18,0.298
us,trend_chase,1d,60,0.3,0.4,252,trail30_TP40_hold252,1297,56.1,9.35,-98.0,5.91,2.13,883,57.8,10.52,-99.7,7.85,2.36,0.328
us,trend_chase,1d,60,0.3,0.5,252,trail30_TP50_hold252,1297,54.7,10.04,-98.3,5.85,2.2,883,56.4,11.88,-99.8,8.05,2.53,0.376
us,trend_chase,1d,60,0.3,,252,trail30_TPoff_hold252,1297,54.5,12.46,-98.4,4.93,2.49,883,56.1,20.88,-99.9,6.8,3.68,0.379
kr,quiet_bottom,1w,binary,0.1,0.2,13,trail10_TP20_hold13,370,54.3,7.0,-82.8,3.48,2.47,242,43.4,4.5,-87.2,2.13,1.66,-0.388
kr,quiet_bottom,1w,binary,0.1,0.25,13,trail10_TP25_hold13,370,54.1,7.59,-81.1,3.57,2.6,242,42.6,4.56,-88.5,2.07,1.67,-0.42
kr,quiet_bottom,1w,binary,0.1,0.3,13,trail10_TP30_hold13,370,54.1,7.95,-81.5,3.55,2.67,242,42.1,4.54,-88.5,2.04,1.67,-0.425
kr,quiet_bottom,1w,binary,0.1,0.4,13,trail10_TP40_hold13,370,53.8,8.9,-83.4,3.61,2.87,242,42.1,4.66,-88.5,2.02,1.69,-0.44
kr,quiet_bottom,1w,binary,0.1,0.5,13,trail10_TP50_hold13,370,53.8,9.31,-83.4,3.59,2.95,242,42.1,4.81,-88.3,2.03,1.71,-0.435
kr,quiet_bottom,1w,binary,0.1,,13,trail10_TPoff_hold13,370,53.8,10.53,-85.7,3.19,3.21,242,42.1,4.41,-88.3,1.71,1.65,-0.464
kr,quiet_bottom,1w,binary,0.15,0.2,13,trail15_TP20_hold13,370,60.0,8.7,-88.2,4.14,2.8,242,48.8,5.74,-90.6,2.56,1.77,-0.382
kr,quiet_bottom,1w,binary,0.15,0.25,13,trail15_TP25_hold13,370,59.2,9.34,-86.9,4.22,2.93,242,46.7,6.16,-92.6,2.58,1.82,-0.389
kr,quiet_bottom,1w,binary,0.15,0.3,13,trail15_TP30_hold13,370,59.2,9.88,-85.4,4.22,3.04,242,46.3,6.35,-92.6,2.59,1.85,-0.386
kr,quiet_bottom,1w,binary,0.15,0.4,13,trail15_TP40_hold13,370,58.9,10.93,-86.4,4.26,3.25,242,46.3,6.38,-91.7,2.5,1.85,-0.413
kr,quiet_bottom,1w,binary,0.15,0.5,13,trail15_TP50_hold13,370,58.9,11.42,-86.3,4.19,3.35,242,46.3,6.26,-91.1,2.42,1.84,-0.422
kr,quiet_bottom,1w,binary,0.15,,13,trail15_TPoff_hold13,370,58.9,12.09,-86.3,3.62,3.49,242,46.3,6.2,-91.2,2.07,1.83,-0.428
kr,quiet_bottom,1w,binary,0.2,0.2,13,trail20_TP20_hold13,370,63.8,9.11,-84.7,4.34,2.93,242,54.1,6.68,-90.5,2.97,1.93,-0.316
kr,quiet_bottom,1w,binary,0.2,0.25,13,trail20_TP25_hold13,370,62.2,9.68,-83.1,4.37,3.02,242,50.8,6.96,-92.5,2.9,1.94,-0.336
kr,quiet_bottom,1w,binary,0.2,0.3,13,trail20_TP30_hold13,370,61.6,10.18,-83.1,4.33,3.1,242,50.4,7.24,-92.4,2.94,1.98,-0.321
kr,quiet_bottom,1w,binary,0.2,0.4,13,trail20_TP40_hold13,370,60.8,11.21,-83.0,4.34,3.3,242,50.0,7.65,-90.8,2.92,2.04,-0.327
kr,quiet_bottom,1w,binary,0.2,0.5,13,trail20_TP50_hold13,370,60.8,11.62,-83.0,4.24,3.38,242,50.0,7.91,-90.5,2.89,2.07,-0.318
kr,quiet_bottom,1w,binary,0.2,,13,trail20_TPoff_hold13,370,60.8,13.17,-86.1,3.69,3.7,242,50.0,8.85,-90.8,2.62,2.2,-0.29
kr,quiet_bottom,1w,binary,0.25,0.2,13,trail25_TP20_hold13,370,64.3,9.34,-85.3,4.43,3.01,242,56.6,7.14,-91.0,3.17,2.02,-0.284
kr,quiet_bottom,1w,binary,0.25,0.25,13,trail25_TP25_hold13,370,63.0,9.96,-83.8,4.48,3.12,242,53.7,7.44,-95.2,3.09,2.02,-0.31
kr,quiet_bottom,1w,binary,0.25,0.3,13,trail25_TP30_hold13,370,62.2,10.42,-83.6,4.43,3.18,242,52.9,7.8,-95.2,3.15,2.06,-0.289
kr,quiet_bottom,1w,binary,0.25,0.4,13,trail25_TP40_hold13,370,60.8,11.33,-83.6,4.38,3.34,242,52.1,8.28,-94.6,3.14,2.12,-0.283
kr,quiet_bottom,1w,binary,0.25,0.5,13,trail25_TP50_hold13,370,60.8,11.74,-83.6,4.28,3.43,242,52.1,8.56,-94.2,3.11,2.16,-0.273
kr,quiet_bottom,1w,binary,0.25,,13,trail25_TPoff_hold13,370,60.8,13.34,-85.1,3.72,3.76,242,52.1,9.27,-94.3,2.74,2.25,-0.263
kr,quiet_bottom,1w,binary,0.3,0.2,13,trail30_TP20_hold13,370,64.3,9.38,-86.6,4.46,3.03,242,57.4,7.49,-89.3,3.32,2.09,-0.256
kr,quiet_bottom,1w,binary,0.3,0.25,13,trail30_TP25_hold13,370,63.0,10.01,-85.2,4.51,3.15,242,54.5,7.89,-94.4,3.27,2.11,-0.275
kr,quiet_bottom,1w,binary,0.3,0.3,13,trail30_TP30_hold13,370,62.4,10.5,-85.0,4.47,3.22,242,54.1,8.35,-94.4,3.37,2.17,-0.246
kr,quiet_bottom,1w,binary,0.3,0.4,13,trail30_TP40_hold13,370,61.4,11.51,-85.0,4.45,3.39,242,53.3,8.79,-93.6,3.33,2.22,-0.252
kr,quiet_bottom,1w,binary,0.3,0.5,13,trail30_TP50_hold13,370,61.4,11.97,-85.0,4.36,3.49,242,53.3,9.07,-93.1,3.3,2.26,-0.243
kr,quiet_bottom,1w,binary,0.3,,13,trail30_TPoff_hold13,370,61.4,13.78,-85.0,3.81,3.87,242,53.3,9.75,-93.2,2.89,2.35,-0.241
kr,quiet_bottom,1w,binary,0.1,0.2,26,trail10_TP20_hold26,370,58.4,9.57,-88.8,4.45,3.13,242,43.8,5.16,-87.4,2.33,1.74,-0.476
kr,quiet_bottom,1w,binary,0.1,0.25,26,trail10_TP25_hold26,370,58.1,10.61,-88.8,4.59,3.36,242,43.0,5.56,-89.7,2.39,1.8,-0.479
kr,quiet_bottom,1w,binary,0.1,0.3,26,trail10_TP30_hold26,370,58.1,11.29,-91.8,4.56,3.51,242,42.6,5.58,-89.7,2.36,1.8,-0.482
kr,quiet_bottom,1w,binary,0.1,0.4,26,trail10_TP40_hold26,370,57.8,11.9,-91.8,4.45,3.64,242,42.6,5.59,-87.1,2.29,1.8,-0.485
kr,quiet_bottom,1w,binary,0.1,0.5,26,trail10_TP50_hold26,370,57.8,12.64,-91.8,4.4,3.8,242,42.6,5.29,-87.1,2.16,1.76,-0.509
kr,quiet_bottom,1w,binary,0.1,,26,trail10_TPoff_hold26,370,57.8,15.84,-92.6,3.86,4.51,242,42.6,6.51,-89.4,1.87,1.94,-0.516
kr,quiet_bottom,1w,binary,0.15,0.2,26,trail15_TP20_hold26,370,64.3,12.29,-92.1,5.4,3.52,242,46.7,6.27,-92.2,2.63,1.79,-0.513
kr,quiet_bottom,1w,binary,0.15,0.25,26,trail15_TP25_hold26,370,62.7,13.77,-92.1,5.58,3.81,242,43.4,6.96,-95.3,2.73,1.87,-0.511
kr,quiet_bottom,1w,binary,0.15,0.3,26,trail15_TP30_hold26,370,62.7,14.84,-92.8,5.59,4.03,242,43.0,7.12,-95.3,2.73,1.89,-0.512
kr,quiet_bottom,1w,binary,0.15,0.4,26,trail15_TP40_hold26,370,62.4,16.3,-92.1,5.56,4.32,242,43.0,7.35,-94.2,2.68,1.92,-0.518
kr,quiet_bottom,1w,binary,0.15,0.5,26,trail15_TP50_hold26,370,62.4,17.5,-92.1,5.46,4.56,242,43.0,6.71,-94.2,2.44,1.84,-0.553
kr,quiet_bottom,1w,binary,0.15,,26,trail15_TPoff_hold26,370,62.4,19.66,-94.5,4.59,5.0,242,43.0,7.45,-95.4,1.97,1.93,-0.571
kr,quiet_bottom,1w,binary,0.2,0.2,26,trail20_TP20_hold26,370,71.6,13.82,-94.3,6.03,3.87,242,53.7,8.09,-90.7,3.3,2.03,-0.453
kr,quiet_bottom,1w,binary,0.2,0.25,26,trail20_TP25_hold26,370,68.4,15.25,-94.3,6.08,4.07,242,49.6,8.88,-94.0,3.37,2.1,-0.446
kr,quiet_bottom,1w,binary,0.2,0.3,26,trail20_TP30_hold26,370,67.8,16.63,-95.4,6.14,4.31,242,49.2,9.5,-94.0,3.47,2.18,-0.435
kr,quiet_bottom,1w,binary,0.2,0.4,26,trail20_TP40_hold26,370,66.8,18.71,-94.8,6.18,4.68,242,48.8,10.08,-92.5,3.45,2.25,-0.442
kr,quiet_bottom,1w,binary,0.2,0.5,26,trail20_TP50_hold26,370,66.8,19.86,-95.9,5.98,4.91,242,48.8,10.18,-92.5,3.35,2.26,-0.44
kr,quiet_bottom,1w,binary,0.2,,26,trail20_TPoff_hold26,370,66.8,24.84,-96.2,5.03,5.89,242,48.8,14.35,-94.0,3.01,2.78,-0.402
kr,quiet_bottom,1w,binary,0.25,0.2,26,trail25_TP20_hold26,370,74.1,14.4,-94.1,6.25,4.04,242,57.4,8.74,-91.1,3.48,2.08,-0.443
kr,quiet_bottom,1w,binary,0.25,0.25,26,trail25_TP25_hold26,370,71.1,15.75,-94.1,6.22,4.12,242,53.7,9.53,-91.5,3.52,2.12,-0.434
kr,quiet_bottom,1w,binary,0.25,0.3,26,trail25_TP30_hold26,370,70.0,17.21,-95.7,6.28,4.34,242,52.1,10.15,-91.6,3.6,2.18,-0.427
kr,quiet_bottom,1w,binary,0.25,0.4,26,trail25_TP40_hold26,370,68.4,19.24,-94.6,6.3,4.69,242,50.8,11.52,-91.1,3.79,2.33,-0.398
kr,quiet_bottom,1w,binary,0.25,0.5,26,trail25_TP50_hold26,370,67.8,20.08,-97.7,5.99,4.82,242,50.8,11.32,-91.1,3.62,2.31,-0.396
kr,quiet_bottom,1w,binary,0.25,,26,trail25_TPoff_hold26,370,67.6,25.38,-97.9,5.1,5.81,242,50.8,15.02,-94.3,3.13,2.74,-0.386
kr,quiet_bottom,1w,binary,0.3,0.2,26,trail30_TP20_hold26,370,74.9,14.46,-94.4,6.19,4.01,242,59.9,9.92,-90.8,3.96,2.32,-0.36
kr,quiet_bottom,1w,binary,0.3,0.25,26,trail30_TP25_hold26,370,72.4,15.94,-94.4,6.24,4.15,242,57.4,11.12,-90.8,4.12,2.42,-0.34
kr,quiet_bottom,1w,binary,0.3,0.3,26,trail30_TP30_hold26,370,71.6,17.72,-94.7,6.28,4.45,242,57.0,12.22,-90.8,4.34,2.56,-0.309
kr,quiet_bottom,1w,binary,0.3,0.4,26,trail30_TP40_hold26,370,70.3,19.82,-94.1,6.33,4.77,242,56.2,13.65,-90.8,4.49,2.72,-0.291
kr,quiet_bottom,1w,binary,0.3,0.5,26,trail30_TP50_hold26,370,69.2,20.74,-97.2,6.02,4.89,242,55.8,14.15,-90.8,4.43,2.78,-0.264
kr,quiet_bottom,1w,binary,0.3,,26,trail30_TPoff_hold26,370,68.9,26.35,-97.0,5.1,5.92,242,55.8,19.08,-95.1,3.75,3.4,-0.265
kr,quiet_bottom,1w,binary,0.1,0.2,52,trail10_TP20_hold52,370,60.3,10.48,-92.9,4.81,3.46,242,46.3,6.47,-85.9,2.94,2.03,-0.389
kr,quiet_bottom,1w,binary,0.1,0.25,52,trail10_TP25_hold52,370,59.7,11.33,-92.9,4.84,3.65,242,45.5,6.93,-85.9,2.99,2.1,-0.382
kr,quiet_bottom,1w,binary,0.1,0.3,52,trail10_TP30_hold52,370,59.7,11.87,-94.7,4.74,3.78,242,45.0,7.07,-85.9,2.99,2.13,-0.369
kr,quiet_bottom,1w,binary,0.1,0.4,52,trail10_TP40_hold52,370,59.5,12.74,-94.7,4.68,3.98,242,45.0,7.32,-85.9,2.97,2.17,-0.365
kr,quiet_bottom,1w,binary,0.1,0.5,52,trail10_TP50_hold52,370,59.5,13.52,-94.7,4.61,4.16,242,45.0,6.97,-85.9,2.81,2.11,-0.39
kr,quiet_bottom,1w,binary,0.1,,52,trail10_TPoff_hold52,370,59.5,18.2,-94.7,4.06,5.25,242,45.0,8.49,-85.9,2.2,2.35,-0.458
kr,quiet_bottom,1w,binary,0.15,0.2,52,trail15_TP20_hold52,370,65.7,13.75,-95.2,5.91,3.87,242,49.2,7.82,-89.7,3.29,2.06,-0.443
kr,quiet_bottom,1w,binary,0.15,0.25,52,trail15_TP25_hold52,370,63.8,15.25,-95.2,6.02,4.17,242,45.9,8.87,-93.6,3.45,2.19,-0.427
kr,quiet_bottom,1w,binary,0.15,0.3,52,trail15_TP30_hold52,370,63.8,16.13,-95.7,5.91,4.35,242,45.5,9.02,-93.6,3.42,2.21,-0.421
kr,quiet_bottom,1w,binary,0.15,0.4,52,trail15_TP40_hold52,370,63.5,17.76,-95.2,5.85,4.68,242,45.5,9.49,-92.0,3.4,2.27,-0.419
kr,quiet_bottom,1w,binary,0.15,0.5,52,trail15_TP50_hold52,370,63.5,19.62,-95.4,5.78,5.06,242,45.5,8.58,-92.0,3.08,2.15,-0.467
kr,quiet_bottom,1w,binary,0.15,,52,trail15_TPoff_hold52,370,63.5,24.17,-96.9,4.86,6.01,242,45.5,10.05,-93.6,2.35,2.34,-0.516
kr,quiet_bottom,1w,binary,0.2,0.2,52,trail20_TP20_hold52,370,73.5,16.0,-96.7,6.76,4.27,242,57.9,10.26,-90.8,4.18,2.4,-0.382
kr,quiet_bottom,1w,binary,0.2,0.25,52,trail20_TP25_hold52,370,68.6,17.57,-96.7,6.75,4.44,242,53.7,11.45,-91.0,4.3,2.51,-0.363
kr,quiet_bottom,1w,binary,0.2,0.3,52,trail20_TP30_hold52,370,65.7,19.29,-97.3,6.7,4.7,242,53.3,12.27,-90.8,4.41,2.62,-0.342
kr,quiet_bottom,1w,binary,0.2,0.4,52,trail20_TP40_hold52,370,64.6,22.27,-97.0,6.8,5.23,242,52.9,13.21,-90.8,4.4,2.74,-0.353
kr,quiet_bottom,1w,binary,0.2,0.5,52,trail20_TP50_hold52,370,64.6,24.85,-97.2,6.7,5.72,242,52.9,12.84,-90.8,4.15,2.69,-0.381
kr,quiet_bottom,1w,binary,0.2,,52,trail20_TPoff_hold52,370,64.6,33.9,-97.9,4.09,7.44,242,52.9,25.45,-93.0,3.2,4.36,-0.218
kr,quiet_bottom,1w,binary,0.25,0.2,52,trail25_TP20_hold52,370,78.1,16.97,-97.5,7.05,4.37,242,63.6,11.37,-91.5,4.52,2.52,-0.359
kr,quiet_bottom,1w,binary,0.25,0.25,52,trail25_TP25_hold52,370,73.5,18.42,-97.5,6.89,4.3,242,59.5,12.35,-91.5,4.51,2.54,-0.345
kr,quiet_bottom,1w,binary,0.25,0.3,52,trail25_TP30_hold52,370,70.0,20.31,-98.0,6.86,4.48,242,58.3,13.3,-91.5,4.66,2.65,-0.321
kr,quiet_bottom,1w,binary,0.25,0.4,52,trail25_TP40_hold52,370,66.5,23.17,-97.7,6.86,4.84,242,56.6,15.36,-91.5,4.93,2.89,-0.281
kr,quiet_bottom,1w,binary,0.25,0.5,52,trail25_TP50_hold52,370,64.6,24.94,-98.9,6.47,5.0,242,56.6,14.83,-93.9,4.6,2.83,-0.289
kr,quiet_bottom,1w,binary,0.25,,52,trail25_TPoff_hold52,370,64.1,32.64,-99.2,3.95,6.21,242,56.6,27.95,-95.9,3.44,4.44,-0.129
kr,quiet_bottom,1w,binary,0.3,0.2,52,trail30_TP20_hold52,370,78.9,16.91,-98.0,6.62,4.07,242,67.4,13.06,-91.3,5.25,2.94,-0.207
kr,quiet_bottom,1w,binary,0.3,0.25,52,trail30_TP25_hold52,370,74.6,18.51,-98.0,6.61,4.1,242,64.5,14.49,-91.3,5.34,3.01,-0.192
kr,quiet_bottom,1w,binary,0.3,0.3,52,trail30_TP30_hold52,370,71.6,20.7,-98.7,6.61,4.33,242,64.5,15.83,-91.3,5.6,3.19,-0.153
kr,quiet_bottom,1w,binary,0.3,0.4,52,trail30_TP40_hold52,370,68.4,23.74,-98.0,6.73,4.64,242,63.2,17.91,-91.3,5.78,3.43,-0.141
kr,quiet_bottom,1w,binary,0.3,0.5,52,trail30_TP50_hold52,370,64.9,25.71,-99.3,6.43,4.8,242,62.4,18.6,-91.3,5.65,3.52,-0.121
kr,quiet_bottom,1w,binary,0.3,,52,trail30_TPoff_hold52,370,63.5,32.75,-99.5,3.93,5.8,242,62.4,35.99,-95.6,3.72,5.88,-0.053
us,quiet_bottom,1w,binary,0.1,0.2,13,trail10_TP20_hold13,251,48.6,4.86,-95.8,1.73,1.75,155,57.4,9.74,-91.3,3.41,2.8,0.971
us,quiet_bottom,1w,binary,0.1,0.25,13,trail10_TP25_hold13,251,48.6,5.01,-95.8,1.72,1.78,155,56.1,10.93,-91.3,3.55,2.98,1.064
us,quiet_bottom,1w,binary,0.1,0.3,13,trail10_TP30_hold13,251,48.6,5.29,-97.0,1.76,1.82,155,56.1,11.03,-91.3,3.48,3.0,0.977
us,quiet_bottom,1w,binary,0.1,0.4,13,trail10_TP40_hold13,251,48.6,5.72,-97.5,1.8,1.88,155,56.1,12.09,-91.3,3.57,3.19,0.983
us,quiet_bottom,1w,binary,0.1,0.5,13,trail10_TP50_hold13,251,48.6,6.18,-97.5,1.79,1.96,155,56.1,12.85,-91.3,3.61,3.32,1.017
us,quiet_bottom,1w,binary,0.1,,13,trail10_TPoff_hold13,251,48.6,7.04,-97.5,1.43,2.09,155,56.1,18.38,-91.3,3.4,4.32,1.378
us,quiet_bottom,1w,binary,0.15,0.2,13,trail15_TP20_hold13,251,53.4,5.65,-97.9,1.91,1.79,155,61.3,10.46,-91.0,3.6,2.81,0.885
us,quiet_bottom,1w,binary,0.15,0.25,13,trail15_TP25_hold13,251,52.2,6.0,-97.9,1.92,1.83,155,59.4,11.84,-91.0,3.77,2.99,0.964
us,quiet_bottom,1w,binary,0.15,0.3,13,trail15_TP30_hold13,251,52.2,6.32,-98.5,1.96,1.88,155,58.7,11.9,-91.0,3.66,2.98,0.867
us,quiet_bottom,1w,binary,0.15,0.4,13,trail15_TP40_hold13,251,52.2,7.09,-98.7,2.07,1.99,155,58.7,13.18,-91.0,3.77,3.19,0.821
us,quiet_bottom,1w,binary,0.15,0.5,13,trail15_TP50_hold13,251,52.2,7.71,-98.7,2.07,2.07,155,58.7,13.4,-91.0,3.67,3.23,0.773
us,quiet_bottom,1w,binary,0.15,,13,trail15_TPoff_hold13,251,52.2,8.57,-98.8,1.73,2.19,155,58.7,19.62,-91.0,3.51,4.26,1.029
us,quiet_bottom,1w,binary,0.2,0.2,13,trail20_TP20_hold13,251,57.8,6.63,-95.7,2.2,1.95,155,66.5,11.89,-91.0,4.08,3.2,0.855
us,quiet_bottom,1w,binary,0.2,0.25,13,trail20_TP25_hold13,251,55.4,7.12,-95.0,2.23,2.0,155,63.9,13.21,-91.0,4.2,3.36,0.883
us,quiet_bottom,1w,binary,0.2,0.3,13,trail20_TP30_hold13,251,54.6,7.37,-97.6,2.24,2.02,155,61.3,14.26,-91.0,4.23,3.48,0.888
us,quiet_bottom,1w,binary,0.2,0.4,13,trail20_TP40_hold13,251,53.8,8.08,-98.2,2.3,2.12,155,61.3,15.5,-91.0,4.31,3.69,0.874
us,quiet_bottom,1w,binary,0.2,0.5,13,trail20_TP50_hold13,251,53.8,8.5,-98.8,2.24,2.18,155,61.3,16.21,-91.0,4.29,3.82,0.915
us,quiet_bottom,1w,binary,0.2,,13,trail20_TPoff_hold13,251,53.8,8.53,-98.8,1.74,2.18,155,61.3,22.47,-91.0,3.97,4.9,1.282
us,quiet_bottom,1w,binary,0.25,0.2,13,trail25_TP20_hold13,251,58.2,6.41,-97.5,2.09,1.89,155,67.7,11.96,-91.0,4.07,3.21,0.947
us,quiet_bottom,1w,binary,0.25,0.25,13,trail25_TP25_hold13,251,56.2,6.9,-97.1,2.13,1.94,155,65.2,13.21,-91.0,4.17,3.32,0.958
us,quiet_bottom,1w,binary,0.25,0.3,13,trail25_TP30_hold13,251,55.4,7.16,-98.6,2.14,1.96,155,63.2,14.34,-91.0,4.23,3.46,0.977
us,quiet_bottom,1w,binary,0.25,0.4,13,trail25_TP40_hold13,251,54.6,7.88,-99.0,2.21,2.05,155,63.2,15.58,-91.0,4.31,3.67,0.95
us,quiet_bottom,1w,binary,0.25,0.5,13,trail25_TP50_hold13,251,54.6,8.4,-99.3,2.19,2.12,155,63.2,16.3,-91.0,4.3,3.79,0.963
us,quiet_bottom,1w,binary,0.25,,13,trail25_TPoff_hold13,251,54.2,8.3,-99.3,1.68,2.11,155,63.2,22.14,-91.0,3.92,4.79,1.333
us,quiet_bottom,1w,binary,0.3,0.2,13,trail30_TP20_hold13,251,59.4,6.77,-97.2,2.22,1.97,155,68.4,12.23,-91.0,4.18,3.32,0.883
us,quiet_bottom,1w,binary,0.3,0.25,13,trail30_TP25_hold13,251,57.8,7.29,-96.7,2.26,2.02,155,67.1,13.79,-91.0,4.37,3.5,0.934
us,quiet_bottom,1w,binary,0.3,0.3,13,trail30_TP30_hold13,251,57.0,7.67,-98.4,2.29,2.06,155,65.2,14.72,-91.0,4.33,3.52,0.891
us,quiet_bottom,1w,binary,0.3,0.4,13,trail30_TP40_hold13,251,56.6,8.49,-98.6,2.38,2.17,155,65.2,15.96,-91.0,4.41,3.73,0.853
us,quiet_bottom,1w,binary,0.3,0.5,13,trail30_TP50_hold13,251,56.6,9.02,-99.0,2.34,2.24,155,64.5,16.8,-91.0,4.42,3.86,0.889
us,quiet_bottom,1w,binary,0.3,,13,trail30_TPoff_hold13,251,56.2,8.19,-99.1,1.81,2.13,155,63.9,22.7,-91.0,4.0,4.86,1.21
us,quiet_bottom,1w,binary,0.1,0.2,26,trail10_TP20_hold26,251,50.2,7.24,-87.2,2.56,2.24,155,57.4,11.29,-88.8,3.81,3.18,0.488
us,quiet_bottom,1w,binary,0.1,0.25,26,trail10_TP25_hold26,251,49.8,7.28,-88.5,2.46,2.24,155,55.5,12.52,-88.8,3.93,3.36,0.598
us,quiet_bottom,1w,binary,0.1,0.3,26,trail10_TP30_hold26,251,49.8,7.93,-88.5,2.54,2.35,155,55.5,12.43,-88.8,3.8,3.34,0.496
us,quiet_bottom,1w,binary,0.1,0.4,26,trail10_TP40_hold26,251,49.8,8.32,-88.5,2.5,2.42,155,55.5,13.44,-88.8,3.85,3.53,0.54
us,quiet_bottom,1w,binary,0.1,0.5,26,trail10_TP50_hold26,251,49.8,8.91,-88.5,2.45,2.52,155,55.5,13.73,-88.8,3.78,3.59,0.543
us,quiet_bottom,1w,binary,0.1,,26,trail10_TPoff_hold26,251,49.8,10.01,-90.6,1.91,2.71,155,55.5,20.56,-88.8,3.39,4.87,0.775
us,quiet_bottom,1w,binary,0.15,0.2,26,trail15_TP20_hold26,251,57.4,9.29,-88.0,3.1,2.45,155,55.5,11.15,-90.2,3.6,2.7,0.161
us,quiet_bottom,1w,binary,0.15,0.25,26,trail15_TP25_hold26,251,55.8,9.49,-88.0,2.98,2.46,155,52.3,12.67,-90.2,3.78,2.86,0.268
us,quiet_bottom,1w,binary,0.15,0.3,26,trail15_TP30_hold26,251,55.4,10.31,-89.7,3.07,2.59,155,51.6,12.61,-90.2,3.63,2.84,0.182
us,quiet_bottom,1w,binary,0.15,0.4,26,trail15_TP40_hold26,251,55.4,11.18,-91.4,3.07,2.72,155,51.6,14.15,-90.2,3.76,3.06,0.225
us,quiet_bottom,1w,binary,0.15,0.5,26,trail15_TP50_hold26,251,55.4,11.87,-91.4,2.99,2.83,155,51.6,14.02,-90.2,3.59,3.04,0.201
us,quiet_bottom,1w,binary,0.15,,26,trail15_TPoff_hold26,251,55.4,14.71,-91.4,2.36,3.27,155,51.6,18.13,-92.4,3.15,3.64,0.335
us,quiet_bottom,1w,binary,0.2,0.2,26,trail20_TP20_hold26,251,63.7,10.38,-85.1,3.36,2.58,155,63.9,13.26,-92.0,4.18,3.01,0.244
us,quiet_bottom,1w,binary,0.2,0.25,26,trail20_TP25_hold26,251,59.4,10.7,-85.1,3.23,2.57,155,59.4,14.94,-92.7,4.35,3.16,0.347
us,quiet_bottom,1w,binary,0.2,0.3,26,trail20_TP30_hold26,251,57.4,11.49,-85.1,3.27,2.65,155,56.1,15.88,-95.1,4.35,3.24,0.33
us,quiet_bottom,1w,binary,0.2,0.4,26,trail20_TP40_hold26,251,56.2,12.6,-87.7,3.3,2.8,155,54.8,17.57,-93.8,4.41,3.47,0.336
us,quiet_bottom,1w,binary,0.2,0.5,26,trail20_TP50_hold26,251,56.2,12.91,-93.2,3.12,2.85,155,54.8,17.87,-94.9,4.28,3.52,0.372
us,quiet_bottom,1w,binary,0.2,,26,trail20_TPoff_hold26,251,56.2,14.13,-93.2,2.28,3.02,155,54.8,21.38,-97.2,3.57,4.01,0.566
us,quiet_bottom,1w,binary,0.25,0.2,26,trail25_TP20_hold26,251,66.9,10.98,-91.0,3.45,2.67,155,67.1,13.7,-89.5,4.3,3.11,0.246
us,quiet_bottom,1w,binary,0.25,0.25,26,trail25_TP25_hold26,251,62.9,11.33,-89.3,3.32,2.62,155,63.9,15.46,-89.5,4.47,3.25,0.346
us,quiet_bottom,1w,binary,0.25,0.3,26,trail25_TP30_hold26,251,61.4,12.19,-92.2,3.38,2.71,155,60.6,16.22,-92.3,4.4,3.24,0.302
us,quiet_bottom,1w,binary,0.25,0.4,26,trail25_TP40_hold26,251,59.8,13.4,-94.2,3.42,2.87,155,56.8,17.56,-90.2,4.36,3.36,0.275
us,quiet_bottom,1w,binary,0.25,0.5,26,trail25_TP50_hold26,251,59.0,13.59,-96.8,3.2,2.89,155,56.1,18.0,-91.6,4.25,3.41,0.328
us,quiet_bottom,1w,binary,0.25,,26,trail25_TPoff_hold26,251,58.6,14.22,-96.8,2.27,2.98,155,56.1,23.88,-95.6,3.52,4.2,0.551
us,quiet_bottom,1w,binary,0.3,0.2,26,trail30_TP20_hold26,251,68.9,11.81,-94.7,3.74,2.9,155,69.0,14.24,-91.0,4.49,3.31,0.201
us,quiet_bottom,1w,binary,0.3,0.25,26,trail30_TP25_hold26,251,65.7,12.37,-93.7,3.65,2.89,155,67.1,16.49,-90.3,4.8,3.54,0.315
us,quiet_bottom,1w,binary,0.3,0.3,26,trail30_TP30_hold26,251,64.5,13.7,-95.4,3.75,3.04,155,64.5,17.36,-95.3,4.7,3.48,0.253
us,quiet_bottom,1w,binary,0.3,0.4,26,trail30_TP40_hold26,251,63.3,14.95,-96.5,3.77,3.19,155,61.3,19.15,-93.5,4.72,3.62,0.252
us,quiet_bottom,1w,binary,0.3,0.5,26,trail30_TP50_hold26,251,61.0,15.62,-97.0,3.6,3.26,155,59.4,20.05,-93.7,4.66,3.7,0.294
us,quiet_bottom,1w,binary,0.3,,26,trail30_TPoff_hold26,251,59.4,15.83,-97.2,2.53,3.21,155,58.7,25.84,-96.9,3.7,4.48,0.462
us,quiet_bottom,1w,binary,0.1,0.2,52,trail10_TP20_hold52,251,51.4,7.45,-90.6,2.59,2.28,155,59.4,12.94,-82.0,4.51,4.05,0.741
us,quiet_bottom,1w,binary,0.1,0.25,52,trail10_TP25_hold52,251,51.0,7.47,-90.6,2.49,2.27,155,57.4,14.11,-82.0,4.56,4.22,0.831
us,quiet_bottom,1w,binary,0.1,0.3,52,trail10_TP30_hold52,251,51.0,8.12,-91.8,2.57,2.38,155,57.4,13.84,-83.2,4.35,4.16,0.693
us,quiet_bottom,1w,binary,0.1,0.4,52,trail10_TP40_hold52,251,51.0,8.15,-93.2,2.44,2.39,155,57.4,14.79,-83.2,4.35,4.38,0.783
us,quiet_bottom,1w,binary,0.1,0.5,52,trail10_TP50_hold52,251,51.0,8.63,-93.2,2.37,2.47,155,57.4,15.09,-86.1,4.26,4.44,0.797
us,quiet_bottom,1w,binary,0.1,,52,trail10_TPoff_hold52,251,51.0,10.7,-93.2,1.8,2.82,155,57.4,21.89,-87.8,3.7,6.0,1.056
us,quiet_bottom,1w,binary,0.15,0.2,52,trail15_TP20_hold52,251,59.0,9.84,-95.0,3.22,2.52,155,56.8,12.65,-90.5,4.19,3.23,0.301
us,quiet_bottom,1w,binary,0.15,0.25,52,trail15_TP25_hold52,251,57.4,10.31,-95.0,3.16,2.57,155,53.5,14.11,-91.4,4.31,3.38,0.364
us,quiet_bottom,1w,binary,0.15,0.3,52,trail15_TP30_hold52,251,57.0,11.3,-96.0,3.27,2.72,155,51.6,13.62,-93.2,4.01,3.27,0.226
us,quiet_bottom,1w,binary,0.15,0.4,52,trail15_TP40_hold52,251,57.0,12.1,-96.6,3.23,2.84,155,51.6,15.16,-90.2,4.1,3.53,0.269
us,quiet_bottom,1w,binary,0.15,0.5,52,trail15_TP50_hold52,251,57.0,12.92,-96.6,3.13,2.96,155,51.6,14.73,-93.8,3.84,3.45,0.227
us,quiet_bottom,1w,binary,0.15,,52,trail15_TPoff_hold52,251,57.0,19.17,-96.6,2.5,3.91,155,51.6,18.15,-95.9,3.29,4.02,0.316
us,quiet_bottom,1w,binary,0.2,0.2,52,trail20_TP20_hold52,251,65.3,11.01,-92.3,3.45,2.58,155,66.5,15.89,-94.7,5.07,3.75,0.47
us,quiet_bottom,1w,binary,0.2,0.25,52,trail20_TP25_hold52,251,59.8,11.72,-92.3,3.41,2.6,155,61.3,17.72,-95.2,5.2,3.9,0.525
us,quiet_bottom,1w,binary,0.2,0.3,52,trail20_TP30_hold52,251,56.6,12.85,-92.3,3.5,2.72,155,55.5,18.08,-96.8,4.96,3.83,0.417
us,quiet_bottom,1w,binary,0.2,0.4,52,trail20_TP40_hold52,251,55.4,13.51,-93.4,3.38,2.8,155,54.2,20.07,-95.9,5.03,4.13,0.488
us,quiet_bottom,1w,binary,0.2,0.5,52,trail20_TP50_hold52,251,55.4,14.17,-95.7,3.22,2.89,155,54.2,20.51,-96.6,4.84,4.2,0.503
us,quiet_bottom,1w,binary,0.2,,52,trail20_TPoff_hold52,251,55.4,18.52,-94.7,2.41,3.47,155,54.2,22.87,-98.2,3.9,4.57,0.618
us,quiet_bottom,1w,binary,0.25,0.2,52,trail25_TP20_hold52,251,70.5,12.38,-96.3,3.78,2.79,155,73.5,17.0,-93.6,5.42,4.03,0.434
us,quiet_bottom,1w,binary,0.25,0.25,52,trail25_TP25_hold52,251,65.3,13.07,-95.6,3.69,2.75,155,70.3,19.29,-93.2,5.67,4.22,0.537
us,quiet_bottom,1w,binary,0.25,0.3,52,trail25_TP30_hold52,251,60.6,13.72,-95.8,3.63,2.76,155,64.5,19.46,-95.2,5.31,3.95,0.463
us,quiet_bottom,1w,binary,0.25,0.4,52,trail25_TP40_hold52,251,56.6,14.52,-96.9,3.52,2.84,155,60.0,21.34,-93.9,5.28,4.11,0.5
us,quiet_bottom,1w,binary,0.25,0.5,52,trail25_TP50_hold52,251,55.8,15.05,-98.0,3.31,2.9,155,58.7,22.48,-93.8,5.18,4.27,0.565
us,quiet_bottom,1w,binary,0.25,,52,trail25_TPoff_hold52,251,55.4,21.77,-97.5,2.26,3.75,155,58.1,39.72,-97.1,3.74,6.77,0.655
us,quiet_bottom,1w,binary,0.3,0.2,52,trail30_TP20_hold52,251,73.3,12.91,-97.8,3.86,2.83,155,74.8,17.14,-95.6,5.39,3.98,0.396
us,quiet_bottom,1w,binary,0.3,0.25,52,trail30_TP25_hold52,251,70.1,14.29,-97.4,3.96,2.9,155,72.9,19.92,-94.9,5.81,4.26,0.467
us,quiet_bottom,1w,binary,0.3,0.3,52,trail30_TP30_hold52,251,66.9,15.73,-97.5,4.0,2.97,155,67.7,20.06,-97.5,5.36,3.84,0.34
us,quiet_bottom,1w,binary,0.3,0.4,52,trail30_TP40_hold52,251,62.2,16.83,-98.3,3.86,3.0,155,63.9,22.35,-96.5,5.39,3.99,0.396
us,quiet_bottom,1w,binary,0.3,0.5,52,trail30_TP50_hold52,251,58.2,18.71,-99.0,3.77,3.19,155,60.0,23.95,-96.5,5.32,4.12,0.411
us,quiet_bottom,1w,binary,0.3,,52,trail30_TPoff_hold52,251,55.4,21.92,-98.9,2.39,3.48,155,58.1,42.37,-99.1,3.68,6.48,0.54
