rule_name,max_hold,trail,tp,sl,cut3d,IS_n,IS_win%,IS_mean%,IS_Sharpe,IS_PF,OOS_n,OOS_win%,OOS_mean%,OOS_Sharpe,OOS_PF
hold39_tr20_tp20_sl20_cut30,39,0.2,0.2,0.2,False,1569,60.1,7.06,0.59,2.03,944,57.9,6.57,0.6,1.94
hold26_tr20_tp20_sl0_cut30,26,0.2,0.2,0.0,False,1569,62.5,6.79,0.58,2.08,951,60.3,7.39,0.69,2.23
hold39_tr20_tp25_sl20_cut30,39,0.2,0.25,0.2,False,1446,55.9,8.12,0.58,2.16,884,55.0,7.73,0.61,2.08
hold39_tr20_tp20_sl0_cut30,39,0.2,0.2,0.0,False,1507,62.7,7.77,0.58,2.17,912,60.4,7.99,0.67,2.26
hold52_tr20_tp20_sl20_cut30,52,0.2,0.2,0.2,False,1553,60.2,7.25,0.58,2.03,935,57.2,6.41,0.57,1.88
hold39_tr20_tp30_sl20_cut30,39,0.2,0.3,0.2,False,1376,54.5,9.19,0.58,2.29,846,53.5,9.0,0.64,2.26
hold26_tr20_tp20_sl20_cut30,26,0.2,0.2,0.2,False,1611,61.1,6.37,0.58,1.98,974,58.0,6.01,0.59,1.88
hold52_tr20_tp20_sl0_cut30,52,0.2,0.2,0.0,False,1477,63.4,8.17,0.57,2.21,894,60.2,8.05,0.65,2.23
hold39_tr20_tp30_sl0_cut30,39,0.2,0.3,0.0,False,1321,57.3,9.99,0.57,2.45,819,55.2,10.08,0.67,2.51
hold52_tr20_tp25_sl20_cut30,52,0.2,0.25,0.2,False,1420,55.7,8.47,0.57,2.18,872,53.8,7.64,0.58,2.03
hold39_tr20_tp40_sl20_cut30,39,0.2,0.4,0.2,False,1285,53.0,10.27,0.56,2.4,796,52.5,10.71,0.64,2.48
hold26_tr20_tp25_sl0_cut30,26,0.2,0.25,0.0,False,1474,59.7,7.35,0.56,2.14,907,58.0,8.34,0.69,2.38
hold52_tr20_tp30_sl20_cut30,52,0.2,0.3,0.2,False,1349,53.4,9.45,0.56,2.29,835,51.6,8.89,0.6,2.18
hold26_tr20_tp25_sl20_cut30,26,0.2,0.25,0.2,False,1517,58.2,6.98,0.56,2.05,926,56.0,7.05,0.61,2.03
hold78_tr20_tp25_sl20_cut30,78,0.2,0.25,0.2,False,1410,54.3,8.56,0.56,2.16,871,53.6,7.7,0.58,2.03
hold39_tr20_tp20_sl15_cut30,39,0.2,0.2,0.15,False,1651,56.6,6.28,0.56,1.9,990,55.3,6.07,0.6,1.88
hold52_tr20_tp20_sl15_cut30,52,0.2,0.2,0.15,False,1642,56.8,6.45,0.56,1.91,982,54.6,5.93,0.57,1.83
hold52_tr20_tp30_sl0_cut30,52,0.2,0.3,0.0,False,1285,56.8,10.56,0.56,2.49,800,53.6,10.2,0.64,2.47
hold26_tr20_tp20_sl15_cut30,26,0.2,0.2,0.15,False,1687,58.3,5.75,0.56,1.87,1012,55.1,5.67,0.6,1.85
hold52_tr20_tp25_sl0_cut30,52,0.2,0.25,0.0,False,1353,58.5,9.29,0.56,2.32,836,56.7,9.36,0.66,2.4
hold78_tr20_tp20_sl0_cut30,78,0.2,0.2,0.0,False,1435,63.7,8.55,0.56,2.24,881,60.5,8.38,0.67,2.31
hold26_tr20_tp30_sl0_cut30,26,0.2,0.3,0.0,False,1421,58.5,8.12,0.56,2.26,879,57.0,9.3,0.7,2.51
hold78_tr20_tp20_sl20_cut30,78,0.2,0.2,0.2,False,1550,59.8,7.28,0.56,2.01,934,57.0,6.39,0.56,1.87
hold39_tr20_tp30_sl15_cut30,39,0.2,0.3,0.15,False,1447,51.1,8.1,0.55,2.12,888,50.8,8.21,0.63,2.16
hold39_tr20_tp25_sl15_cut30,39,0.2,0.25,0.15,False,1521,52.7,7.25,0.55,2.01,924,52.4,7.13,0.61,2.02
hold78_tr20_tp30_sl20_cut30,78,0.2,0.3,0.2,False,1332,51.8,9.65,0.55,2.28,833,51.3,8.96,0.6,2.18
hold52_tr20_tp25_sl15_cut30,52,0.2,0.25,0.15,False,1502,52.6,7.53,0.55,2.03,913,51.2,7.03,0.58,1.97
hold26_tr20_tp25_sl15_cut30,26,0.2,0.25,0.15,False,1585,55.6,6.35,0.55,1.94,959,53.4,6.59,0.61,1.98
hold52_tr20_tp40_sl20_cut30,52,0.2,0.4,0.2,False,1243,51.6,10.97,0.55,2.46,781,49.9,10.44,0.59,2.37
hold39_tr20_tp40_sl0_cut30,39,0.2,0.4,0.0,False,1237,55.5,11.01,0.55,2.53,771,54.6,12.2,0.68,2.84
hold26_tr20_tp30_sl20_cut30,26,0.2,0.3,0.2,False,1460,56.6,7.56,0.55,2.12,899,55.3,8.15,0.64,2.18
hold52_tr20_tp40_sl0_cut30,52,0.2,0.4,0.0,False,1187,55.0,12.17,0.55,2.68,750,52.3,12.17,0.64,2.74
hold39_tr20_tp25_sl0_cut30,39,0.2,0.25,0.0,False,1390,58.0,8.6,0.55,2.24,857,57.4,9.23,0.68,2.43
hold39_tr20_tp50_sl20_cut30,39,0.2,0.5,0.2,False,1224,52.6,11.2,0.54,2.55,754,52.1,11.72,0.62,2.61
hold78_tr20_tp25_sl0_cut30,78,0.2,0.25,0.0,False,1309,57.4,9.65,0.54,2.35,825,57.1,9.85,0.68,2.51
hold52_tr20_tp20_sl10_cut30,52,0.2,0.2,0.1,False,1830,49.2,5.13,0.54,1.78,1083,48.8,4.99,0.57,1.75
hold78_tr20_tp40_sl20_cut30,78,0.2,0.4,0.2,False,1221,50.4,11.39,0.54,2.48,777,49.4,10.47,0.58,2.36
hold26_tr20_tp40_sl0_cut30,26,0.2,0.4,0.0,False,1364,56.7,8.87,0.54,2.34,846,56.0,10.43,0.68,2.66
hold52_tr20_tp30_sl15_cut30,52,0.2,0.3,0.15,False,1427,50.4,8.37,0.54,2.13,877,48.8,8.1,0.6,2.09
hold39_tr20_tp40_sl15_cut30,39,0.2,0.4,0.15,False,1348,49.9,9.31,0.54,2.25,837,49.7,9.79,0.63,2.36
hold78_tr20_tp20_sl15_cut30,78,0.2,0.2,0.15,False,1640,56.3,6.45,0.54,1.89,981,54.4,5.93,0.57,1.83
hold39_tr20_tp20_sl10_cut30,39,0.2,0.2,0.1,False,1836,49.0,4.96,0.54,1.75,1085,49.2,5.07,0.59,1.77
hold26_tr20_tp40_sl20_cut30,26,0.2,0.4,0.2,False,1398,54.9,8.33,0.54,2.21,864,54.3,9.24,0.63,2.32
hold78_tr20_tp30_sl0_cut30,78,0.2,0.3,0.0,False,1238,55.3,10.94,0.54,2.51,786,53.7,10.77,0.67,2.61
hold26_tr20_tp30_sl15_cut30,26,0.2,0.3,0.15,False,1523,54.3,6.92,0.54,2.01,931,52.3,7.52,0.63,2.1
hold78_tr20_tp30_sl15_cut30,78,0.2,0.3,0.15,False,1413,48.8,8.53,0.53,2.12,875,48.6,8.17,0.59,2.1
hold78_tr20_tp25_sl15_cut30,78,0.2,0.25,0.15,False,1494,51.2,7.58,0.53,2.01,912,51.1,7.1,0.58,1.98
hold52_tr20_tp25_sl10_cut30,52,0.2,0.25,0.1,False,1675,45.8,6.09,0.53,1.89,1009,45.7,5.87,0.57,1.86
hold26_tr20_tp20_sl10_cut30,26,0.2,0.2,0.1,False,1857,50.6,4.55,0.53,1.71,1094,49.4,4.87,0.59,1.76
hold78_tr20_tp40_sl0_cut30,78,0.2,0.4,0.0,False,1139,53.9,12.78,0.53,2.73,735,52.1,12.55,0.65,2.84
hold78_tr20_tp20_sl10_cut30,78,0.2,0.2,0.1,False,1829,48.7,5.09,0.53,1.76,1082,48.6,5.0,0.57,1.74
hold52_tr20_tp40_sl15_cut30,52,0.2,0.4,0.15,False,1311,48.4,9.86,0.53,2.3,821,47.3,9.6,0.58,2.28
hold39_tr20_tp25_sl10_cut30,39,0.2,0.25,0.1,False,1691,45.7,5.77,0.53,1.85,1012,46.4,5.92,0.59,1.88
hold39_tr20_tp30_sl10_cut30,39,0.2,0.3,0.1,False,1612,44.2,6.47,0.52,1.93,970,44.8,6.88,0.61,2.02
hold78_tr20_tp25_sl10_cut30,78,0.2,0.25,0.1,False,1669,44.6,6.1,0.52,1.88,1008,45.5,5.91,0.57,1.86
hold39_tr20_tp50_sl15_cut30,39,0.2,0.5,0.15,False,1282,49.5,10.08,0.52,2.36,792,49.2,10.86,0.61,2.51
hold78_tr20_tp40_sl15_cut30,78,0.2,0.4,0.15,False,1290,47.4,10.31,0.52,2.33,817,46.9,9.62,0.57,2.27
hold52_tr20_tp50_sl0_cut30,52,0.2,0.5,0.0,False,1123,54.3,13.04,0.52,2.8,708,51.7,13.31,0.62,2.88
hold26_tr20_tp40_sl15_cut30,26,0.2,0.4,0.15,False,1450,52.8,7.69,0.52,2.11,894,51.5,8.63,0.62,2.25
hold39_tr20_tp40_sl10_cut30,39,0.2,0.4,0.1,False,1495,43.1,7.64,0.52,2.08,913,44.0,8.33,0.61,2.22
hold52_tr20_tp50_sl20_cut30,52,0.2,0.5,0.2,False,1172,51.2,11.88,0.52,2.59,739,49.4,11.47,0.57,2.49
hold26_tr20_tp50_sl20_cut30,26,0.2,0.5,0.2,False,1360,54.7,8.85,0.52,2.3,836,53.8,9.92,0.61,2.4
hold39_tr20_tp50_sl0_cut30,39,0.2,0.5,0.0,False,1184,54.9,11.77,0.52,2.65,728,54.3,13.21,0.66,2.98
hold26_tr20_tp50_sl0_cut30,26,0.2,0.5,0.0,False,1331,56.3,9.24,0.52,2.39,818,55.5,11.18,0.66,2.78
hold52_tr20_tp40_sl10_cut30,52,0.2,0.4,0.1,False,1463,42.0,8.11,0.51,2.14,903,42.3,8.23,0.58,2.17
hold78_tr20_tp50_sl20_cut30,78,0.2,0.5,0.2,False,1136,50.2,12.8,0.51,2.66,733,49.0,11.71,0.57,2.5
hold26_tr20_tp25_sl10_cut30,26,0.2,0.25,0.1,False,1742,48.3,5.03,0.51,1.77,1034,48.0,5.68,0.6,1.87
hold52_tr20_tp30_sl10_cut30,52,0.2,0.3,0.1,False,1595,43.7,6.71,0.51,1.96,965,43.5,6.85,0.59,1.99
hold78_tr20_tp50_sl0_cut30,78,0.2,0.5,0.0,False,1061,53.3,14.09,0.5,2.88,692,51.7,13.95,0.63,3.02
hold78_tr20_tp40_sl10_cut30,78,0.2,0.4,0.1,False,1448,41.0,8.3,0.5,2.15,899,41.9,8.21,0.57,2.16
hold78_tr20_tp30_sl10_cut30,78,0.2,0.3,0.1,False,1585,42.1,6.75,0.5,1.95,963,43.3,6.91,0.58,1.99
hold52_tr20_tp50_sl15_cut30,52,0.2,0.5,0.15,False,1232,48.2,10.73,0.5,2.41,776,46.8,10.64,0.57,2.41
hold78_tr20_tp50_sl15_cut30,78,0.2,0.5,0.15,False,1199,47.4,11.6,0.5,2.49,770,46.4,10.84,0.56,2.42
hold26_tr20_tp50_sl15_cut30,26,0.2,0.5,0.15,False,1408,52.8,8.11,0.5,2.17,864,51.0,9.28,0.6,2.33
hold26_tr20_tp30_sl10_cut30,26,0.2,0.3,0.1,False,1676,47.1,5.5,0.5,1.83,1001,46.9,6.54,0.62,2.0
hold39_tr20_tp30_sl15_cut31,39,0.2,0.3,0.15,True,2455,23.1,3.18,0.49,1.79,1358,26.7,4.11,0.63,2.0
hold39_tr20_tp50_sl10_cut30,39,0.2,0.5,0.1,False,1422,42.3,8.18,0.49,2.15,873,43.2,9.08,0.59,2.31
hold26_tr20_tp25_sl0_cut31,26,0.2,0.25,0.0,True,2616,25.2,2.49,0.49,1.65,1423,28.3,3.34,0.62,1.85
hold26_tr20_tp25_sl20_cut31,26,0.2,0.25,0.2,True,2616,25.2,2.49,0.49,1.65,1423,28.3,3.34,0.62,1.85
hold26_tr20_tp25_sl15_cut31,26,0.2,0.25,0.15,True,2618,25.2,2.49,0.49,1.65,1423,28.3,3.33,0.62,1.84
hold26_tr20_tp20_sl0_cut31,26,0.2,0.2,0.0,True,2794,26.6,2.11,0.49,1.57,1503,29.5,2.89,0.63,1.74
hold26_tr20_tp20_sl10_cut31,26,0.2,0.2,0.1,True,2820,25.8,2.0,0.49,1.54,1524,28.5,2.72,0.61,1.69
hold39_tr20_tp30_sl20_cut31,39,0.2,0.3,0.2,True,2453,23.2,3.21,0.49,1.8,1357,26.8,4.12,0.63,2.0
hold39_tr20_tp30_sl0_cut31,39,0.2,0.3,0.0,True,2453,23.2,3.21,0.49,1.8,1357,26.8,4.12,0.63,2.0
hold26_tr20_tp40_sl0_cut31,26,0.2,0.4,0.0,True,2388,24.4,3.28,0.49,1.85,1329,26.9,4.5,0.63,2.12
hold26_tr20_tp20_sl15_cut31,26,0.2,0.2,0.15,True,2796,26.6,2.11,0.49,1.57,1504,29.5,2.88,0.63,1.74
hold26_tr20_tp20_sl20_cut31,26,0.2,0.2,0.2,True,2794,26.6,2.11,0.49,1.57,1503,29.5,2.89,0.63,1.74
hold26_tr20_tp30_sl20_cut31,26,0.2,0.3,0.2,True,2503,24.8,2.85,0.49,1.74,1389,27.7,3.91,0.64,1.97
hold26_tr20_tp30_sl0_cut31,26,0.2,0.3,0.0,True,2503,24.8,2.85,0.49,1.74,1389,27.7,3.91,0.64,1.97
hold26_tr20_tp30_sl15_cut31,26,0.2,0.3,0.15,True,2505,24.8,2.85,0.49,1.74,1389,27.6,3.89,0.64,1.97
hold26_tr20_tp40_sl20_cut31,26,0.2,0.4,0.2,True,2388,24.4,3.28,0.49,1.85,1329,26.9,4.5,0.63,2.12
hold26_tr20_tp40_sl15_cut31,26,0.2,0.4,0.15,True,2390,24.4,3.28,0.49,1.85,1329,26.8,4.49,0.63,2.11
hold26_tr20_tp40_sl10_cut30,26,0.2,0.4,0.1,False,1588,45.9,6.19,0.49,1.92,957,46.1,7.61,0.62,2.15
hold39_tr20_tp25_sl0_cut31,39,0.2,0.25,0.0,True,2584,23.9,2.73,0.48,1.69,1398,27.5,3.46,0.6,1.85
hold39_tr20_tp20_sl10_cut31,39,0.2,0.2,0.1,True,2801,25.0,2.09,0.48,1.55,1518,28.4,2.79,0.61,1.7
hold52_tr20_tp30_sl20_cut31,52,0.2,0.3,0.2,True,2429,22.9,3.3,0.48,1.8,1346,25.9,4.06,0.6,1.96
hold52_tr20_tp30_sl0_cut31,52,0.2,0.3,0.0,True,2429,22.9,3.3,0.48,1.8,1346,25.9,4.06,0.6,1.96
hold39_tr20_tp25_sl15_cut31,39,0.2,0.25,0.15,True,2586,23.8,2.71,0.48,1.68,1399,27.4,3.45,0.6,1.85
hold39_tr20_tp25_sl20_cut31,39,0.2,0.25,0.2,True,2584,23.9,2.73,0.48,1.69,1398,27.5,3.46,0.6,1.85
hold26_tr20_tp30_sl10_cut31,26,0.2,0.3,0.1,True,2531,23.9,2.7,0.48,1.7,1406,26.8,3.74,0.64,1.93
hold39_tr20_tp25_sl10_cut31,39,0.2,0.25,0.1,True,2610,23.1,2.6,0.48,1.66,1423,26.4,3.23,0.59,1.8
hold52_tr20_tp20_sl0_cut31,52,0.2,0.2,0.0,True,2758,25.9,2.29,0.48,1.59,1484,29.2,2.98,0.61,1.74
hold52_tr20_tp25_sl15_cut31,52,0.2,0.25,0.15,True,2566,23.8,2.82,0.48,1.7,1390,26.8,3.43,0.59,1.83
hold52_tr20_tp25_sl10_cut31,52,0.2,0.25,0.1,True,2600,23.0,2.69,0.48,1.67,1422,26.0,3.22,0.58,1.78
hold52_tr20_tp25_sl20_cut31,52,0.2,0.25,0.2,True,2564,23.9,2.84,0.48,1.7,1389,26.9,3.43,0.59,1.83
hold52_tr20_tp25_sl0_cut31,52,0.2,0.25,0.0,True,2564,23.9,2.84,0.48,1.7,1389,26.9,3.43,0.59,1.83
hold52_tr20_tp50_sl10_cut30,52,0.2,0.5,0.1,False,1376,41.4,8.81,0.48,2.23,859,41.3,8.98,0.55,2.25
hold52_tr20_tp20_sl10_cut31,52,0.2,0.2,0.1,True,2796,25.1,2.15,0.48,1.56,1516,28.2,2.78,0.6,1.69
hold52_tr20_tp20_sl20_cut31,52,0.2,0.2,0.2,True,2758,25.9,2.29,0.48,1.59,1484,29.2,2.98,0.61,1.74
hold39_tr20_tp20_sl20_cut31,39,0.2,0.2,0.2,True,2768,25.8,2.21,0.48,1.57,1490,29.5,2.99,0.62,1.75
hold26_tr20_tp25_sl10_cut31,26,0.2,0.25,0.1,True,2640,24.4,2.37,0.48,1.62,1440,27.4,3.19,0.61,1.8
hold39_tr20_tp30_sl10_cut31,39,0.2,0.3,0.1,True,2488,22.3,3.0,0.48,1.75,1382,25.6,3.86,0.61,1.93
hold39_tr20_tp20_sl0_cut31,39,0.2,0.2,0.0,True,2768,25.8,2.21,0.48,1.57,1490,29.5,2.99,0.62,1.75
hold39_tr20_tp20_sl15_cut31,39,0.2,0.2,0.15,True,2770,25.7,2.19,0.48,1.57,1492,29.4,2.99,0.62,1.75
hold52_tr20_tp20_sl15_cut31,52,0.2,0.2,0.15,True,2760,25.8,2.27,0.48,1.58,1486,29.1,2.98,0.61,1.74
hold26_tr20_tp40_sl10_cut31,26,0.2,0.4,0.1,True,2414,23.5,3.12,0.48,1.8,1345,25.9,4.33,0.62,2.07
hold52_tr20_tp30_sl15_cut31,52,0.2,0.3,0.15,True,2432,22.8,3.28,0.48,1.8,1347,25.8,4.05,0.61,1.96
hold78_tr20_tp50_sl10_cut30,78,0.2,0.5,0.1,False,1349,40.5,9.27,0.47,2.27,855,41.1,9.07,0.55,2.26
hold39_tr20_tp40_sl10_cut31,39,0.2,0.4,0.1,True,2360,21.5,3.47,0.47,1.86,1302,24.7,4.67,0.61,2.12
hold78_tr20_tp20_sl20_cut31,78,0.2,0.2,0.2,True,2757,25.8,2.27,0.47,1.57,1484,29.2,2.99,0.61,1.74
hold39_tr20_tp40_sl15_cut31,39,0.2,0.4,0.15,True,2332,22.3,3.62,0.47,1.89,1279,25.6,4.91,0.62,2.18
hold39_tr20_tp40_sl20_cut31,39,0.2,0.4,0.2,True,2330,22.3,3.63,0.47,1.89,1278,25.7,4.94,0.62,2.19
hold39_tr20_tp40_sl0_cut31,39,0.2,0.4,0.0,True,2330,22.3,3.63,0.47,1.89,1278,25.7,4.94,0.62,2.19
hold78_tr20_tp20_sl15_cut31,78,0.2,0.2,0.15,True,2759,25.7,2.25,0.47,1.57,1486,29.1,2.99,0.61,1.74
hold39_tr20_tp0_sl0_cut30,39,0.2,0.0,0.0,False,1091,55.6,13.83,0.47,3.0,654,56.3,18.35,0.54,3.84
hold78_tr20_tp20_sl0_cut31,78,0.2,0.2,0.0,True,2757,25.8,2.27,0.47,1.57,1484,29.2,2.99,0.61,1.74
hold26_tr20_tp50_sl10_cut30,26,0.2,0.5,0.1,False,1539,45.6,6.51,0.47,1.97,927,45.5,8.21,0.6,2.23
hold52_tr20_tp30_sl10_cut31,52,0.2,0.3,0.1,True,2473,22.0,3.07,0.47,1.75,1379,24.9,3.81,0.6,1.91
hold52_tr20_tp40_sl15_cut31,52,0.2,0.4,0.15,True,2287,22.1,3.87,0.47,1.94,1262,24.7,4.88,0.59,2.14
hold26_tr20_tp50_sl15_cut31,26,0.2,0.5,0.15,True,2299,24.4,3.49,0.46,1.91,1286,26.8,4.83,0.6,2.18
hold78_tr20_tp25_sl0_cut31,78,0.2,0.25,0.0,True,2555,23.4,2.81,0.46,1.68,1388,26.9,3.46,0.59,1.83
hold78_tr20_tp25_sl10_cut31,78,0.2,0.25,0.1,True,2594,22.6,2.65,0.46,1.65,1422,25.9,3.24,0.58,1.78
hold78_tr20_tp25_sl15_cut31,78,0.2,0.25,0.15,True,2557,23.3,2.79,0.46,1.68,1389,26.8,3.46,0.59,1.83
hold26_tr20_tp50_sl0_cut31,26,0.2,0.5,0.0,True,2297,24.4,3.49,0.46,1.91,1285,26.9,4.85,0.6,2.19
hold78_tr20_tp30_sl0_cut31,78,0.2,0.3,0.0,True,2416,22.4,3.26,0.46,1.78,1345,25.7,4.07,0.6,1.96
hold78_tr20_tp30_sl20_cut31,78,0.2,0.3,0.2,True,2416,22.4,3.26,0.46,1.78,1345,25.7,4.07,0.6,1.96
hold39_tr20_tp0_sl20_cut30,39,0.2,0.0,0.2,False,1121,53.4,12.89,0.46,2.79,675,54.1,16.8,0.51,3.37
hold26_tr20_tp50_sl20_cut31,26,0.2,0.5,0.2,True,2297,24.4,3.49,0.46,1.91,1285,26.9,4.85,0.6,2.19
hold78_tr20_tp30_sl15_cut31,78,0.2,0.3,0.15,True,2419,22.3,3.24,0.46,1.78,1346,25.6,4.06,0.6,1.96
hold78_tr20_tp20_sl10_cut31,78,0.2,0.2,0.1,True,2795,24.9,2.12,0.46,1.54,1516,28.2,2.79,0.6,1.69
hold52_tr20_tp40_sl20_cut31,52,0.2,0.4,0.2,True,2284,22.2,3.87,0.46,1.94,1261,24.8,4.9,0.59,2.15
hold52_tr20_tp40_sl0_cut31,52,0.2,0.4,0.0,True,2284,22.2,3.87,0.46,1.94,1261,24.8,4.9,0.59,2.15
hold52_tr20_tp40_sl10_cut31,52,0.2,0.4,0.1,True,2326,21.4,3.66,0.46,1.89,1293,24.0,4.65,0.59,2.09
hold78_tr20_tp25_sl20_cut31,78,0.2,0.25,0.2,True,2555,23.4,2.81,0.46,1.68,1388,26.9,3.46,0.59,1.83
hold39_tr20_tp0_sl15_cut30,39,0.2,0.0,0.15,False,1168,50.3,11.95,0.45,2.63,704,51.3,15.81,0.51,3.25
hold52_tr20_tp50_sl15_cut31,52,0.2,0.5,0.15,True,2143,22.1,4.42,0.45,2.06,1209,24.6,5.21,0.56,2.2
hold52_tr20_tp50_sl0_cut31,52,0.2,0.5,0.0,True,2140,22.1,4.42,0.45,2.06,1207,24.7,5.22,0.55,2.2
hold52_tr20_tp50_sl20_cut31,52,0.2,0.5,0.2,True,2140,22.1,4.42,0.45,2.06,1207,24.7,5.22,0.55,2.2
hold39_tr20_tp0_sl10_cut30,39,0.2,0.0,0.1,False,1290,43.3,9.64,0.45,2.39,771,44.7,14.01,0.48,3.06
hold39_tr20_tp50_sl0_cut31,39,0.2,0.5,0.0,True,2194,22.2,4.03,0.45,1.98,1222,25.9,5.32,0.58,2.26
hold39_tr20_tp50_sl15_cut31,39,0.2,0.5,0.15,True,2196,22.1,4.02,0.45,1.98,1224,25.7,5.29,0.59,2.26
hold78_tr20_tp30_sl10_cut31,78,0.2,0.3,0.1,True,2463,21.5,3.01,0.45,1.73,1378,24.8,3.83,0.59,1.91
hold26_tr20_tp50_sl10_cut31,26,0.2,0.5,0.1,True,2322,23.4,3.32,0.45,1.86,1302,25.9,4.65,0.6,2.13
hold39_tr20_tp50_sl20_cut31,39,0.2,0.5,0.2,True,2194,22.2,4.03,0.45,1.98,1222,25.9,5.32,0.58,2.26
hold26_tr20_tp0_sl20_cut30,26,0.2,0.0,0.2,False,1323,54.4,9.38,0.44,2.37,802,54.1,12.88,0.53,2.82
hold78_tr20_tp40_sl20_cut31,78,0.2,0.4,0.2,True,2268,21.5,3.83,0.44,1.91,1259,24.7,4.94,0.59,2.15
hold52_tr20_tp0_sl20_cut30,52,0.2,0.0,0.2,False,1040,52.0,13.87,0.44,2.84,636,49.2,18.95,0.42,3.43
hold52_tr20_tp0_sl0_cut30,52,0.2,0.0,0.0,False,1004,55.2,15.11,0.44,3.11,615,51.5,21.06,0.45,3.97
hold26_tr20_tp0_sl0_cut30,26,0.2,0.0,0.0,False,1300,56.0,9.83,0.44,2.48,784,55.7,14.28,0.56,3.28
hold39_tr20_tp50_sl10_cut31,39,0.2,0.5,0.1,True,2224,21.3,3.85,0.44,1.94,1248,24.7,5.0,0.57,2.18
hold52_tr20_tp50_sl10_cut31,52,0.2,0.5,0.1,True,2182,21.3,4.17,0.44,2.01,1236,23.9,4.97,0.55,2.15
hold78_tr20_tp40_sl15_cut31,78,0.2,0.4,0.15,True,2271,21.5,3.83,0.44,1.91,1260,24.6,4.92,0.59,2.15
hold78_tr20_tp40_sl10_cut31,78,0.2,0.4,0.1,True,2310,20.9,3.61,0.44,1.86,1291,23.9,4.67,0.58,2.09
hold78_tr20_tp40_sl0_cut31,78,0.2,0.4,0.0,True,2268,21.5,3.83,0.44,1.91,1259,24.7,4.94,0.59,2.15
hold26_tr20_tp0_sl15_cut30,26,0.2,0.0,0.15,False,1364,52.5,8.64,0.43,2.24,825,51.4,12.3,0.53,2.76
hold78_tr20_tp50_sl15_cut31,78,0.2,0.5,0.15,True,2120,21.5,4.37,0.42,2.04,1203,24.4,5.28,0.55,2.21
hold39_tr20_tp0_sl20_cut31,39,0.2,0.0,0.2,True,2026,22.6,4.73,0.42,2.17,1102,26.6,7.98,0.48,2.92
hold78_tr20_tp50_sl0_cut31,78,0.2,0.5,0.0,True,2117,21.5,4.37,0.42,2.03,1201,24.6,5.29,0.55,2.21
hold78_tr20_tp50_sl20_cut31,78,0.2,0.5,0.2,True,2117,21.5,4.37,0.42,2.03,1201,24.6,5.29,0.55,2.21
hold52_tr20_tp0_sl10_cut30,52,0.2,0.0,0.1,False,1204,42.4,10.4,0.42,2.46,730,41.2,15.46,0.42,3.16
hold52_tr20_tp0_sl15_cut30,52,0.2,0.0,0.15,False,1087,48.9,12.88,0.42,2.69,664,46.8,17.87,0.42,3.36
hold39_tr20_tp0_sl0_cut31,39,0.2,0.0,0.0,True,2026,22.6,4.73,0.42,2.17,1102,26.6,7.98,0.48,2.92
hold39_tr20_tp0_sl15_cut31,39,0.2,0.0,0.15,True,2028,22.5,4.72,0.42,2.17,1103,26.5,7.95,0.48,2.9
hold39_tr20_tp0_sl10_cut31,39,0.2,0.0,0.1,True,2050,21.7,4.57,0.41,2.13,1121,25.4,7.62,0.48,2.82
hold26_tr20_tp0_sl20_cut31,26,0.2,0.0,0.2,True,2224,24.3,3.62,0.41,1.95,1225,26.9,6.68,0.51,2.63
hold26_tr20_tp0_sl15_cut31,26,0.2,0.0,0.15,True,2226,24.2,3.62,0.41,1.95,1226,26.8,6.66,0.51,2.62
hold26_tr20_tp0_sl10_cut30,26,0.2,0.0,0.1,False,1484,45.4,6.75,0.41,2.0,878,45.8,11.54,0.52,2.72
hold78_tr20_tp50_sl10_cut31,78,0.2,0.5,0.1,True,2157,20.8,4.07,0.41,1.97,1233,23.7,5.0,0.54,2.15
hold26_tr20_tp0_sl0_cut31,26,0.2,0.0,0.0,True,2224,24.3,3.62,0.41,1.95,1225,26.9,6.68,0.51,2.63
hold26_tr20_tp0_sl10_cut31,26,0.2,0.0,0.1,True,2244,23.4,3.44,0.4,1.89,1241,25.9,6.46,0.51,2.57
hold78_tr20_tp0_sl0_cut30,78,0.2,0.0,0.0,False,891,55.9,18.73,0.4,3.63,582,52.4,23.72,0.42,4.45
hold52_tr20_tp0_sl0_cut31,52,0.2,0.0,0.0,True,1898,22.9,5.22,0.39,2.26,1057,24.4,8.61,0.42,2.97
hold52_tr20_tp0_sl10_cut31,52,0.2,0.0,0.1,True,1932,22.0,4.95,0.39,2.2,1081,23.6,8.27,0.42,2.91
hold52_tr20_tp0_sl20_cut31,52,0.2,0.0,0.2,True,1898,22.9,5.22,0.39,2.26,1057,24.4,8.61,0.42,2.97
hold52_tr20_tp0_sl15_cut31,52,0.2,0.0,0.15,True,1901,22.8,5.22,0.39,2.26,1058,24.3,8.59,0.42,2.96
hold78_tr20_tp0_sl20_cut30,78,0.2,0.0,0.2,False,940,52.6,17.44,0.39,3.29,613,49.4,20.1,0.42,3.57
hold78_tr20_tp0_sl15_cut30,78,0.2,0.0,0.15,False,987,49.5,16.09,0.38,3.1,642,46.9,18.86,0.42,3.46
hold78_tr20_tp0_sl10_cut30,78,0.2,0.0,0.1,False,1108,42.4,12.92,0.37,2.8,709,41.6,16.22,0.41,3.24
hold78_tr20_tp0_sl15_cut31,78,0.2,0.0,0.15,True,1774,22.6,6.13,0.33,2.46,1029,24.6,9.14,0.42,3.08
hold78_tr20_tp0_sl20_cut31,78,0.2,0.0,0.2,True,1771,22.6,6.13,0.33,2.46,1028,24.7,9.16,0.42,3.09
hold78_tr20_tp0_sl0_cut31,78,0.2,0.0,0.0,True,1771,22.6,6.13,0.33,2.46,1028,24.7,9.16,0.42,3.09
hold78_tr20_tp0_sl10_cut31,78,0.2,0.0,0.1,True,1806,21.9,5.8,0.32,2.39,1053,23.8,8.79,0.42,3.02
