strategy,interval,threshold,name,max_hold,trailing_pct,take_profit_pct,stop_loss_pct,cut3d_neg,n,win_pct,mean_pct,median_pct,total_pct,mdd_pct,sharpe,profit_factor,avg_held_bars
trend_pullback,1d,70.0,hold252_tr20_tp20_sl0_cut30,252,0.2,0.2,0.0,False,3468,58.44867358708189,6.489353857856001,20.070226103264467,1.3972052741392456e+62,-97.4915237442349,0.6149488082736856,1.9470386642973374,61.4939446366782
trend_pullback,1d,70.0,hold365_tr20_tp20_sl0_cut30,365,0.2,0.2,0.0,False,3399,58.45837010885555,6.619945581866071,20.09997065463971,5.708705029216802e+61,-97.41394479674588,0.6094485029927319,1.9691515845614815,64.62312444836716
trend_pullback,1d,70.0,hold120_tr20_tp20_sl0_cut30,120,0.2,0.2,0.0,False,3689,57.57657901870425,5.671830724631641,17.867277554123184,9.355349894995628e+55,-97.81615576540513,0.6004384367162919,1.830431976248619,51.42721604770941
trend_pullback,1d,70.0,hold180_tr20_tp20_sl0_cut30,180,0.2,0.2,0.0,False,3557,58.11076750070284,6.08449905766575,19.95186046098276,1.0596097457698915e+59,-97.94231954446782,0.5980932002349554,1.8763259768032972,57.61147034017431
trend_pullback,1d,70.0,hold252_tr20_tp25_sl0_cut30,252,0.2,0.25,0.0,False,3179,52.75243787354514,7.1797474771006105,11.311741961405563,2.4258883242494193e+61,-97.93646431190547,0.5888942048260973,2.0026401076682996,69.07989933941491
trend_pullback,1d,70.0,hold252_tr20_tp40_sl0_cut30,252,0.2,0.4,0.0,False,2677,49.68248038849458,9.675907060267232,-0.16489916124191578,2.3228403604040427e+68,-97.81430522600962,0.5872642670518962,2.318499306255507,83.76989166977961
trend_pullback,1d,70.0,hold365_tr20_tp25_sl0_cut30,365,0.2,0.25,0.0,False,3117,52.51844722489574,7.372190600136956,18.662480151251025,2.8104729641623625e+61,-98.21244720748946,0.5850118625178613,2.0283976256028833,72.61533525826115
trend_pullback,1d,70.0,hold120_tr20_tp25_sl0_cut30,120,0.2,0.25,0.0,False,3396,53.20965842167256,6.241920178459074,5.401726057579081,2.6517022715523243e+55,-98.34814376280009,0.5829607267606036,1.882731430451783,56.63751472320377
trend_pullback,1d,70.0,hold252_tr20_tp30_sl0_cut30,252,0.2,0.3,0.0,False,2989,50.0836400133824,7.988363820322101,0.06409821577211278,1.3203406692324904e+63,-97.08474435381159,0.5811731693623732,2.0871717428720857,74.406825025092
trend_pullback,1d,70.0,hold365_tr20_tp30_sl0_cut30,365,0.2,0.3,0.0,False,2923,49.948682860075266,8.230314006649296,-0.0801682894340015,4.179820186380287e+63,-97.42472463315367,0.5781805399916302,2.122667427025895,78.9035237769415
trend_pullback,1d,70.0,hold180_tr20_tp25_sl0_cut30,180,0.2,0.25,0.0,False,3262,52.88166768853464,6.729309398329927,7.3210562136697295,2.764479657447061e+58,-98.28678558521491,0.5779844171085409,1.9310428975271268,64.01348865726548
trend_pullback,1d,70.0,hold120_tr20_tp30_sl0_cut30,120,0.2,0.3,0.0,False,3214,51.02675793403858,6.832881687136341,0.944931860461107,3.2575956671942704e+56,-98.22784187827858,0.5759935727757179,1.945605441653867,60.26602364654636
trend_pullback,1d,70.0,hold180_tr20_tp30_sl0_cut30,180,0.2,0.3,0.0,False,3059,50.50670153644982,7.461985840982624,0.3754715525688514,1.6063454160818365e+60,-97.75725495560468,0.5737352612934492,2.0149338608713325,68.75220660346518
trend_pullback,1d,70.0,hold365_tr20_tp40_sl0_cut30,365,0.2,0.4,0.0,False,2619,49.44635357006491,9.831293799707455,-0.4667235581417571,1.2583116390408201e+67,-98.13897939941086,0.5719051425243382,2.3371920070903403,89.3692248949981
trend_pullback,1d,70.0,hold252_tr20_tp20_sl20_cut30,252,0.2,0.2,0.2,False,3879,55.117298272750716,5.218674597729044,19.91876847432581,1.2408900234569817e+54,-98.9054404805817,0.5702964144365292,1.709184102739327,49.817736530033514
trend_pullback,1d,70.0,hold180_tr20_tp40_sl0_cut30,180,0.2,0.4,0.0,False,2767,49.69280809541019,8.759068437472383,-0.16489916124191578,3.926721805668182e+62,-98.44262662442834,0.5678327472705458,2.1763008713769922,76.18865196964221
trend_pullback,1d,70.0,hold120_tr20_tp40_sl0_cut30,120,0.2,0.4,0.0,False,2929,50.59747354045749,7.776825813923686,0.41622051349505823,1.3579639704111962e+57,-98.05604473871551,0.5658056607412825,2.065129239434551,65.58313417548652
trend_pullback,1d,70.0,hold180_tr20_tp20_sl20_cut30,180,0.2,0.2,0.2,False,3889,55.20699408588327,5.061666035604537,19.85411487492663,1.1207163069349049e+52,-99.2717889363392,0.5645202672437332,1.6918125478698143,48.36127539213165
trend_pullback,1d,70.0,hold120_tr20_tp25_sl20_cut30,120,0.2,0.25,0.2,False,3609,51.12219451371571,5.4885967217415,2.3350695353665074,2.8664065350900432e+51,-99.39529896040251,0.5634179079940256,1.745651552670712,50.01884178442782
trend_pullback,1d,70.0,hold120_tr20_tp20_sl20_cut30,120,0.2,0.2,0.2,False,3920,55.17857142857143,4.801306393104811,11.386930104743653,1.3647876532200518e+49,-99.24481596088278,0.5625902914180972,1.66915474647697,45.09183673469388
trend_pullback,1d,70.0,hold252_tr20_tp25_sl20_cut30,252,0.2,0.25,0.2,False,3549,49.760495914342066,6.002467802895047,-0.29415654147084674,1.739623005919724e+56,-99.04939106802888,0.5625654697373044,1.788197593773279,56.585798816568044
trend_pullback,1d,70.0,hold365_tr20_tp20_sl20_cut30,365,0.2,0.2,0.2,False,3879,54.8594998711008,5.192910129169421,19.93293848333444,3.3618712176452356e+53,-99.19394141574517,0.5622780641073495,1.7015119000447394,50.515339004898166
trend_pullback,1d,70.0,hold252_tr20_tp50_sl0_cut30,252,0.2,0.5,0.0,False,2515,49.184890656063615,10.43395830776947,-0.6395645065000453,9.696648900576474e+66,-98.06674460931852,0.5605114760814212,2.3949867052876836,90.29065606361829
trend_pullback,1d,70.0,hold180_tr20_tp25_sl20_cut30,180,0.2,0.25,0.2,False,3560,50.2247191011236,5.791785121892095,0.4832907630554552,7.986699087384513e+53,-99.31813429724494,0.5587149089462246,1.7665802816248874,54.35758426966292
trend_pullback,1d,70.0,hold252_tr20_tp20_sl15_cut30,252,0.2,0.2,0.15,False,4116,52.1622934888241,4.694208097540911,18.264878852687104,9.915100575181493e+50,-98.11916320176192,0.5586179133495682,1.648354691299586,44.7910592808552
trend_pullback,1d,70.0,hold365_tr20_tp25_sl20_cut30,365,0.2,0.25,0.2,False,3548,49.32356257046223,6.010789390248374,-1.34354675294136,1.3554918546468403e+56,-99.40767628756397,0.5564098369394357,1.7849616492695066,57.63162344983089
trend_pullback,1d,70.0,hold252_tr20_tp30_sl20_cut30,252,0.2,0.3,0.2,False,3328,47.38581730769231,6.701359045152437,-2.443911436771179,5.663730921523503e+57,-99.2698545649641,0.5558488039944686,1.860211222760115,61.40294471153846
trend_pullback,1d,70.0,hold180_tr20_tp20_sl15_cut30,180,0.2,0.2,0.15,False,4122,52.256186317321685,4.592601495825211,9.957582109656338,4.2195660349885384e+49,-98.24734077883913,0.5557657197141506,1.637846899028888,43.724890829694324
trend_pullback,1d,70.0,hold120_tr20_tp20_sl15_cut30,120,0.2,0.2,0.15,False,4148,52.48312439729991,4.364102649897919,5.692686803480662,7.037212201557771e+46,-97.78128107529719,0.5528862499144848,1.6169596600296752,41.01494696239151
trend_pullback,1d,70.0,hold365_tr20_tp20_sl15_cut30,365,0.2,0.2,0.15,False,4116,51.94363459669582,4.676279093481839,19.82116088474455,3.7402396042883053e+50,-98.11916320176192,0.5523712115810565,1.6431089855306387,45.29980563654033
trend_pullback,1d,70.0,hold120_tr20_tp30_sl20_cut30,120,0.2,0.3,0.2,False,3416,48.85831381733021,5.969130626881214,-1.0703204223288518,4.533980722766458e+51,-99.2395650676385,0.5520323365999529,1.7936602778063957,53.34718969555035
trend_pullback,1d,70.0,hold365_tr20_tp50_sl0_cut30,365,0.2,0.5,0.0,False,2454,49.10350448247759,10.850647242733702,-0.6967322601112211,3.9262998238107786e+67,-97.99478136558739,0.5518685870477832,2.453090611871543,97.33088834555828
trend_pullback,1d,70.0,hold180_tr20_tp30_sl20_cut30,180,0.2,0.3,0.2,False,3344,48.145933014354064,6.3938868410819545,-1.8769189762940397,5.109986268638039e+54,-99.46424111218629,0.5505775984769463,1.827854380129316,58.479665071770334
trend_pullback,1d,70.0,hold252_tr20_tp40_sl20_cut30,252,0.2,0.4,0.2,False,2982,46.41180415828303,8.019361685667196,-3.0289715356640046,4.595734439831117e+60,-99.41796488885659,0.5488303395235287,2.0185641458503807,69.83568075117371
trend_pullback,1d,70.0,hold252_tr20_tp25_sl15_cut30,252,0.2,0.25,0.15,False,3768,46.947983014862,5.388729064913728,-3.744421332130959,5.258963831501062e+52,-98.59425951927243,0.5486779543966218,1.71846542466428,50.93338641188959
trend_pullback,1d,70.0,hold180_tr20_tp50_sl0_cut30,180,0.2,0.5,0.0,False,2613,49.02411021814007,9.45037909383271,-0.6917597537798856,8.390993573700519e+61,-98.54042499572233,0.5485912911128987,2.249367316144975,81.10983543819364
trend_pullback,1d,70.0,hold180_tr20_tp25_sl15_cut30,180,0.2,0.25,0.15,False,3774,47.45627980922099,5.2546121167381274,-3.518671564793363,1.5523857783151347e+51,-98.8793240063501,0.5485539852025113,1.705542103295448,49.166666666666664
trend_pullback,1d,70.0,hold120_tr20_tp50_sl0_cut30,120,0.2,0.5,0.0,False,2786,50.28715003589376,8.231514065216366,0.17898377305923824,1.6501001887713632e+56,-98.0944318741221,0.5473730434439823,2.1178637622401797,69.03015075376885
trend_pullback,1d,70.0,hold120_tr20_tp25_sl15_cut30,120,0.2,0.25,0.15,False,3816,48.37526205450734,4.942359921327435,-2.1792400940710275,1.1632120670031838e+48,-98.83470253549694,0.5470535606873542,1.6776401311983429,45.481656184486376
trend_pullback,1d,70.0,hold365_tr20_tp30_sl20_cut30,365,0.2,0.3,0.2,False,3328,46.81490384615385,6.678033464540592,-2.858944480743475,1.4769525702661128e+57,-99.53109033030204,0.5452877323829339,1.8510860952459975,62.90594951923077
trend_pullback,1d,70.0,hold252_tr20_tp30_sl15_cut30,252,0.2,0.3,0.15,False,3519,44.6433645922137,6.058935909310636,-4.380551792053666,3.310601904403178e+54,-98.9813053502326,0.5445186626195816,1.7935129286951297,55.59960215970446
trend_pullback,1d,70.0,hold365_tr20_tp25_sl15_cut30,365,0.2,0.25,0.15,False,3767,46.58879745155296,5.396725835324063,-4.010890235937914,4.576025188910115e+52,-98.93643725647692,0.5439195368869392,1.7166356661005648,51.71117600212371
trend_pullback,1d,70.0,hold120_tr20_tp20_sl10_cut30,120,0.2,0.2,0.1,False,4734,45.54288128432616,3.486898233641653,-8.864690226211314,1.8214313270549502e+42,-98.9230478360235,0.5422184541427638,1.5342331823624644,32.383185466835656
trend_pullback,1d,70.0,hold180_tr20_tp30_sl15_cut30,180,0.2,0.3,0.15,False,3533,45.31559581092556,5.830585217354806,-4.060570739159486,1.5272657234871897e+52,-99.15398781958584,0.5418009183506076,1.7688657025317855,53.20690631191622
trend_pullback,1d,70.0,hold180_tr20_tp40_sl20_cut30,180,0.2,0.4,0.2,False,3006,46.972721224218226,7.5226839827409835,-2.492401591544091,3.555849756939247e+56,-99.62027081600138,0.541336736121559,1.9654068937809093,65.70858283433134
trend_pullback,1d,70.0,hold252_tr20_tp20_sl10_cut30,252,0.2,0.2,0.1,False,4724,44.87722269263336,3.6346806917236316,-9.506604516048577,2.1494378720867438e+44,-98.76166757746654,0.540420108268941,1.5476280545459977,34.5002116850127
trend_pullback,1d,70.0,hold180_tr20_tp20_sl10_cut30,180,0.2,0.2,0.1,False,4724,44.961896697713804,3.591647282716325,-9.453436145760364,4.207210814017296e+43,-99.06754535889189,0.5398976940264131,1.5425285043716757,33.91955969517358
trend_pullback,1d,70.0,hold120_tr20_tp40_sl20_cut30,120,0.2,0.4,0.2,False,3103,48.179181437318725,6.797214326167309,-1.5005526273735967,1.1891108547507002e+52,-99.6429707722059,0.5395298313073971,1.8964773527299608,58.57718337093136
trend_pullback,1d,70.0,hold120_tr20_tp30_sl15_cut30,120,0.2,0.3,0.15,False,3598,46.2479155086159,5.395594450336323,-3.3283648879606833,2.134182143290483e+48,-98.9215659743082,0.5371854842589336,1.7264433733102378,48.69594219010561
trend_pullback,1d,70.0,hold252_tr20_tp40_sl15_cut30,252,0.2,0.4,0.15,False,3154,43.722257450856056,7.2681251749332505,-4.91284161990948,2.2156300401836366e+57,-99.26024284660646,0.5360349241494797,1.941671122034516,63.7714013950539
trend_pullback,1d,70.0,hold252_tr20_tp50_sl20_cut30,252,0.2,0.5,0.2,False,2791,46.07667502687209,8.922652540335893,-3.2151604219211816,4.6830626369724134e+61,-99.33254404005775,0.5354604925369196,2.123632933416045,76.0
trend_pullback,1d,70.0,hold365_tr20_tp30_sl15_cut30,365,0.2,0.3,0.15,False,3519,44.131855640807046,6.038306826065215,-4.620240842786638,1.0322947396616563e+54,-99.19105462896579,0.535448236851217,1.7866032177256337,56.77919863597613
trend_pullback,1d,70.0,hold365_tr20_tp20_sl10_cut30,365,0.2,0.2,0.1,False,4724,44.686706181202375,3.619394521954101,-9.547268937407521,9.279506300064602e+43,-98.87238765054661,0.5353786713330284,1.5439211664334422,34.78662150719729
trend_pullback,1d,70.0,hold252_tr20_tp40_sl10_cut31,252,0.2,0.4,0.1,True,6961,17.526217497485995,2.708675113793142,-1.7545133411904668,4.9817622767022565e+47,-98.1245178308762,0.5353707068007051,1.787647269890795,22.2134750754202
trend_pullback,1d,70.0,hold180_tr20_tp40_sl10_cut31,180,0.2,0.4,0.1,True,6990,17.71101573676681,2.5999465430904247,-1.749768930951301,4.3148072912469393e+45,-98.60191092240571,0.5343810832454573,1.7598445433588872,21.163376251788268
trend_pullback,1d,70.0,hold252_tr20_tp25_sl10_cut30,252,0.2,0.25,0.1,False,4324,40.44865864939871,4.254487213984666,-9.685439553428555,8.251419861384988e+46,-99.13913448723932,0.5339020392668845,1.6196672721299317,39.92113783533765
trend_pullback,1d,70.0,hold120_tr20_tp25_sl10_cut30,120,0.2,0.25,0.1,False,4351,41.76051482417835,3.96802952774702,-9.32715770401532,2.0043245727636026e+43,-99.0020891345003,0.5332653118133357,1.5887456640361148,36.32521259480579
trend_pullback,1d,70.0,hold365_tr20_tp40_sl20_cut30,365,0.2,0.4,0.2,False,2975,45.84873949579832,7.9892690918849745,-3.394354596535998,5.4293171102676525e+59,-99.593620978091,0.5332128604618959,2.0080981600419343,72.56436974789916
trend_pullback,1d,70.0,hold180_tr20_tp40_sl15_cut30,180,0.2,0.4,0.15,False,3171,44.370860927152314,6.890492354363201,-4.593339399337337,1.29802549893063e+54,-99.43416769194812,0.5326453288027525,1.9006949996696267,60.221381267738884
trend_pullback,1d,70.0,hold180_tr20_tp25_sl10_cut30,180,0.2,0.25,0.1,False,4326,40.70735090152566,4.161263241695393,-9.646685861564603,3.6531278013241056e+45,-99.22609952971074,0.5321943695171205,1.607857918108413,38.82316227461858
trend_pullback,1d,70.0,hold180_tr20_tp30_sl10_cut30,180,0.2,0.3,0.1,False,4014,38.66467364225212,4.733087621293036,-9.937451499744554,3.673374018194889e+47,-99.31037724732438,0.5315896600957841,1.6819295993722743,42.63178873941206
trend_pullback,1d,70.0,hold120_tr20_tp20_sl15_cut31,120,0.2,0.2,0.15,True,8597,22.44969175293707,1.6128574110672904,-1.4592310329174627,1.3978454709629556e+36,-98.85962714434494,0.5312374134613459,1.49168594845873,15.337559613818774
trend_pullback,1d,70.0,hold252_tr20_tp30_sl10_cut30,252,0.2,0.3,0.1,False,4009,38.164130705911695,4.845514437962808,-10.095840887393914,7.093572351257044e+48,-99.19314886376868,0.5312343194636954,1.6944127151704784,44.017211274632075
trend_pullback,1d,70.0,hold120_tr20_tp40_sl10_cut31,120,0.2,0.4,0.1,True,7109,18.286678857785905,2.3650386951763775,-1.702920493771387,4.526182410836894e+41,-97.92107788322464,0.5308095979693542,1.7025396345557655,19.13982275988184
trend_pullback,1d,70.0,hold180_tr20_tp40_sl0_cut31,180,0.2,0.4,0.0,True,6622,19.118091211114464,2.8957954653790297,-1.6731505432726668,1.7319080514192492e+48,-97.8559100355868,0.5307406507328443,1.8113018026382257,24.104047115675023
trend_pullback,1d,70.0,hold180_tr20_tp50_sl20_cut30,180,0.2,0.5,0.2,False,2833,46.52312036710201,8.281931117638534,-3.033084436028355,1.7612678055649896e+57,-99.70285674331953,0.5300470960029957,2.051180415980242,70.38192728556301
trend_pullback,1d,70.0,hold180_tr20_tp20_sl15_cut31,180,0.2,0.2,0.15,True,8541,22.210513991335908,1.6845195753479532,-1.4797019654321784,5.994904272165892e+37,-98.56400422981292,0.529860182435198,1.5049630938175138,16.32092260859384
trend_pullback,1d,70.0,hold252_tr20_tp20_sl15_cut31,252,0.2,0.2,0.15,True,8539,22.157161260100715,1.7097666196199857,-1.483838842173024,3.0492629720065958e+38,-98.37385203282135,0.5297160759183446,1.5103880934251213,16.6902447593395
trend_pullback,1d,70.0,hold180_tr20_tp40_sl20_cut31,180,0.2,0.4,0.2,True,6622,19.102990033222593,2.8592676871443783,-1.6741493475184221,3.953118743480249e+47,-98.90180066515958,0.5296787787953678,1.800104598316977,24.101026880096647
trend_pullback,1d,70.0,hold365_tr20_tp25_sl10_cut30,365,0.2,0.25,0.1,False,4323,40.15729817256535,4.254339297595122,-9.695014085373622,6.14816182402149e+46,-99.3149458396258,0.5296358131579253,1.6180136865686723,40.414295628036086
trend_pullback,1d,70.0,hold180_tr20_tp40_sl15_cut31,180,0.2,0.4,0.15,True,6678,18.823000898472596,2.8041129213327056,-1.6937911748604595,8.318477550390407e+46,-98.7709003627873,0.529142122546819,1.787178986122557,23.504791853848456
trend_pullback,1d,70.0,hold120_tr20_tp30_sl10_cut30,120,0.2,0.3,0.1,False,4068,39.823008849557525,4.42198966687507,-9.622359790651402,2.3873902874622517e+44,-99.10630820741127,0.5287827874153077,1.6470334014413148,39.36209439528024
trend_pullback,1d,70.0,hold252_tr20_tp40_sl0_cut31,252,0.2,0.4,0.0,True,6588,18.88281724347298,3.0173367125696062,-1.6930123328052493,1.536172589850926e+50,-97.4266946387954,0.5284111755126365,1.8367821140666425,25.49408014571949
trend_pullback,1d,70.0,hold120_tr20_tp50_sl20_cut30,120,0.2,0.5,0.2,False,2947,48.08279606379369,7.327677799229251,-1.5265877536833614,1.3004025604833792e+52,-99.674975869627,0.5283086330593401,1.9609036914607794,61.757719714964374
trend_pullback,1d,70.0,hold120_tr20_tp20_sl0_cut31,120,0.2,0.2,0.0,True,8537,22.712896802155324,1.6650282556180804,-1.4476517781977003,8.169979973439893e+36,-99.05512415061423,0.5282924625725703,1.5050253619873966,15.738549841864824
trend_pullback,1d,70.0,hold120_tr20_tp40_sl15_cut30,120,0.2,0.4,0.15,False,3259,45.688861613992025,6.212669739895187,-3.6782644150462396,1.877287023312675e+49,-99.42604911815695,0.528141951148721,1.8301641405776758,53.81558760355937
trend_pullback,1d,70.0,hold120_tr20_tp20_sl20_cut31,120,0.2,0.2,0.2,True,8537,22.701183085392994,1.636694303706418,-1.447978955372242,1.8648161454297336e+36,-99.05512415061423,0.5279545179653177,1.4959298382176829,15.736207098512358
trend_pullback,1d,70.0,hold252_tr20_tp40_sl15_cut31,252,0.2,0.4,0.15,True,6646,18.627746012639182,2.923686915761842,-1.7037573996656008,8.55610046455487e+48,-98.35121059837226,0.5278547843713072,1.8143133805388059,24.815377670779416
trend_pullback,1d,70.0,hold252_tr20_tp40_sl20_cut31,252,0.2,0.4,0.2,True,6588,18.867638129933212,2.9806204181752736,-1.6937911748604595,3.506348188163876e+49,-98.71372671851739,0.5274164823695068,1.8256106838972985,25.491044323011536
trend_pullback,1d,70.0,hold180_tr20_tp20_sl0_cut31,180,0.2,0.2,0.0,True,8474,22.480528675949966,1.741346346467839,-1.470048728366585,4.400603130118689e+38,-98.88321078816293,0.5272500752301721,1.5194322119622992,16.782747226811424
trend_pullback,1d,70.0,hold252_tr20_tp20_sl0_cut31,252,0.2,0.2,0.0,True,8472,22.415014164305948,1.7696357587614155,-1.4741236167443825,2.724591161134076e+39,-98.56410175738603,0.5270713023318371,1.5255258867082484,17.201841359773372
trend_pullback,1d,70.0,hold180_tr20_tp20_sl20_cut31,180,0.2,0.2,0.2,True,8474,22.468727873495396,1.7128017456335385,-1.4709515917093183,1.004447476413922e+38,-98.88321078816293,0.5270471201886875,1.5104062180640532,16.78038706632051
trend_pullback,1d,70.0,hold252_tr20_tp20_sl20_cut31,252,0.2,0.2,0.2,True,8472,22.40321057601511,1.7410844193527915,-1.4748327060618347,6.218940075123249e+38,-98.56410175738603,0.5269345462616002,1.5165317553875906,17.1994806421152
trend_pullback,1d,70.0,hold365_tr20_tp40_sl10_cut31,365,0.2,0.4,0.1,True,6954,17.40005752085131,2.7089131764578247,-1.76250645692827,2.5897077009152046e+47,-98.12901192149413,0.5268282447020566,1.7853642573600486,22.766465343687088
trend_pullback,1d,70.0,hold252_tr20_tp50_sl15_cut30,252,0.2,0.5,0.15,False,2958,43.30628803245436,8.14521861634573,-5.0885018987065544,1.1740254973405617e+59,-99.09614122322964,0.5266075790345828,2.050065802890589,69.45740365111561
trend_pullback,1d,70.0,hold365_tr20_tp20_sl15_cut31,365,0.2,0.2,0.15,True,8539,22.098606394191357,1.7064136122138382,-1.4898817806375473,1.9286449648879623e+38,-98.35702118444462,0.5251810800609732,1.5080084953161736,16.863684272163017
trend_pullback,1d,70.0,hold180_tr20_tp30_sl15_cut31,180,0.2,0.3,0.15,True,7340,19.291553133514984,2.276172902082957,-1.6677256173729893,4.739708975484941e+42,-98.7166022661698,0.5247439453334426,1.6495411547930725,20.73106267029973
trend_pullback,1d,70.0,hold365_tr20_tp50_sl20_cut30,365,0.2,0.5,0.2,False,2777,45.55275477133598,9.052992012511826,-3.551285054318265,8.830931665979363e+61,-99.405262441815,0.5243461977227358,2.1334217635531156,79.69931580842636
trend_pullback,1d,70.0,hold365_tr20_tp30_sl10_cut30,365,0.2,0.3,0.1,False,4010,37.80548628428927,4.831862730077822,-10.111105919770685,3.1418017508270003e+48,-99.35927955259504,0.5241934483046049,1.6902900841817448,44.76708229426434
trend_pullback,1d,70.0,hold120_tr20_tp40_sl15_cut31,120,0.2,0.4,0.15,True,6849,19.41889326909038,2.5185901830552764,-1.6261981491657251,3.8765964034671885e+42,-98.34750324744265,0.5239043335488102,1.7250969514430188,21.086581982771207
trend_pullback,1d,70.0,hold180_tr20_tp50_sl15_cut30,180,0.2,0.5,0.15,False,2993,43.90243902439025,7.603810035271263,-4.79183834831397,1.7212091224283752e+55,-99.484122216222,0.5237896183552915,1.9901661239722401,64.56698964249917
trend_pullback,1d,70.0,hold252_tr20_tp30_sl15_cut31,252,0.2,0.3,0.15,True,7321,19.068433274142876,2.3441694011091396,-1.6837336576467021,1.166336687978954e+44,-98.31992806121451,0.5234882763445056,1.6648684964363694,21.633246824204345
trend_pullback,1d,70.0,hold120_tr20_tp50_sl15_cut30,120,0.2,0.5,0.15,False,3094,45.70135746606335,6.7664927342353,-3.677054283116876,1.8860848716481494e+50,-99.3395688487176,0.5229045599716989,1.9060290136919105,56.87491919844861
trend_pullback,1d,70.0,hold120_tr20_tp40_sl0_cut31,120,0.2,0.4,0.0,True,6810,19.60352422907489,2.577690937347852,-1.6112699415787912,1.8703971327019934e+43,-97.06372973598467,0.5222270024689032,1.739809188750846,21.52143906020558
trend_pullback,1d,70.0,hold365_tr20_tp20_sl0_cut31,365,0.2,0.2,0.0,True,8474,22.33891904649516,1.7649619644549117,-1.4781862901094454,1.5627071913099907e+39,-98.44367793934273,0.5218451171547123,1.5226338381217581,17.404177484068917
trend_pullback,1d,70.0,hold365_tr20_tp20_sl20_cut31,365,0.2,0.2,0.2,True,8474,22.327118244040594,1.7364173636206113,-1.4785535893555966,3.5669140076325605e+38,-98.44367793934273,0.5216622487756,1.5136704787681554,17.401817323578005
trend_pullback,1d,70.0,hold365_tr20_tp40_sl15_cut30,365,0.2,0.4,0.15,False,3148,43.23379923761118,7.22239421390249,-5.258606557245238,2.0748008848360744e+56,-99.36134454710508,0.5214271973305818,1.9304817449655458,65.93106734434562
trend_pullback,1d,70.0,hold252_tr20_tp40_sl10_cut30,252,0.2,0.4,0.1,False,3628,37.40352811466373,5.8402822852103515,-10.232905652018509,5.992341112951704e+51,-99.6469240921668,0.5213100951669746,1.8249732754110835,50.715545755237045
trend_pullback,1d,70.0,hold120_tr20_tp40_sl10_cut30,120,0.2,0.4,0.1,False,3700,39.32432432432432,5.168991291175588,-10.064978133572616,7.790498755123668e+45,-99.5609362249931,0.521184570710523,1.7477412461846282,43.74324324324324
trend_pullback,1d,70.0,hold120_tr20_tp40_sl20_cut31,120,0.2,0.4,0.2,True,6810,19.588839941262847,2.5421715618016165,-1.6124369946981576,4.269223159380155e+42,-98.61404420735167,0.5209315555955004,1.728740902807234,21.518502202643173
trend_pullback,1d,70.0,hold180_tr20_tp40_sl10_cut30,180,0.2,0.4,0.1,False,3639,37.8950261060731,5.601854235212967,-10.225661809057208,2.479216103516455e+49,-99.66135146302271,0.5200495050320285,1.795329835220641,48.271228359439405
trend_pullback,1d,70.0,hold120_tr20_tp50_sl10_cut31,120,0.2,0.5,0.1,True,6723,18.280529525509444,2.5831891079617497,-1.700778764987665,2.470631045815064e+42,-98.49719779255052,0.519959498053526,1.77385188757762,20.61624274877287
trend_pullback,1d,70.0,hold120_tr20_tp25_sl15_cut31,120,0.2,0.25,0.15,True,7948,20.621540010065427,1.8503602525693343,-1.5498346123525406,2.595336879978829e+37,-98.57270700687708,0.5193730092422688,1.5470964686360584,17.437342727730247
trend_pullback,1d,70.0,hold180_tr20_tp30_sl0_cut31,180,0.2,0.3,0.0,True,7296,19.490131578947366,2.3214204604042874,-1.6563481135939417,1.002036150404695e+43,-98.5558298156056,0.5191913199820853,1.6585548399254681,21.229303728070175
trend_pullback,1d,70.0,hold120_tr20_tp50_sl15_cut31,120,0.2,0.5,0.15,True,6462,19.483132157226866,2.7748316599663045,-1.6170641876163516,8.223131551096261e+43,-98.73915681531706,0.5187791271725442,1.8074355255888528,22.61699164345404
trend_pullback,1d,70.0,hold180_tr20_tp30_sl20_cut31,180,0.2,0.3,0.2,True,7296,19.476425438596493,2.2882670958936155,-1.6567924189492989,2.2871698555610805e+42,-98.63265449489575,0.5183819951962266,1.6484321515843752,21.2265625
trend_pullback,1d,70.0,hold365_tr20_tp30_sl15_cut31,365,0.2,0.3,0.15,True,7326,18.89161889161889,2.3502259097766256,-1.6945438682752945,1.2524362552380613e+44,-98.48122411214851,0.518370189061174,1.6644976312259863,22.03931203931204
trend_pullback,1d,70.0,hold120_tr20_tp30_sl15_cut31,120,0.2,0.3,0.15,True,7502,19.74140229272194,2.0852104789651493,-1.6039752781607353,1.54535480157579e+39,-98.43053618780216,0.5182500292064913,1.6081408747302481,18.90415889096241
trend_pullback,1d,70.0,hold252_tr20_tp25_sl15_cut31,252,0.2,0.25,0.15,True,7825,20.038338658146966,2.0121729615333788,-1.625237716729222,5.089528993765106e+40,-98.63378219155136,0.5177480995491828,1.5793540774398032,19.59399361022364
trend_pullback,1d,70.0,hold180_tr20_tp25_sl15_cut31,180,0.2,0.25,0.15,True,7840,20.20408163265306,1.964225287449919,-1.6046218345417085,3.747396829201387e+39,-98.7114593954413,0.5177296892150444,1.5688041187333945,18.940816326530612
trend_pullback,1d,70.0,hold120_tr20_tp25_sl0_cut31,120,0.2,0.25,0.0,True,7896,20.871327254305978,1.9076411838927472,-1.5404992201291432,1.7182310819228657e+38,-98.40761430116154,0.5176586489278118,1.561571550338026,17.86005572441743
trend_pullback,1d,70.0,hold252_tr20_tp30_sl0_cut31,252,0.2,0.3,0.0,True,7277,19.238697265356603,2.3919521201869878,-1.6708988457554974,2.6922956779528257e+44,-98.40854124407001,0.5175881501311955,1.6739838793048498,22.202143740552426
trend_pullback,1d,70.0,hold120_tr20_tp25_sl20_cut31,120,0.2,0.25,0.2,True,7896,20.858662613981764,1.877007072004467,-1.540780500411698,3.921900755651259e+37,-98.40761430116154,0.5169236894675298,1.5519678230268203,17.857522796352583
trend_pullback,1d,70.0,hold365_tr20_tp40_sl15_cut31,365,0.2,0.4,0.15,True,6635,18.492840994724943,2.9132826157818,-1.70753792926297,2.2113512769840883e+48,-98.3551614804989,0.5168733318297248,1.8089975223042527,25.521929163526753
trend_pullback,1d,70.0,hold252_tr20_tp30_sl20_cut31,252,0.2,0.3,0.2,True,7277,19.224955338738493,2.358712193366889,-1.6713534145390452,6.145224914674103e+43,-98.40854124407001,0.5168533340670434,1.6638862301970925,22.199395355228802
trend_pullback,1d,70.0,hold365_tr20_tp50_sl15_cut30,365,0.2,0.5,0.15,False,2945,42.88624787775891,8.255592980413084,-5.386930557963943,2.3765959361686235e+59,-99.00413909325954,0.5168257419238126,2.0602649136041244,72.5741935483871
trend_pullback,1d,70.0,hold120_tr20_tp50_sl0_cut31,120,0.2,0.5,0.0,True,6427,19.667029718375602,2.8297217426533114,-1.6018640095716852,2.8171594178474295e+44,-97.18420370960781,0.5168090394143339,1.821047835260614,23.039520771744204
trend_pullback,1d,70.0,hold365_tr20_tp40_sl0_cut31,365,0.2,0.4,0.0,True,6578,18.729096989966553,3.0045057337254937,-1.701200470134645,3.2094700685040733e+49,-97.4266946387954,0.5164728958534313,1.8301333194297476,26.260413499543933
trend_pullback,1d,70.0,hold180_tr20_tp50_sl15_cut31,180,0.2,0.5,0.15,True,6260,18.78594249201278,3.094118568779083,-1.6912536421148983,6.154804026710576e+47,-98.90369792996192,0.5159006172473344,1.8794419888117342,25.69552715654952
trend_pullback,1d,70.0,hold365_tr20_tp40_sl20_cut31,365,0.2,0.4,0.2,True,6578,18.71389480085132,2.9677336225260618,-1.7020224394925398,7.325686992473687e+48,-98.71680892787217,0.5154314509115165,1.818994313444289,26.257373061720887
trend_pullback,1d,70.0,hold120_tr20_tp50_sl20_cut31,120,0.2,0.5,0.2,True,6427,19.651470359421193,2.7920856842326076,-1.6030942366258794,6.430229185053196e+43,-98.9425256583844,0.515300985203102,1.80908814341188,23.036408899953322
trend_pullback,1d,70.0,hold252_tr20_tp50_sl10_cut30,252,0.2,0.5,0.1,False,3384,37.174940898345156,6.641702861713726,-10.231778671009323,1.3984539958295233e+54,-99.47833846614928,0.514924117636683,1.9390686120841567,55.950650118203306
trend_pullback,1d,70.0,hold180_tr20_tp30_sl10_cut31,180,0.2,0.3,0.1,True,7719,17.89091851276072,2.0211686139301186,-1.7495893552084696,1.079362696864535e+39,-98.12516022493296,0.5148048700331623,1.5953869029987762,18.303666278015285
trend_pullback,1d,70.0,hold252_tr20_tp50_sl15_cut31,252,0.2,0.5,0.15,True,6187,18.603523517051883,3.2888074304002037,-1.6951854188462345,3.448260690263845e+50,-98.33498164737671,0.5146840863043282,1.9264627153384812,27.673832228866978
trend_pullback,1d,70.0,hold252_tr20_tp30_sl10_cut31,252,0.2,0.3,0.1,True,7703,17.69440477735947,2.074128521411334,-1.757813624810045,1.5992347090333882e+40,-98.37922905036271,0.5146542702909932,1.6084995479032522,18.956640270024664
trend_pullback,1d,70.0,hold120_tr20_tp30_sl0_cut31,120,0.2,0.3,0.0,True,7467,19.900897281371368,2.1304089447711125,-1.5911648686810276,4.525876470046193e+39,-97.68523128289443,0.5144431719731324,1.618791687775516,19.295701084773
trend_pullback,1d,70.0,hold252_tr20_tp20_sl10_cut31,252,0.2,0.2,0.1,True,8970,20.63545150501672,1.470864751865653,-1.5738382092033154,6.544381581184792e+33,-98.47008872376422,0.5144131579369782,1.4526667105067728,14.339130434782609
trend_pullback,1d,70.0,hold365_tr20_tp25_sl15_cut31,365,0.2,0.25,0.15,True,7823,19.92841620861562,2.017494528577347,-1.6304904705328083,5.292033736877669e+40,-98.63378219155136,0.5139646628348493,1.5789811378734597,19.882270228812477
trend_pullback,1d,70.0,hold180_tr20_tp50_sl0_cut31,180,0.2,0.5,0.0,True,6218,18.99324541653265,3.1631370929729687,-1.6741493475184221,2.5686411814758224e+48,-98.09766325106447,0.5139170641135768,1.8941145753035094,26.24573817947893
trend_pullback,1d,70.0,hold180_tr20_tp20_sl10_cut31,180,0.2,0.2,0.1,True,8971,20.70003344108795,1.4531475706266652,-1.5647614971148638,1.8702975995358583e+33,-98.82927937475324,0.5137707058301122,1.448269327482129,14.107568832906031
trend_pullback,1d,70.0,hold252_tr20_tp50_sl10_cut31,252,0.2,0.5,0.1,True,6512,17.460073710073708,2.9971794892542767,-1.7597380316516698,1.9403442828147302e+48,-98.20563858661471,0.5135143799045029,1.8802420512749876,24.90003071253071
trend_pullback,1d,70.0,hold180_tr20_tp25_sl0_cut31,180,0.2,0.25,0.0,True,7783,20.42914043427984,2.0161440969210793,-1.5888927618351811,1.3703146257631274e+40,-98.77942177346365,0.5134231465530551,1.5807813951304976,19.445843505075164
trend_pullback,1d,70.0,hold120_tr20_tp30_sl20_cut31,120,0.2,0.3,0.2,True,7467,19.887505022097226,2.0980148176156477,-1.5929096866261983,1.033041395572615e+39,-98.43042170985649,0.5134109984976009,1.6087087310349486,19.293022632918174
trend_pullback,1d,70.0,hold120_tr20_tp50_sl10_cut30,120,0.2,0.5,0.1,False,3498,39.16523727844483,5.648668266193958,-10.064978133572616,4.3558684088313496e+46,-99.48299176120614,0.5132613051008551,1.8193326436285793,46.673527730131504
trend_pullback,1d,70.0,hold180_tr20_tp50_sl10_cut30,180,0.2,0.5,0.1,False,3412,37.66119577960141,6.276754611082745,-10.222710571957904,1.12357941080483e+51,-99.57367271708175,0.5131308035019494,1.89146176627748,52.493845252051585
trend_pullback,1d,70.0,hold120_tr20_tp20_sl10_cut31,120,0.2,0.2,0.1,True,8978,20.90666072621965,1.404096641932428,-1.5510737099922065,7.989042133619876e+31,-99.40824716141462,0.513112266063264,1.437368500817252,13.476832256627311
trend_pullback,1d,70.0,hold252_tr20_tp50_sl0_cut31,252,0.2,0.5,0.0,True,6143,18.818167019371643,3.363841875625847,-1.683935915215684,1.790195311755427e+51,-97.52902616834908,0.5129922970158,1.9424310179973359,28.300179065603125
trend_pullback,1d,70.0,hold180_tr20_tp25_sl20_cut31,180,0.2,0.25,0.2,True,7783,20.416291918283438,1.985065213782205,-1.5897329711996089,3.1277736870212694e+39,-98.77942177346365,0.5128101011818957,1.5712269439476867,19.443273801875883
trend_pullback,1d,70.0,hold252_tr20_tp25_sl0_cut31,252,0.2,0.25,0.0,True,7768,20.23686920700309,2.0653536582505505,-1.6055704159816553,1.8928027675509097e+41,-98.70584155144283,0.5126654207071553,1.591119570494228,20.172760041194646
trend_pullback,1d,70.0,hold180_tr20_tp50_sl20_cut31,180,0.2,0.5,0.2,True,6218,18.97716307494371,3.1242360078218168,-1.676222677752598,5.86298076935801e+47,-99.02045516274802,0.5125487605514727,1.8819774598460681,26.242521711161146
trend_pullback,1d,70.0,hold252_tr20_tp25_sl20_cut31,252,0.2,0.25,0.2,True,7768,20.22399588053553,2.034214761820342,-1.6063895622416946,4.32036452049818e+40,-98.70584155144283,0.5121315373353462,1.5815975393547594,20.170185375901134
trend_pullback,1d,70.0,hold252_tr20_tp50_sl20_cut31,252,0.2,0.5,0.2,True,6143,18.801888328178414,3.324465846410502,-1.6855777128396476,4.086160714820653e+50,-98.70106599542476,0.5117294384576334,1.9301918801988056,28.29692332736448
trend_pullback,1d,70.0,hold365_tr20_tp20_sl10_cut31,365,0.2,0.2,0.1,True,8970,20.579710144927535,1.4696566606870922,-1.5782918603578888,5.207542745403127e+33,-98.38250788616898,0.5117261084292936,1.4515462013192066,14.434336677814938
trend_pullback,1d,70.0,hold365_tr20_tp30_sl10_cut31,365,0.2,0.3,0.1,True,7708,17.540217955371045,2.0833940188979336,-1.7699912800423045,2.3791478076436253e+40,-98.37922905036271,0.5116996581969229,1.6100899005990805,19.24195640892579
trend_pullback,1d,70.0,hold365_tr20_tp30_sl0_cut31,365,0.2,0.3,0.0,True,7286,19.0365083722207,2.3935484224073833,-1.6800317952228472,2.2450151234321703e+44,-98.40854124407001,0.5114046098232305,1.6722536975471434,22.64191600329399
trend_pullback,1d,70.0,hold365_tr20_tp30_sl20_cut31,365,0.2,0.3,0.2,True,7286,19.02278342025803,2.36034955506318,-1.6820596366259377,5.124297076027623e+43,-98.58718704552597,0.5106464015325262,1.6622029664992595,22.639171012901453
trend_pullback,1d,70.0,hold180_tr20_tp50_sl10_cut31,180,0.2,0.5,0.1,True,6575,17.59695817490494,2.809713347703533,-1.7544670379225247,1.3205242199322545e+45,-98.81853426492782,0.5106316946646664,1.8286226511173034,23.210190114068443
trend_pullback,1d,70.0,hold120_tr20_tp30_sl10_cut31,120,0.2,0.3,0.1,True,7828,18.35717935615738,1.8802331331734055,-1.6937911748604595,1.5852628574595692e+36,-97.48965576579957,0.5103352951364891,1.5621373436553567,16.904573326520183
trend_pullback,1d,70.0,hold365_tr20_tp40_sl10_cut30,365,0.2,0.4,0.1,False,3624,37.030905077262695,5.810931784083382,-10.233330133885888,1.0655886745733234e+51,-99.61973438145928,0.5093425735561764,1.8178429669782645,52.20943708609271
trend_pullback,1d,70.0,hold365_tr20_tp25_sl0_cut31,365,0.2,0.25,0.0,True,7763,20.133968826484608,2.075024654500762,-1.618821831063566,2.4147084555040217e+41,-98.70584155144283,0.5088682975135349,1.5916232278556568,20.534458327965993
trend_pullback,1d,70.0,hold365_tr20_tp25_sl20_cut31,365,0.2,0.25,0.2,True,7763,20.121087208553394,2.0438657021022224,-1.6194438750100515,5.511625890110555e+40,-98.70584155144283,0.5083263538800117,1.5821308333835924,20.53188200437975
trend_pullback,1d,70.0,hold365_tr20_tp50_sl10_cut31,365,0.2,0.5,0.1,True,6497,17.37725103894105,3.051902164346677,-1.7708205439206814,1.0146195025352951e+49,-97.87347603555733,0.5079657048215825,1.8942079658376467,25.8497768200708
trend_pullback,1d,70.0,hold252_tr20_tp25_sl10_cut31,252,0.2,0.25,0.1,True,8239,18.643039203786866,1.766443358537202,-1.7024227037034545,6.07889258242213e+36,-97.32079614589308,0.5076769326807636,1.5250622612556768,17.033377837116156
trend_pullback,1d,70.0,hold120_tr20_tp25_sl10_cut31,120,0.2,0.25,0.1,True,8290,19.215922798552473,1.6479259126692791,-1.656712377759051,9.206669914631561e+33,-98.99978506138805,0.5071854079093432,1.4980701045341687,15.523522316043426
trend_pullback,1d,70.0,hold365_tr20_tp50_sl15_cut31,365,0.2,0.5,0.15,True,6166,18.520921180668182,3.33341749005455,-1.7020224394925398,7.928792114577759e+50,-98.02676238929465,0.5062660656721012,1.9370720144545295,28.83068439831333
trend_pullback,1d,70.0,hold365_tr20_tp50_sl10_cut30,365,0.2,0.5,0.1,False,3374,36.89982216953172,6.721514416240078,-10.232708683236357,2.6643605943651162e+54,-99.28298466555718,0.5060604870599305,1.9475880869924034,58.24866627148785
trend_pullback,1d,70.0,hold365_tr20_tp25_sl10_cut31,365,0.2,0.25,0.1,True,8238,18.536052439912602,1.7720551888104576,-1.7059580253615092,7.299671840285208e+36,-97.12998661882219,0.5051776284263723,1.525642864222953,17.237436270939547
trend_pullback,1d,70.0,hold180_tr20_tp25_sl10_cut31,180,0.2,0.25,0.1,True,8249,18.765911019517517,1.7232459590180187,-1.692066093280209,4.186765271043643e+35,-98.03265785403067,0.5050974754251,1.5141520097920869,16.572311795369135
trend_pullback,1d,70.0,hold365_tr20_tp50_sl0_cut31,365,0.2,0.5,0.0,True,6117,18.751021742684323,3.4088148234492626,-1.692066093280209,3.486815455012448e+51,-98.03685858316346,0.503848311401529,1.952109464397643,29.553539316658494
trend_pullback,1d,70.0,hold365_tr20_tp50_sl20_cut31,365,0.2,0.5,0.2,True,6117,18.734673859735164,3.3692714284075977,-1.6925409553803394,7.958734021111002e+50,-98.46061430637462,0.502588427306999,1.9398433609744117,29.55026974006866
trend_pullback,1d,70.0,hold120_tr20_tp0_sl0_cut30,120,0.2,0.0,0.0,False,2522,50.15860428231562,10.622833844299869,0.1089457265433082,5.541651285500704e+59,-97.41396693798194,0.4777897103589627,2.4386618027779985,76.77121332275972
trend_pullback,1d,70.0,hold120_tr20_tp0_sl20_cut30,120,0.2,0.0,0.2,False,2653,47.94572182434979,9.47710400462741,-1.6094700720316824,3.868611407164259e+54,-99.50352299457951,0.45793561872798977,2.240048823365205,69.57067470787787
trend_pullback,1d,70.0,hold120_tr20_tp0_sl15_cut30,120,0.2,0.0,0.15,False,2773,45.61846375766318,8.942877183962564,-3.6701431591310563,2.394541584222094e+53,-99.16116126666577,0.4562313170620134,2.191283940038687,64.4291381175622
trend_pullback,1d,70.0,hold120_tr20_tp0_sl10_cut30,120,0.2,0.0,0.1,False,3117,38.94770612768688,7.717671986436062,-10.214779227120541,2.3274549382960623e+50,-99.43601149464476,0.44361030164777454,2.1178868806713718,53.3618864292589
trend_pullback,1d,70.0,hold252_tr20_tp0_sl0_cut30,252,0.2,0.0,0.0,False,2072,48.407335907335906,15.361334768003065,-1.2461470426975705,3.1558566977070517e+68,-98.18203827066354,0.44001666309076154,2.9934678322190345,109.28861003861005
trend_pullback,1d,70.0,hold180_tr20_tp0_sl0_cut30,180,0.2,0.0,0.0,False,2245,48.507795100222715,13.523156968480828,-1.1513208932082517,3.715153170393399e+64,-98.62746975300685,0.43558473705740347,2.741993316460373,94.80400890868597
trend_pullback,1d,70.0,hold120_tr20_tp0_sl10_cut31,120,0.2,0.0,0.1,True,6071,17.987152034261243,3.5630193514020485,-1.6708988457554974,3.4073991504955884e+45,-98.50998924390265,0.43407556732269775,2.0741128991683344,23.549332894086643
trend_pullback,1d,70.0,hold120_tr20_tp0_sl15_cut31,120,0.2,0.0,0.15,True,5867,19.158002386228056,3.743713107065049,-1.5905936277239352,1.5334156522762276e+46,-98.95306927899802,0.4286680652023347,2.0927197223607616,25.575933185614453
trend_pullback,1d,70.0,hold120_tr20_tp0_sl0_cut31,120,0.2,0.0,0.0,True,5836,19.31117203564085,3.7846664743163845,-1.5789379915220059,2.3582518362990724e+46,-97.65835532596736,0.4276915550000429,2.0990001203536286,26.02570253598355
trend_pullback,1d,70.0,hold365_tr20_tp0_sl0_cut30,365,0.2,0.0,0.0,False,1976,48.32995951417004,16.86551355435044,-1.2316027523332216,1.096704012648066e+71,-98.74430774342912,0.4267001921252616,3.1810977577260906,123.28087044534414
trend_pullback,1d,70.0,hold120_tr20_tp0_sl20_cut31,120,0.2,0.0,0.2,True,5836,19.294037011651817,3.7642337425512657,-1.5792092435280958,8.842924018441041e+45,-99.1219349175551,0.425727675956052,2.0915211567989336,26.021932830705964
trend_pullback,1d,70.0,hold252_tr20_tp0_sl20_cut30,252,0.2,0.0,0.2,False,2275,45.14285714285714,13.290255246982795,-4.002980296059566,3.6448563446123513e+62,-99.06125984673652,0.42509022809692776,2.6199308049622263,93.93318681318681
trend_pullback,1d,70.0,hold180_tr20_tp0_sl15_cut31,180,0.2,0.0,0.15,True,5371,18.07857009867809,4.653303359647794,-1.7057774853429075,1.635432898466545e+51,-98.67392387828097,0.42482522510272563,2.3048437007895224,30.73934090485943
trend_pullback,1d,70.0,hold180_tr20_tp0_sl10_cut31,180,0.2,0.0,0.1,True,5623,16.966032367063843,4.320431839184591,-1.772309030796737,2.1410507107096822e+49,-98.42702792582038,0.42461977986435917,2.2622859928778793,28.021163080206296
trend_pullback,1d,70.0,hold180_tr20_tp0_sl0_cut31,180,0.2,0.0,0.0,True,5343,18.285607336702228,4.713199652319489,-1.6934837102301592,3.7629889721813786e+51,-98.13367242002488,0.4242119779482361,2.314033118648609,31.290847838293093
trend_pullback,1d,70.0,hold180_tr20_tp0_sl20_cut31,180,0.2,0.0,0.2,True,5343,18.26689125959199,4.690881587078756,-1.6940986394907598,1.4110378311187032e+51,-98.8151522702243,0.42248206632845847,2.3058716294928416,31.28673030132884
trend_pullback,1d,70.0,hold252_tr20_tp0_sl10_cut31,252,0.2,0.0,0.1,True,5332,16.916729182295573,4.937326829304026,-1.7701632858858785,9.65398613054293e+53,-97.84106861857578,0.422359145518602,2.431809593475879,31.892723180795198
trend_pullback,1d,70.0,hold180_tr20_tp0_sl20_cut30,180,0.2,0.0,0.2,False,2423,45.68716467189435,11.914091294283173,-3.686603098418495,7.171745223518011e+58,-99.67550921734608,0.42164068903462154,2.4731280816130288,83.2802311184482
trend_pullback,1d,70.0,hold252_tr20_tp0_sl15_cut30,252,0.2,0.0,0.15,False,2406,42.14463840399002,12.329915921551073,-6.283085748625133,2.5712556398419425e+60,-98.48202817229729,0.42064108829756147,2.5380982714618914,86.03241895261846
trend_pullback,1d,70.0,hold252_tr20_tp0_sl15_cut31,252,0.2,0.0,0.15,True,5082,18.004722550177096,5.295157559999214,-1.7046419096973076,2.0767183732280623e+55,-98.17993758418775,0.420339370853283,2.466997567299192,35.006690279417555
trend_pullback,1d,70.0,hold252_tr20_tp0_sl0_cut31,252,0.2,0.0,0.0,True,5048,18.185419968304277,5.364338505423011,-1.6937911748604595,4.715551326156654e+55,-97.57775618247851,0.41974682504667327,2.475767324439616,35.68066561014263
trend_pullback,1d,70.0,hold252_tr20_tp0_sl20_cut31,252,0.2,0.0,0.2,True,5048,18.165610142630744,5.340716195085999,-1.6946420291684972,1.7682276947869633e+55,-98.58011116897113,0.4181450337515689,2.466993366448335,35.676307448494455
trend_pullback,1d,70.0,hold180_tr20_tp0_sl15_cut30,180,0.2,0.0,0.15,False,2561,42.834830144474815,10.949800181417125,-5.847602298265087,2.4438857700921758e+56,-99.49702260547714,0.41611232620771477,2.386939785433525,76.46231940648184
trend_pullback,1d,70.0,hold252_tr20_tp0_sl10_cut30,252,0.2,0.0,0.1,False,2752,35.901162790697676,10.355661125846131,-10.286035334387112,4.736244328227463e+56,-99.24049470169624,0.4158008851572477,2.4274556222274426,70.33430232558139
trend_pullback,1d,70.0,hold180_tr20_tp0_sl10_cut30,180,0.2,0.0,0.1,False,2902,36.388697450034456,9.278172499207898,-10.267885398553172,1.0650565982341417e+53,-99.63070138929186,0.4148121187623846,2.2887976941277794,62.84252239834597
trend_pullback,1d,70.0,hold365_tr20_tp0_sl20_cut30,365,0.2,0.0,0.2,False,2220,44.54954954954955,14.296004775229834,-4.312686399005661,7.03004638786918e+64,-99.07142993441005,0.4111512068868419,2.722739257084119,103.03243243243243
trend_pullback,1d,70.0,hold365_tr20_tp0_sl15_cut30,365,0.2,0.0,0.15,False,2352,41.66666666666667,13.250716084558494,-6.5527536378870375,4.31779519408669e+62,-98.63117574055043,0.40740014787196893,2.632914189219439,94.1734693877551
trend_pullback,1d,70.0,hold365_tr20_tp0_sl10_cut31,365,0.2,0.0,0.1,True,5206,16.903572800614675,5.336854909518866,-1.808372543030068,1.8211830867693176e+56,-98.05421307200976,0.40577880331713595,2.5359204030766795,35.32750672301191
trend_pullback,1d,70.0,hold365_tr20_tp0_sl10_cut30,365,0.2,0.0,0.1,False,2683,35.74357062989191,11.24929998565604,-10.295327874009397,5.456497468545146e+59,-99.14830741460585,0.404372118637561,2.5436099700272585,77.52739470741707
trend_pullback,1d,70.0,hold365_tr20_tp0_sl15_cut31,365,0.2,0.0,0.15,True,4953,17.96890773268726,5.702737894621502,-1.7503882711193852,9.496376504879565e+56,-98.35962657855409,0.401997362718742,2.560348312269933,38.768423177871995
trend_pullback,1d,70.0,hold365_tr20_tp0_sl0_cut31,365,0.2,0.0,0.0,True,4920,18.130081300813007,5.764672272689449,-1.7415107485467929,1.3243287935208404e+57,-97.63357953274114,0.40050620693476946,2.5642751045295835,39.542276422764225
trend_pullback,1d,70.0,hold365_tr20_tp0_sl20_cut31,365,0.2,0.0,0.2,True,4920,18.109756097560975,5.740435398181068,-1.7438343230276487,4.965940751653162e+56,-98.72029229349906,0.3990310576133129,2.555257101407285,39.53780487804878
