Symbol,Name,thu_pass_TF,fri_fail_reason,category
000210,DL,1M,"touch fail [1M, 위로 갭(MA 멀어짐), near=1.62]",touch fail
000270,기아,1M,"touch fail [1M, 위로 갭(MA 멀어짐), near=2.08]",touch fail
000720,현대건설,1M,"touch fail [1M, 위로 갭(MA 멀어짐), near=1.52]",touch fail
000880,한화,1M,"touch fail [1M, 위로 갭(MA 멀어짐), near=1.08]",touch fail
001040,CJ,1M,"touch fail [1M, 위로 갭(MA 멀어짐), near=1.64]",touch fail
001060,JW중외제약,1M,"touch fail [1M, 위로 갭(MA 멀어짐), near=1.06]",touch fail
001440,대한전선,1M,"touch fail [1M, 위로 갭(MA 멀어짐), near=1.80]",touch fail
002900,TYM,1M,"touch fail [1M, 위로 갭(MA 멀어짐), near=1.28]",touch fail
002990,금호건설,1M,"touch fail [1M, 위로 갭(MA 멀어짐), near=1.06]",touch fail
003300,한일홀딩스,1Q,"touch fail [1Q, 위로 갭(MA 멀어짐), near=1.31]",touch fail
003470,유안타증권,1M,"touch fail [1M, 위로 갭(MA 멀어짐), near=1.57]",touch fail
003670,포스코퓨처엠,1M,"touch fail [1M, 위로 갭(MA 멀어짐), near=1.45]",touch fail
004100,태양금속,1Q,"touch fail [1Q, 위로 갭(MA 멀어짐), near=1.38]",touch fail
004710,한솔테크닉스,1W,"touch fail [1W, 위로 갭(MA 멀어짐), near=1.88]",touch fail
005180,빙그레,1Q,"touch fail [1Q, 위로 갭(MA 멀어짐), near=1.26]",touch fail
005680,삼영전자,1M,"touch fail [1M, 위로 갭(MA 멀어짐), near=1.43]",touch fail
005690,파미셀,1M,"touch fail [1M, 위로 갭(MA 멀어짐), near=1.26]",touch fail
005950,이수화학,1W,"touch fail [1W, 위로 갭(MA 멀어짐), near=3.52]",touch fail
005960,동부건설,1M,"touch fail [1M, 위로 갭(MA 멀어짐), near=1.12]",touch fail
006260,LS,1W,"touch fail [1W, 위로 갭(MA 멀어짐), near=1.89]",touch fail
006360,GS건설,1M,"touch fail [1M, 위로 갭(MA 멀어짐), near=2.13]",touch fail
006405,삼성SDI우,1M,"touch fail [1M, 위로 갭(MA 멀어짐), near=1.08]",touch fail
006800,미래에셋증권,1M,"touch fail [1M, 위로 갭(MA 멀어짐), near=1.81]",touch fail
007340,DN오토모티브,1W,"touch fail [1W, 위로 갭(MA 멀어짐), near=1.76]",touch fail
008060,대덕,1W,"touch fail [1W, 위로 갭(MA 멀어짐), near=2.14]",touch fail
008420,문배철강,1W,정배열 + slope 둘 다 깨짐,정배열 + slope
008770,호텔신라,1W,"touch fail [1W, 위로 갭(MA 멀어짐), near=2.04]",touch fail
009415,태영건설우,1M,"touch fail [1M, 위로 갭(MA 멀어짐), near=1.27]",touch fail
009540,HD한국조선해양,1M,"touch fail [1M, 위로 갭(MA 멀어짐), near=1.63]",touch fail
010820,퍼스텍,1M,"touch fail [1M, 위로 갭(MA 멀어짐), near=1.16]",touch fail
011790,SKC,1W,"touch fail [1W, 위로 갭(MA 멀어짐), near=1.09]",touch fail
012330,현대모비스,1W,"touch fail [1W, 위로 갭(MA 멀어짐), near=1.97]",touch fail
015230,대창단조,1M,"touch fail [1M, 위로 갭(MA 멀어짐), near=1.08]",touch fail
015360,INVENI,1M,"touch fail [1M, 위로 갭(MA 멀어짐), near=1.34]",touch fail
015860,일진홀딩스,1M,"touch fail [1M, 위로 갭(MA 멀어짐), near=1.16]",touch fail
016740,두올,1M,"touch fail [1M, 위로 갭(MA 멀어짐), near=1.11]",touch fail
017670,SK텔레콤,1W,"touch fail [1W, 위로 갭(MA 멀어짐), near=1.04]",touch fail
017940,E1,"1M,1Q","touch fail [1M, 위로 갭(MA 멀어짐), near=1.19]",touch fail
017960,한국카본,1M,"touch fail [1M, 위로 갭(MA 멀어짐), near=1.57]",touch fail
018260,삼성에스디에스,1W,"touch fail [1W, 위로 갭(MA 멀어짐), near=2.38]",touch fail
021820,세원정공,1M,"touch fail [1M, 위로 갭(MA 멀어짐), near=1.46]",touch fail
023590,다우기술,1M,"touch fail [1M, 위로 갭(MA 멀어짐), near=1.65]",touch fail
025890,한국주강,1W,"touch fail [1W, 위로 갭(MA 멀어짐), near=1.53]",touch fail
028050,삼성E&A,1W,"touch fail [1W, 위로 갭(MA 멀어짐), near=2.24]",touch fail
028260,삼성물산,1W,"touch fail [1W, 위로 갭(MA 멀어짐), near=2.64]",touch fail
031430,신세계인터내셔날,1W,"touch fail [1W, 위로 갭(MA 멀어짐), near=1.12]",touch fail
032350,롯데관광개발,1M,"touch fail [1M, 위로 갭(MA 멀어짐), near=1.70]",touch fail
033240,자화전자,1M,"touch fail [1M, 위로 갭(MA 멀어짐), near=1.19]",touch fail
03473K,SK우,1W,"touch fail [1W, 위로 갭(MA 멀어짐), near=2.42]",touch fail
036570,NC,"1W,1M","touch fail [1W, 위로 갭(MA 멀어짐), near=1.25]",touch fail
042660,한화오션,1M,"touch fail [1M, 위로 갭(MA 멀어짐), near=1.98]",touch fail
047040,대우건설,1W,"touch fail [1W, 위로 갭(MA 멀어짐), near=1.25]",touch fail
051910,LG화학,1M,"touch fail [1M, 위로 갭(MA 멀어짐), near=1.23]",touch fail
062040,산일전기,1W,"touch fail [1W, 위로 갭(MA 멀어짐), near=1.69]",touch fail
066570,LG전자,1W,"touch fail [1W, 위로 갭(MA 멀어짐), near=1.73]",touch fail
066575,LG전자우,1W,"touch fail [1W, 위로 갭(MA 멀어짐), near=1.11]",touch fail
071320,지역난방공사,1Q,"touch fail [1Q, 위로 갭(MA 멀어짐), near=1.12]",touch fail
078935,GS우,1M,"touch fail [1M, 위로 갭(MA 멀어짐), near=1.03]",touch fail
084870,TBH글로벌,1M,"touch fail [1M, 위로 갭(MA 멀어짐), near=1.08]",touch fail
092200,디아이씨,1M,"touch fail [1M, 위로 갭(MA 멀어짐), near=1.18]",touch fail
092790,넥스틸,1M,"touch fail [1M, 위로 갭(MA 멀어짐), near=1.67]",touch fail
093050,LF,1M,"touch fail [1M, 위로 갭(MA 멀어짐), near=1.28]",touch fail
103590,일진전기,1M,"touch fail [1M, 위로 갭(MA 멀어짐), near=1.17]",touch fail
128940,한미약품,1M,"touch fail [1M, 위로 갭(MA 멀어짐), near=1.55]",touch fail
139130,iM금융지주,1M,"touch fail [1M, 위로 갭(MA 멀어짐), near=2.58]",touch fail
161890,한국콜마,1W,"touch fail [1W, 위로 갭(MA 멀어짐), near=1.78]",touch fail
241560,두산밥캣,1M,"touch fail [1M, 위로 갭(MA 멀어짐), near=1.16]",touch fail
278470,에이피알,1W,"touch fail [1W, 위로 갭(MA 멀어짐), near=1.66]",touch fail
281820,케이씨텍,1W,"touch fail [1W, 위로 갭(MA 멀어짐), near=4.00]",touch fail
298040,효성중공업,1W,"touch fail [1W, 위로 갭(MA 멀어짐), near=1.82]",touch fail
307950,현대오토에버,1W,"touch fail [1W, 위로 갭(MA 멀어짐), near=2.04]",touch fail
35320K,대덕전자1우,1W,"touch fail [1W, 위로 갭(MA 멀어짐), near=1.26]",touch fail
443060,HD현대마린솔루션,1W,"touch fail [1W, 위로 갭(MA 멀어짐), near=1.70]",touch fail
