Symbol,Name
000070,삼양홀딩스
000150,두산
000155,두산우
000240,한국앤컴퍼니
000320,노루홀딩스
000850,화천기공
000990,DB하이텍
001230,동국홀딩스
001515,SK증권우
001560,제일연마
002355,넥센타이어1우B
002960,한국쉘석유
003460,유화증권
003475,유안타증권우
004690,삼천리
004700,조광피혁
005010,휴스틸
005320,온타이드
005387,현대차2우B
005389,현대차3우B
005500,삼진제약
005810,풍산홀딩스
005850,에스엘
006125,SK디스커버리우
006980,우성
007660,이수페타시스
00806K,대덕1우
009140,경인전자
009290,광동제약
009680,모토닉
010400,우진아이엔에스
010690,화신
010770,평화홀딩스
011760,현대코퍼레이션
012030,DB
012750,에스원
014440,영보화학
014710,사조씨푸드
016880,웅진
020150,롯데에너지머티리얼즈
021240,코웨이
029530,신도리코
030200,KT
030210,다올투자증권
033920,무학
034020,두산에너빌리티
034220,LG디스플레이
035420,NAVER
035510,신세계 I&C
039490,키움증권
042700,한미반도체
055550,신한지주
057050,현대홈쇼핑
058430,포스코스틸리온
058650,세아홀딩스
066970,엘앤에프
077500,유니퀘스트
078930,GS
082640,동양생명
088350,한화생명
090460,비에이치
108670,LX하우시스
111770,영원무역
134380,미원화학
136490,선진
138930,BNK금융지주
139480,이마트
175330,JB금융지주
181710,NHN
195870,해성디에스
204320,HL만도
207940,삼성바이오로직스
248070,솔루엠
267260,HD현대일렉트릭
271560,오리온
322000,HD현대에너지솔루션
336260,두산퓨얼셀
33626K,두산퓨얼셀1우
404990,신한서부티엔디리츠
417310,코람코더원리츠
453340,현대그린푸드
456040,OCI
462520,조선내화
