symbol,bar_ts,last_close,ret_bar,amt_bar,ch_score,dist_ma10,ret_short,ret_24h,ret_72h,vol_burst_24v72,bull_stack,ma10_strong_up,ch_pct,거래대금,ret_bar_str
UBUSDT,2026-05-26 01:00:00,0.18962,-0.007900381938994339,968044.0419800001,92.0,0.0093,-0.0034,0.2029,0.6467,0.36,1,1,70.8,$968K,-0.79%
GRASSUSDT,2026-05-26 01:00:00,0.5918,-0.0032002694963786382,1443246.9238,82.0,0.0233,-0.0391,0.1502,0.4914,0.24,1,1,63.1,$1.4M,-0.32%
CUSDT,2026-05-26 01:00:00,0.09562,0.0179921217928245,45118.48824,75.0,0.0002,0.0099,0.0887,0.0567,0.3,1,1,57.7,$45K,1.8%
FLUXUSDT,2026-05-26 01:00:00,0.07939,-0.022892307692307656,18264.38401,74.0,0.0006,-0.0266,0.0692,0.1585,0.92,1,1,56.9,$18K,-2.29%
MMTUSDT,2026-05-26 01:00:00,0.1374,0.07427677873338534,670015.1616,71.0,0.0562,0.0618,0.1027,0.1063,1.43,1,0,54.6,$670K,7.43%
INUSDT,2026-05-26 01:00:00,0.09387,0.06913439635535301,1958167.5315299998,70.0,0.0294,0.0122,0.2501,0.1112,0.24,1,1,53.8,$2.0M,6.91%
WLDUSDT,2026-05-26 01:00:00,0.3284,-0.002430133657351008,2593822.4092,69.0,0.0133,-0.0194,0.1281,0.2154,0.36,1,1,53.1,$2.6M,-0.24%
PHAUSDT,2026-05-26 01:00:00,0.04636,0.013554875382597142,787659.73792,67.0,-0.0493,-0.0482,0.2386,0.3905,4.1,1,1,51.5,$788K,1.36%
ESPUSDT,2026-05-26 01:00:00,0.070665,0.001999319380636466,27877.837155,65.0,0.0074,0.0111,0.0812,0.0838,0.72,1,0,50.0,$28K,0.2%
EWTUSDT,2026-05-26 01:00:00,99.79,-0.007262236370871422,75959.15010000001,65.0,0.0142,0.0182,0.0327,0.0375,0.83,1,0,50.0,$76K,-0.73%
ERAUSDT,2026-05-26 01:00:00,0.1517,0.009314703925482393,439940.9224,65.0,0.0147,0.0073,0.2011,0.1954,46.65,0,0,50.0,$440K,0.93%
NXPCUSDT,2026-05-26 01:00:00,0.3744,0.005100671140939594,44592.5376,63.0,0.0137,-0.0029,0.0603,0.0996,0.19,1,1,48.5,$45K,0.51%
LLYUSDT,2026-05-26 01:00:00,1076.27,-0.0006128532030866829,15627.4404,61.0,0.0011,-0.017,0.0088,0.0119,0.41,1,0,46.9,$16K,-0.06%
INFQUSDT,2026-05-26 01:00:00,16.931,5.906674542233148e-05,164801.78263,59.0,0.0143,0.0178,0.0271,0.0627,0.03,1,0,45.4,$165K,0.01%
BASUSDT,2026-05-26 01:00:00,0.023413,0.004720422263227775,6895.36263,58.0,0.0278,0.0327,0.037,0.1026,0.34,1,0,44.6,$7K,0.47%
EWYUSDT,2026-05-26 01:00:00,192.6,-0.003672857068956592,799193.7,57.0,0.0041,0.0046,0.0168,0.0646,0.79,1,0,43.8,$799K,-0.37%
TRXUSDT,2026-05-26 01:00:00,0.37359,0.00603204524033929,214938.65547,56.0,0.0039,0.0049,0.0237,0.0305,0.67,1,0,43.1,$215K,0.6%
AMATUSDT,2026-05-26 01:00:00,436.82,0.0033305004938328775,742.5939999999999,54.0,0.0099,0.0089,0.0153,0.0139,0.73,1,0,41.5,$743,0.33%
ATOMUSDT,2026-05-26 01:00:00,2.1586,0.013474811023991506,171071.20859999998,54.0,0.0069,0.0027,0.0504,0.0208,0.3,1,0,41.5,$171K,1.35%
FLYUSDT,2026-05-26 01:00:00,50.74,-0.0033392260852483924,51652.812600000005,53.0,0.0129,0.0164,0.0168,0.0187,0.09,1,0,40.8,$52K,-0.33%
NEARUSDT,2026-05-26 01:00:00,2.6835,-0.012293422650815233,5515875.213,53.0,-0.0226,-0.0373,0.1366,0.2875,0.28,1,1,40.8,$5.5M,-1.23%
SENTUSDT,2026-05-26 01:00:00,0.01675,0.0017942583732057926,5918.49525,53.0,0.0007,0.0006,0.0469,0.0482,0.49,1,1,40.8,$6K,0.18%
STXSTOCKUSDT,2026-05-26 01:00:00,825.46,0.0038062578283657444,165.092,52.0,0.0165,0.0223,0.0241,0.0212,0.52,1,0,40.0,$165,0.38%
POLYXUSDT,2026-05-26 01:00:00,0.05706,0.004931313842902574,24946.80318,52.0,0.006,0.0104,0.0363,0.0244,0.14,1,0,40.0,$25K,0.49%
WOOUSDT,2026-05-26 01:00:00,0.01742,0.006354708261120834,2861.9439940000007,51.0,0.0019,0.0075,0.0494,0.0635,0.35,1,1,39.2,$3K,0.64%
KLACUSDT,2026-05-26 01:00:00,1902.33,-0.0027417224097799897,1497.13371,49.0,0.0059,0.0073,0.0101,0.0101,0.47,1,0,37.7,$1K,-0.27%
LWLGUSDT,2026-05-26 01:00:00,12.898,-0.003476782816966728,36619.227719999995,49.0,0.0047,0.0055,0.0065,0.013,0.09,1,0,37.7,$37K,-0.35%
XANUSDT,2026-05-26 01:00:00,0.011434,0.01644590630278242,298695.961792,49.0,-0.0155,0.0025,0.1059,0.1695,31.13,0,0,37.7,$299K,1.64%
MUSDT,2026-05-26 01:00:00,2.9762,-0.017645544384518375,40476.32,49.0,0.0032,0.0102,0.035,0.0787,0.32,1,0,37.7,$40K,-1.76%
INDAUSDT,2026-05-26 01:00:00,48.84,-0.0018393623543837556,207.08160000000004,49.0,0.0031,0.0023,0.0035,0.007,0.27,1,0,37.7,$207,-0.18%
KOPNUSDT,2026-05-26 01:00:00,5.214,-0.00210526315789461,852.6975600000001,49.0,0.0018,0.0095,0.0168,0.0152,0.06,1,0,37.7,$853,-0.21%
NILUSDT,2026-05-26 01:00:00,0.08376,0.03830420230568987,733941.80688,48.0,-0.0203,-0.0057,0.0992,0.6142,0.8,1,1,36.9,$734K,3.83%
UNHUSDT,2026-05-26 01:00:00,388.01,-0.00012884605473384436,151.3239,47.0,0.0021,0.002,0.0013,0.002,0.5,1,0,36.2,$151,-0.01%
DEXEUSDT,2026-05-26 01:00:00,17.381,-0.0028684527565830953,89075.8869,46.0,-0.0008,0.0051,0.1416,0.2679,1.75,0,0,35.4,$89K,-0.29%
VRTUSDT,2026-05-26 01:00:00,333.7,-0.00011985377839041078,50085.032999999996,43.0,0.0081,0.0137,0.0183,0.0229,0.3,1,0,33.1,$50K,-0.01%
NATGASUSDT,2026-05-26 01:00:00,3.063,0.002618657937806912,19876.4196,43.0,0.0055,0.0026,0.0169,0.0069,0.31,1,0,33.1,$20K,0.26%
AZTECUSDT,2026-05-26 01:00:00,0.02373,0.008928571428571397,41210.72823,42.0,-0.0088,0.0076,0.157,0.1273,2.18,1,1,32.3,$41K,0.89%
STABLEUSDT,2026-05-26 01:00:00,0.03752,0.0029403902699811635,12592.387359999999,41.0,0.0064,0.0119,0.0029,0.1104,0.88,0,0,31.5,$13K,0.29%
EIGENUSDT,2026-05-26 01:00:00,0.2475,-0.001210653753026647,76444.5825,40.0,-0.0127,-0.0347,0.1219,0.245,0.69,1,1,30.8,$76K,-0.12%
AKTUSDT,2026-05-26 01:00:00,0.9032,-0.019752550466681118,71188.50792,40.0,-0.013,-0.0396,0.0491,0.176,0.55,1,0,30.8,$71K,-1.98%
TIAUSDT,2026-05-26 01:00:00,0.4696,0.00815800772863895,641447.9128800001,39.0,-0.0096,-0.0265,0.1294,0.1232,0.71,1,1,30.0,$641K,0.82%
USELESSUSDT,2026-05-26 01:00:00,0.08144,-0.0036701737215560915,136918.39392,39.0,-0.0196,-0.0137,0.1073,0.2148,0.44,1,0,30.0,$137K,-0.37%
APRUSDT,2026-05-26 01:00:00,0.18147,0.008054660593267204,20327.36205,38.0,-0.004,-0.0098,0.1155,0.0142,0.32,1,1,29.2,$20K,0.81%
APPUSDT,2026-05-26 01:00:00,479.84,-0.0006872565966221655,758.1472,38.0,0.0039,0.0031,0.0094,0.0058,0.09,1,0,29.2,$758,-0.07%
INJUSDT,2026-05-26 01:00:00,5.606,-0.011461823311585295,1144918.986,38.0,-0.0092,-0.0118,0.1062,0.0729,0.36,1,1,29.2,$1.1M,-1.15%
JSTUSDT,2026-05-26 01:00:00,0.09308,-0.002144082332761643,5231.096,37.0,0.0046,0.005,-0.0016,0.0005,0.17,0,0,28.5,$5K,-0.21%
ARMUSDT,2026-05-26 01:00:00,313.65,-0.011035787482263859,71662.752,36.0,-0.0082,-0.0078,0.011,0.0351,0.27,1,0,27.7,$72K,-1.1%
FUTUUSDT,2026-05-26 01:00:00,94.04,-0.0041300434184051715,45261.452000000005,36.0,0.023,0.0305,0.0391,0.0444,0.03,1,0,27.7,$45K,-0.41%
GEUSDT,2026-05-26 01:00:00,305.48,0.0021980906138250322,9818.1272,35.0,0.0005,0.0019,0.0025,0.0096,0.2,1,0,26.9,$10K,0.22%
BEUSDT,2026-05-26 01:00:00,309.83,-0.005329224052136539,29421.456799999996,34.0,0.0026,0.0015,0.0188,0.0367,0.09,0,0,26.2,$29K,-0.53%
DRIFTUSDT,2026-05-26 01:00:00,0.0336,-0.026086956521739313,418173.3024,33.0,-0.0181,-0.0372,0.2353,0.2086,12.29,1,1,25.4,$418K,-2.61%
ZECUSDT,2026-05-26 01:00:00,631.25,-0.007499764158359734,4410967.95,31.0,-0.0308,-0.0289,-0.0315,0.0631,0.32,0,0,23.8,$4.4M,-0.75%
MRVLUSDT,2026-05-26 01:00:00,202.97,-0.011589968346725099,383209.3897,31.0,-0.0093,-0.0098,0.0237,0.0398,0.65,1,0,23.8,$383K,-1.16%
RENDERUSDT,2026-05-26 01:00:00,2.171,-0.0041284403669726855,1249241.3790999998,30.0,-0.007,-0.0087,0.0976,0.1697,0.64,1,1,23.1,$1.2M,-0.41%
MPUSDT,2026-05-26 01:00:00,65.05,0.00015375153751517878,3619.382,29.0,0.0027,0.0104,0.0062,0.0121,0.15,0,0,22.3,$4K,0.02%
MAGMAUSDT,2026-05-26 01:00:00,0.24567,-0.01106996216085665,16866.96519,29.0,-0.037,-0.0582,0.0409,0.0481,0.48,1,1,22.3,$17K,-1.11%
TONUSDT,2026-05-26 01:00:00,1.9163,-0.00036515388628077794,1158939.3391099998,28.0,-0.0327,-0.0278,0.0952,0.028,0.77,1,1,21.5,$1.2M,-0.04%
BANANAS31USDT,2026-05-26 01:00:00,0.011897,-0.0012592343854936905,33501.952,28.0,0.0014,0.0147,-0.0125,0.1005,0.18,0,0,21.5,$34K,-0.13%
FETUSDT,2026-05-26 01:00:00,0.226,-0.013100436681222738,407486.588,28.0,-0.0131,-0.0309,0.0845,0.1283,0.31,1,1,21.5,$407K,-1.31%
IOUSDT,2026-05-26 01:00:00,0.1535,-0.0006510416666666297,26393.5575,28.0,-0.0313,-0.0346,0.0772,0.0586,0.46,1,1,21.5,$26K,-0.07%
COSTUSDT,2026-05-26 01:00:00,1033.17,0.0029900299973790734,2025.0132,27.0,0.0001,0.0012,0.0021,0.005,0.16,0,0,20.8,$2K,0.3%
MCDUSDT,2026-05-26 01:00:00,283.17,0.0002825956409624464,1370.5428,27.0,0.0006,-0.0002,0.0011,0.0034,0.33,1,0,20.8,$1K,0.03%
SOXLUSDT,2026-05-26 01:00:00,202.6,-0.009775171065493637,282697.91,27.0,-0.0216,-0.03,0.0123,0.063,0.21,1,0,20.8,$283K,-0.98%
SQQQUSDT,2026-05-26 01:00:00,40.48,0.0027247956403269047,1916.3232,26.0,0.0218,0.0279,0.0207,-0.0357,0.13,0,0,20.0,$2K,0.27%
HUSDT,2026-05-26 01:00:00,0.24311,-0.0017246335153779935,130399.09869,26.0,-0.0302,0.0008,0.0473,0.2068,0.73,1,0,20.0,$130K,-0.17%
FFUSDT,2026-05-26 01:00:00,0.08831,-0.006636670416198087,16426.631409999998,25.0,-0.0219,-0.0299,0.0441,0.0009,0.32,1,1,19.2,$16K,-0.66%
ATUSDT,2026-05-26 01:00:00,0.1241,-0.0040128410914928025,3365.9643,25.0,0.0065,0.0106,0.0256,-0.0357,0.16,1,0,19.2,$3K,-0.4%
GRTUSDT,2026-05-26 01:00:00,0.02708,0.0018497965223824853,11973.221608,25.0,-0.0056,-0.0273,0.0541,0.0452,0.26,1,1,19.2,$12K,0.18%
ARCUSDT,2026-05-26 01:00:00,0.06503,-0.0009218005838068644,5166.178290000001,24.0,0.0048,-0.0029,0.0139,0.0117,0.26,1,0,18.5,$5K,-0.09%
APLDUSDT,2026-05-26 01:00:00,46.27,-0.0032313657906074544,269.7541,24.0,-0.0014,-0.0024,0.0111,0.012,0.02,1,0,18.5,$270,-0.32%
CRDOUSDT,2026-05-26 01:00:00,219.06,-0.007790560739197372,13196.1744,24.0,-0.0091,-0.0101,-0.005,0.0077,0.06,1,0,18.5,$13K,-0.78%
EWHUSDT,2026-05-26 01:00:00,23.672,0.002965850351665189,9415.77472,23.0,0.0097,0.0107,0.0127,0.0096,0.44,0,0,17.7,$9K,0.3%
MIRAUSDT,2026-05-26 01:00:00,0.0813,0.0,14515.0581,23.0,-0.0201,-0.0287,0.0317,0.0239,0.66,1,1,17.7,$15K,0.0%
BAUSDT,2026-05-26 01:00:00,219.86,-0.0016800617536211204,17.588800000000003,23.0,0.0026,0.0066,0.0071,0.008,0.05,0,0,17.7,$18,-0.17%
TRUSTUSDT,2026-05-26 01:00:00,0.07356,0.010856122028308324,4703.13216,23.0,-0.0183,-0.0217,0.0183,0.0589,0.17,1,1,17.7,$5K,1.09%
DRAMUSDT,2026-05-26 01:00:00,55.67,-0.00447067238912735,174689.6765,23.0,-0.024,-0.0337,0.0063,0.0538,0.3,1,0,17.7,$175K,-0.45%
AWEUSDT,2026-05-26 01:00:00,0.054304,-0.009014927552100427,32438.168576,22.0,-0.0007,0.0111,0.0878,0.1107,0.69,1,0,16.9,$32K,-0.9%
LUNCUSDT,2026-05-26 01:00:00,8.132e-05,0.0012312238364935446,36578.53968556,21.0,0.0015,0.0071,0.0073,-0.0038,0.23,0,0,16.2,$37K,0.12%
INTCUSDT,2026-05-26 01:00:00,121.51,-0.0026266108511859843,253963.1906,20.0,-0.0097,-0.0125,-0.0025,0.025,0.21,0,0,15.4,$254K,-0.26%
RKLBUSDT,2026-05-26 01:00:00,139.14,0.00440337832960358,240020.67419999998,20.0,-0.0167,-0.0282,-0.0108,0.0374,0.05,1,0,15.4,$240K,0.44%
NBISUSDT,2026-05-26 01:00:00,218.62,-0.010231800072437514,5096.0322,20.0,-0.0029,-0.0062,0.0033,0.0215,0.08,1,0,15.4,$5K,-1.02%
AAOIUSDT,2026-05-26 01:00:00,184.47,-0.014056654195617302,55167.5982,20.0,-0.0209,-0.0275,-0.0018,0.0259,0.19,1,0,15.4,$55K,-1.41%
OKLOUSDT,2026-05-26 01:00:00,66.74,-0.003880597014925491,5850.428399999999,20.0,-0.0058,-0.012,0.003,0.0157,0.19,1,0,15.4,$6K,-0.39%
TSMUSDT,2026-05-26 01:00:00,411.99,-0.006391086243488275,58865.131199999996,20.0,-0.0067,-0.0095,0.0015,0.0212,0.33,1,0,15.4,$59K,-0.64%
COPPERUSDT,2026-05-26 01:00:00,6.402,-0.008057018903005808,23823.762600000002,20.0,-0.0108,-0.0142,-0.0057,0.0107,0.18,1,0,15.4,$24K,-0.81%
AMDUSDT,2026-05-26 01:00:00,476.0,-0.0017825311942959443,96599.44,20.0,-0.0018,-0.0014,0.0051,0.0262,0.2,1,0,15.4,$97K,-0.18%
COHRUSDT,2026-05-26 01:00:00,382.69,-0.01044656478680217,206809.5029,20.0,-0.0288,-0.038,-0.0078,0.0288,0.3,1,0,15.4,$207K,-1.04%
LPTUSDT,2026-05-26 01:00:00,2.298,-0.0026041666666665186,59503.9524,19.0,-0.0057,-0.0009,0.0595,0.0932,0.22,1,0,14.6,$60K,-0.26%
ARKMUSDT,2026-05-26 01:00:00,0.1429,-0.006258692628650975,38060.1289,19.0,-0.0271,-0.0358,0.0672,0.1095,0.32,1,1,14.6,$38K,-0.63%
TAGUSDT,2026-05-26 01:00:00,0.0015394,0.024695466950675593,61459.5151414,19.0,-0.0157,-0.0313,0.0231,-0.0214,0.51,0,0,14.6,$61K,2.47%
PENDLEUSDT,2026-05-26 01:00:00,1.8813,-0.004339772426567912,62212.7097,18.0,-0.025,-0.0255,0.0332,0.0159,0.23,1,0,13.8,$62K,-0.43%
EWJUSDT,2026-05-26 01:00:00,92.9,0.0,3290.5180000000005,17.0,-0.0105,-0.0087,-0.0252,0.0175,0.84,0,0,13.1,$3K,0.0%
VELODROMEUSDT,2026-05-26 01:00:00,0.016493,-0.0033838902652728597,84.27923,17.0,-0.0076,-0.0016,0.0331,0.0044,0.21,1,0,13.1,$84,-0.34%
KAITOUSDT,2026-05-26 01:00:00,0.5056,-0.003940110323089052,123076.79232000002,17.0,-0.0263,-0.0299,0.022,0.0564,0.28,1,0,13.1,$123K,-0.39%
VIRTUALUSDT,2026-05-26 01:00:00,0.7564,-0.011758557616932341,167401.90959999998,17.0,-0.0272,-0.0364,0.0219,0.0591,0.22,1,0,13.1,$167K,-1.18%
LITUSDT,2026-05-26 01:00:00,1.248,-0.026521060842433775,468249.6,17.0,-0.0553,-0.0624,-0.0273,0.0532,0.21,1,0,13.1,$468K,-2.65%
MUUSDT,2026-05-26 01:00:00,782.62,-0.0033365595232031087,626776.8794,16.0,-0.0098,-0.0125,0.0045,0.0476,0.31,0,0,12.3,$627K,-0.33%
GPSUSDT,2026-05-26 01:00:00,0.006852,0.004250329766964711,3602.733636,16.0,0.0048,0.005,0.0195,0.0247,0.21,1,0,12.3,$4K,0.43%
MSFTUSDT,2026-05-26 01:00:00,420.17,-2.379932409912744e-05,78626.4121,16.0,-0.0039,-0.0045,-0.0022,0.0049,0.26,0,0,12.3,$79K,-0.0%
QQQUSDT,2026-05-26 01:00:00,724.46,-0.0004001379786132686,156229.799,16.0,-0.0039,-0.0054,-0.0041,0.0119,0.32,0,0,12.3,$156K,-0.04%
DYDXUSDT,2026-05-26 01:00:00,0.1526,-0.0013089005235600304,26798.2386,16.0,-0.0228,-0.023,0.0517,0.0346,0.29,1,0,12.3,$27K,-0.13%
ASMLUSDT,2026-05-26 01:00:00,1642.55,0.004157114473483103,39421.2,16.0,-0.0073,-0.0095,-0.0042,0.0096,0.45,0,0,12.3,$39K,0.42%
ZAMAUSDT,2026-05-26 01:00:00,0.03145,-0.017801374141161785,49692.0064,16.0,-0.0486,-0.0634,-0.016,0.0096,0.4,0,0,12.3,$50K,-1.78%
SUNUSDT,2026-05-26 01:00:00,0.020246,0.0015335147167945262,916.73888,15.0,-0.0,-0.0004,0.0082,0.0065,0.33,1,0,11.5,$917,0.15%
MORPHOUSDT,2026-05-26 01:00:00,2.1451,-0.01691109074243824,44828.29979999999,15.0,-0.0415,-0.0427,-0.0342,0.0933,0.49,0,0,11.5,$45K,-1.69%
CCUSDT,2026-05-26 01:00:00,0.16569,-0.0012056181807221789,55055.63889,15.0,-0.0011,-0.0065,0.0008,0.0503,0.57,0,0,11.5,$55K,-0.12%
ICPUSDT,2026-05-26 01:00:00,2.619,-0.007578628268283261,126588.78882,14.0,-0.0254,-0.0403,0.0323,0.0484,0.18,1,0,10.8,$127K,-0.76%
HUMAUSDT,2026-05-26 01:00:00,0.02473,-0.016308671439936417,86825.07633,14.0,-0.0268,-0.0287,-0.0264,0.0591,0.51,0,0,10.8,$87K,-1.63%
PIEVERSEUSDT,2026-05-26 01:00:00,0.72247,-0.005355471116251009,20505.143539999997,14.0,-0.0117,-0.0078,0.0061,0.0024,0.3,0,0,10.8,$21K,-0.54%
NIOUSDT,2026-05-26 01:00:00,5.316,0.011030810193989993,1195.8342,14.0,-0.0032,0.0002,-0.0069,0.0243,0.04,1,0,10.8,$1K,1.1%
VELVETUSDT,2026-05-26 01:00:00,0.09602,0.027061717830783927,40711.711839999996,13.0,-0.0043,-0.0112,-0.0043,0.0069,0.31,1,0,10.0,$41K,2.71%
TOWNSUSDT,2026-05-26 01:00:00,0.003246,-0.006123698714023185,13413.07251,13.0,-0.0367,-0.0357,0.0266,0.0109,0.89,1,0,10.0,$13K,-0.61%
DOGSUSDT,2026-05-26 01:00:00,5.214e-05,0.008900928792569651,84647.037552,13.0,-0.0424,-0.0444,0.0296,-0.0134,0.99,1,1,10.0,$85K,0.89%
AMZNUSDT,2026-05-26 01:00:00,268.83,-3.719684570746562e-05,37512.538199999995,12.0,-0.0038,-0.0066,-0.0017,0.0129,0.35,0,0,9.2,$38K,-0.0%
SNDKUSDT,2026-05-26 01:00:00,1511.88,-0.007125360372488787,843503.55396,12.0,-0.0126,-0.0156,-0.0009,0.0225,0.21,0,0,9.2,$844K,-0.71%
EDGEUSDT,2026-05-26 01:00:00,1.341,0.0009703664999627382,82384.33499999999,12.0,-0.0148,-0.0235,0.0216,0.0751,0.23,0,0,9.2,$82K,0.1%
CRWVUSDT,2026-05-26 01:00:00,107.76,-0.0006491699897986924,30571.512,12.0,-0.0116,-0.0137,-0.0011,0.0337,0.23,0,0,9.2,$31K,-0.06%
AXTIUSDT,2026-05-26 01:00:00,141.45,-0.0031009937275353616,37771.39349999999,12.0,-0.0219,-0.0267,-0.0199,0.0106,0.03,0,0,9.2,$38K,-0.31%
ETNUSDT,2026-05-26 01:00:00,393.4,-0.0019281510046682548,656.978,12.0,-0.0053,0.0004,-0.005,0.0032,0.25,0,0,9.2,$657,-0.19%
AVGOUSDT,2026-05-26 01:00:00,418.44,-0.002241403977299772,54275.8524,12.0,-0.0129,-0.0164,-0.0076,0.0111,0.34,0,0,9.2,$54K,-0.22%
USARUSDT,2026-05-26 01:00:00,25.81,0.004671078240560345,11989.519299999998,12.0,-0.0177,-0.0216,0.0141,0.0181,0.5,0,0,9.2,$12K,0.47%
LITEUSDT,2026-05-26 01:00:00,960.43,0.0005000260430230163,201853.57309999998,12.0,-0.0422,-0.051,-0.04,0.0243,0.36,0,0,9.2,$202K,0.05%
TQQQUSDT,2026-05-26 01:00:00,80.26,-0.0018654396219374147,34951.624800000005,12.0,-0.0151,-0.0212,-0.0104,0.036,0.22,0,0,9.2,$35K,-0.19%
IONQUSDT,2026-05-26 01:00:00,63.59,-0.01548227279764669,23485.058800000003,12.0,-0.0212,-0.0257,-0.0187,0.0137,0.09,0,0,9.2,$23K,-1.55%
BNTUSDT,2026-05-26 01:00:00,0.3384,0.006244424620874156,6467.162399999999,11.0,-0.0072,-0.0088,0.0101,0.0126,0.2,1,0,8.5,$6K,0.62%
APTUSDT,2026-05-26 01:00:00,0.9548,-0.006348215214902697,67399.4236608,11.0,-0.0174,-0.0199,0.0162,0.0132,0.12,1,0,8.5,$67K,-0.63%
HYPEUSDT,2026-05-26 01:00:00,59.302,-0.012653591289001342,9261405.641159998,11.0,-0.0315,-0.0354,-0.0272,0.0807,0.19,0,0,8.5,$9.3M,-1.27%
TAOUSDT,2026-05-26 01:00:00,276.15,-0.014031705227077973,2493113.6810999997,11.0,-0.0123,-0.0208,0.0144,0.0448,0.33,1,0,8.5,$2.5M,-1.4%
PUMPUSDT,2026-05-26 01:00:00,0.001747,-0.006257110352673512,242726.943124,11.0,-0.0282,-0.0327,0.0128,0.0216,0.31,1,0,8.5,$243K,-0.63%
JDUSDT,2026-05-26 01:00:00,30.35,-0.01620745542949753,17208.146500000003,10.0,-0.011,-0.0127,-0.0098,-0.0062,0.14,1,0,7.7,$17K,-1.62%
LABUSDT,2026-05-26 01:00:00,4.31674,0.008888192936656214,160461.85928,10.0,-0.003,0.0081,0.0049,-0.1041,0.34,0,1,7.7,$160K,0.89%
CLOUSDT,2026-05-26 01:00:00,0.0703,-0.0014204545454545858,15356.1914,10.0,-0.0007,-0.0071,0.0668,0.0218,0.25,1,1,7.7,$15K,-0.14%
PNUTUSDT,2026-05-26 01:00:00,0.05592,-0.006749555950266495,51988.48848,10.0,-0.0189,-0.02,0.0569,0.0029,0.53,1,1,7.7,$52K,-0.67%
CFGUSDT,2026-05-26 01:00:00,0.28374,-0.02009946125155404,51096.46668,10.0,-0.0329,-0.0353,-0.0397,0.0192,0.21,0,0,7.7,$51K,-2.01%
SPYUSDT,2026-05-26 01:00:00,749.82,-0.0002533299556005675,273721.791,10.0,-0.0018,-0.0028,-0.0003,0.0079,0.47,0,0,7.7,$274K,-0.03%
ELSAUSDT,2026-05-26 01:00:00,0.06723,-0.00884564352056616,5327.7085799999995,10.0,-0.0236,-0.0245,0.0072,0.0191,0.42,1,0,7.7,$5K,-0.88%
NOTUSDT,2026-05-26 01:00:00,0.0004784,0.0016750418760467234,12149.140223999999,10.0,-0.0314,-0.0308,0.0579,0.0346,0.69,1,1,7.7,$12K,0.17%
BANUSDT,2026-05-26 01:00:00,0.09306,0.023537175538935307,23918.46732,9.0,0.0149,0.0167,-0.0221,0.1698,0.14,0,0,6.9,$24K,2.35%
SNXUSDT,2026-05-26 01:00:00,0.316,0.0019023462270133518,9379.4488,9.0,-0.0147,-0.0189,0.0554,0.0395,0.33,1,1,6.9,$9K,0.19%
PARTIUSDT,2026-05-26 01:00:00,0.05239,-0.008703878902554418,8374.007121999999,9.0,-0.0027,-0.0305,0.091,0.0031,0.45,1,1,6.9,$8K,-0.87%
CYSUSDT,2026-05-26 01:00:00,0.44626,0.048198430967256956,97303.42292,9.0,0.034,0.0452,-0.0434,-0.037,0.65,0,0,6.9,$97K,4.82%
SAGAUSDT,2026-05-26 01:00:00,0.02238,-0.007098491570541321,39308.462514,8.0,-0.0448,-0.0485,0.1465,0.1252,1.48,0,0,6.2,$39K,-0.71%
FILUSDT,2026-05-26 01:00:00,0.9732,-0.006837432391060383,378050.53715999995,8.0,-0.0168,-0.021,0.023,0.0065,0.32,1,0,6.2,$378K,-0.68%
FOLKSUSDT,2026-05-26 01:00:00,1.3895,0.06581268696786058,266699.2405,8.0,0.0324,0.0343,0.0379,-0.0541,0.37,0,0,6.2,$267K,6.58%
POPCATUSDT,2026-05-26 01:00:00,0.0552,-0.007551240560949357,48733.9272,8.0,-0.0237,-0.0253,0.0201,0.0268,0.35,1,0,6.2,$49K,-0.76%
AIXBTUSDT,2026-05-26 01:00:00,0.02925,0.0020554984583762703,13043.01375,8.0,-0.0212,-0.0211,0.0296,0.0045,0.41,1,1,6.2,$13K,0.21%
OPUSDT,2026-05-26 01:00:00,0.1283,-0.003108003108003188,67107.07123,8.0,-0.0146,-0.0191,0.028,0.0071,0.14,1,0,6.2,$67K,-0.31%
CAKEUSDT,2026-05-26 01:00:00,1.4331,0.0,5875.42338,8.0,-0.0111,-0.0134,0.0292,0.0064,0.42,1,0,6.2,$6K,0.0%
TSLAUSDT,2026-05-26 01:00:00,428.98,-0.0008384962966412335,175590.0936,8.0,-0.0096,-0.0131,-0.0053,0.0133,0.16,0,0,6.2,$176K,-0.08%
GOOGLUSDT,2026-05-26 01:00:00,385.92,-0.0004144218814752243,105417.90720000002,6.0,-0.0045,-0.0068,-0.0007,0.0099,0.22,0,0,4.6,$105K,-0.04%
NVDAUSDT,2026-05-26 01:00:00,217.34,-0.00169950852050893,425316.9928,6.0,-0.0135,-0.0163,-0.009,0.0138,0.19,0,0,4.6,$425K,-0.17%
NFLXUSDT,2026-05-26 01:00:00,88.5,-0.0015794223826715026,3736.47,6.0,-0.0035,-0.0034,-0.0032,0.0031,0.14,0,0,4.6,$4K,-0.16%
CBRSUSDT,2026-05-26 01:00:00,257.46,-0.0064446416856405175,224005.64759999997,6.0,-0.0255,-0.0319,-0.0162,0.0213,0.08,0,0,4.6,$224K,-0.64%
CATIUSDT,2026-05-26 01:00:00,0.05559,0.003791982665222182,17631.36912,6.0,-0.0236,-0.0093,-0.0091,0.1036,0.29,0,0,4.6,$18K,0.38%
BLESSUSDT,2026-05-26 01:00:00,0.005217,-0.003818980332251254,15996.532344000001,6.0,-0.0294,-0.0457,0.014,0.0046,0.38,1,0,4.6,$16K,-0.38%
FLOCKUSDT,2026-05-26 01:00:00,0.06577,-0.0028805336567617745,15543.16102,5.0,-0.0238,-0.0185,0.0139,0.0165,0.36,1,0,3.8,$16K,-0.29%
JASMYUSDT,2026-05-26 01:00:00,0.005494,-0.004529806124297875,6141.08332,5.0,-0.021,-0.0257,0.0031,0.0033,0.11,1,0,3.8,$6K,-0.45%
HOMEUSDT,2026-05-26 01:00:00,0.02297,0.0021815008726004947,12388.89247,5.0,-0.0119,-0.0175,-0.0078,0.0119,0.22,0,0,3.8,$12K,0.22%
ARUSDT,2026-05-26 01:00:00,2.076,-0.005747126436781658,12733.768800000002,5.0,-0.0261,-0.0276,0.0147,0.0058,0.24,1,0,3.8,$13K,-0.57%
SAHARAUSDT,2026-05-26 01:00:00,0.03399,-0.005267778753292318,89079.87033,5.0,-0.0324,-0.0379,-0.0264,0.0316,0.25,0,0,3.8,$89K,-0.53%
RAYUSDT,2026-05-26 01:00:00,0.7598,-0.0031487798478089246,13468.974600000001,5.0,-0.0127,-0.0162,0.011,0.0064,0.18,1,0,3.8,$13K,-0.31%
OPENUSDT,2026-05-26 01:00:00,0.1877,0.011314655172413923,55973.0785,5.0,0.0011,0.0059,0.0445,-0.0394,0.29,0,0,3.8,$56K,1.13%
POLUSDT,2026-05-26 01:00:00,0.0919,-0.0027129679869777323,13586.496,4.0,-0.01,-0.01,0.0216,0.0139,0.24,1,0,3.1,$14K,-0.27%
XPTUSDT,2026-05-26 01:00:00,1955.92,-0.005819952525452643,28051.804640000002,4.0,-0.008,-0.0078,-0.007,0.0106,0.45,1,0,3.1,$28K,-0.58%
ENSUSDT,2026-05-26 01:00:00,6.219,-0.006708193579300414,536593.3551,4.0,-0.0217,-0.0249,0.0053,0.0099,1.23,0,0,3.1,$537K,-0.67%
STXUSDT,2026-05-26 01:00:00,0.2427,-0.00532786885245895,15820.71501,3.0,-0.0213,-0.0249,-0.009,0.0025,0.24,0,0,2.3,$16K,-0.53%
SOONUSDT,2026-05-26 01:00:00,0.1689,-0.011702750146284413,234750.5631,3.0,-0.0346,-0.0474,0.0036,0.0848,1.19,0,0,2.3,$235K,-1.17%
BNBUSDT,2026-05-26 01:00:00,657.53,-0.0026090254076602815,800108.8052,3.0,-0.006,-0.006,0.0032,0.0115,0.33,0,0,2.3,$800K,-0.26%
ANKRUSDT,2026-05-26 01:00:00,0.004654,-0.0038527397260273988,6949.241104000001,3.0,-0.0118,-0.0115,0.0179,0.0024,0.26,1,0,2.3,$7K,-0.39%
PLTRUSDT,2026-05-26 01:00:00,137.06,-0.0027648428405121495,56637.3038,3.0,-0.0167,-0.0221,-0.0144,0.008,0.27,0,0,2.3,$57K,-0.28%
BABYUSDT,2026-05-26 01:00:00,0.01588,-0.004388714733542409,36861.33884,3.0,-0.0306,-0.0352,-0.0179,-0.0399,0.45,1,0,2.3,$37K,-0.44%
ASTERUSDT,2026-05-26 01:00:00,0.685,-0.00594978958061243,163158.095,2.0,-0.0096,-0.0062,-0.022,0.0212,0.26,0,0,1.5,$163K,-0.59%
RVNUSDT,2026-05-26 01:00:00,0.005465,0.02073216286888302,50944.626165,2.0,0.0156,0.0198,0.0335,0.0066,1.15,0,0,1.5,$51K,2.07%
XAGUSDT,2026-05-26 01:00:00,76.47,-0.014561855670103041,15567858.952200001,2.0,-0.0177,-0.0201,-0.0182,0.0106,0.54,0,0,1.5,$15.6M,-1.46%
XAUUSDT,2026-05-26 01:00:00,4540.97,-0.0026444044708884284,11132778.281100001,2.0,-0.0059,-0.0069,-0.0056,0.0063,0.37,0,0,1.5,$11.1M,-0.26%
1000SATSUSDT,2026-05-26 01:00:00,1.284e-05,0.0023419203747072626,5553.78512088,0.0,-0.0164,-0.0146,0.0223,0.0063,0.19,1,0,0.0,$6K,0.23%
OXYUSDT,2026-05-26 01:00:00,58.58,0.008956252152945154,87812.0058,0.0,0.0082,0.0102,0.0065,-0.0091,0.81,0,0,0.0,$88K,0.9%
QUSDT,2026-05-26 01:00:00,0.01803,-0.006283068783068724,12785.19921,0.0,-0.0151,-0.0203,0.0662,-0.0545,0.22,1,0,0.0,$13K,-0.63%
JTOUSDT,2026-05-26 01:00:00,0.499,-0.00020036064916850727,71832.048,-1.0,-0.0305,-0.0411,0.0091,-0.0076,0.3,0,0,-0.8,$72K,-0.02%
CLUSDT,2026-05-26 01:00:00,91.935,0.003514785019593347,1799004.3057000001,-1.0,0.0117,0.0111,-0.0056,-0.0657,0.26,0,0,-0.8,$1.8M,0.35%
STBLUSDT,2026-05-26 01:00:00,0.03197,0.004082914572864249,2430.51925,-1.0,-0.0202,-0.0166,0.0201,-0.0175,0.41,1,1,-0.8,$2K,0.41%
BGBUSDT,2026-05-26 01:00:00,1.9927,0.0009041137174141678,71605.68179999999,-1.0,-0.003,-0.0035,0.0075,0.0107,0.63,1,0,-0.8,$72K,0.09%
RDDTUSDT,2026-05-26 01:00:00,142.52,-0.003774640011184105,1754.4212000000002,-2.0,-0.0159,-0.0196,-0.0114,0.0065,0.08,0,0,-1.5,$2K,-0.38%
KATUSDT,2026-05-26 01:00:00,0.00818,0.0,17024.73134,-2.0,-0.0123,-0.0133,0.0062,0.0,0.23,0,0,-1.5,$17K,0.0%
PAXGUSDT,2026-05-26 01:00:00,4527.22,-0.0026985529147676157,629998.88076,-2.0,-0.0058,-0.0067,-0.006,0.0055,0.58,0,0,-1.5,$630K,-0.27%
EULUSDT,2026-05-26 01:00:00,1.203,-0.005785123966942085,414.9147,-2.0,-0.0272,-0.0322,-0.0251,0.0067,0.1,0,0,-1.5,$415,-0.58%
KWEBUSDT,2026-05-26 01:00:00,26.867,-0.008597785977859762,156.09726999999998,-2.0,-0.0014,0.0026,0.0012,-0.0055,0.04,0,0,-1.5,$156,-0.86%
龙虾USDT,2026-05-26 01:00:00,0.006251,-0.007935248373274195,545.9310849999999,-2.0,-0.03,-0.0327,0.004,0.0005,0.23,0,0,-1.5,$546,-0.79%
USUALUSDT,2026-05-26 01:00:00,0.01357,-0.0022058823529410576,3187.89154,-3.0,-0.0192,-0.0195,0.0067,-0.023,0.08,1,0,-2.3,$3K,-0.22%
NEOUSDT,2026-05-26 01:00:00,2.81,0.001068756679729388,1593.9163,-3.0,-0.0094,-0.013,0.0007,-0.0081,0.09,0,0,-2.3,$2K,0.11%
ASTRUSDT,2026-05-26 01:00:00,0.00772,-0.005154639175257714,2734.2696,-3.0,-0.0146,-0.0166,0.0065,-0.014,0.17,1,0,-2.3,$3K,-0.52%
DEEPUSDT,2026-05-26 01:00:00,0.03233,-0.009193993257738287,11127.985999999999,-3.0,-0.0266,-0.0343,0.0059,0.0072,0.32,0,0,-2.3,$11K,-0.92%
POWRUSDT,2026-05-26 01:00:00,0.06331,-0.0009468202619534738,292.68213000000003,-3.0,-0.0131,-0.0162,0.0022,-0.0183,0.06,1,0,-2.3,$293,-0.09%
TRBUSDT,2026-05-26 01:00:00,17.412,-0.004288900325956413,2397.6323999999995,-3.0,-0.014,-0.0148,0.0055,0.002,0.09,0,0,-2.3,$2K,-0.43%
IDOLUSDT,2026-05-26 01:00:00,0.02525,-0.005122143420015712,4925.467000000001,-3.0,-0.0174,-0.0194,-0.016,0.0128,0.28,0,0,-2.3,$5K,-0.51%
SUSDT,2026-05-26 01:00:00,0.04541,-0.005693015108386268,14647.81288,-3.0,-0.0157,-0.0211,0.0084,-0.0092,0.16,1,0,-2.3,$15K,-0.57%
ORDIUSDT,2026-05-26 01:00:00,4.019,-0.0032242063492062822,183521.04384,-3.0,-0.0278,-0.0302,0.0175,0.0103,0.38,1,0,-2.3,$184K,-0.32%
BTCUSDT,2026-05-26 01:00:00,76722.1,-0.0004234273906710273,124536218.04078001,-3.0,-0.0068,-0.0079,-0.0023,0.0167,0.21,0,0,-2.3,$124.5M,-0.04%
RSRUSDT,2026-05-26 01:00:00,0.001646,0.001216545012165282,2570.390308,-3.0,-0.0143,-0.012,0.0111,-0.0306,0.16,1,0,-2.3,$3K,0.12%
KASUSDT,2026-05-26 01:00:00,0.03325,-0.0021008403361344463,31174.83425,-3.0,-0.0097,-0.0154,-0.0015,-0.0206,0.24,0,0,-2.3,$31K,-0.21%
DOTUSDT,2026-05-26 01:00:00,1.239,-0.008799999999999919,206429.79,-3.0,-0.0229,-0.0282,0.0,-0.012,0.18,1,0,-2.3,$206K,-0.88%
ORCLUSDT,2026-05-26 01:00:00,193.23,-0.002117331129931843,49609.8702,-3.0,-0.0084,-0.0105,-0.0045,0.0099,0.15,0,0,-2.3,$50K,-0.21%
1000BONKUSDT,2026-05-26 01:00:00,0.005969,-0.006491344873502003,177315.98547400002,-3.0,-0.0177,-0.0194,-0.0058,0.0003,0.27,0,0,-2.3,$177K,-0.65%
AIOUSDT,2026-05-26 01:00:00,0.0895,0.0038133692238671024,2629.9575,-3.0,-0.0215,-0.0382,0.0138,-0.0544,0.35,1,1,-2.3,$3K,0.38%
AVAXUSDT,2026-05-26 01:00:00,9.208,-0.004109885355829568,277040.1752,-3.0,-0.0138,-0.0136,0.0067,0.0037,0.21,0,0,-2.3,$277K,-0.41%
BBUSDT,2026-05-26 01:00:00,0.02964,0.0013513513513512265,5717.91168,-3.0,-0.0181,-0.0202,-0.0034,0.0099,0.2,0,0,-2.3,$6K,0.14%
MSTRUSDT,2026-05-26 01:00:00,161.62,-0.0024072588111844206,171443.2636,-3.0,-0.0151,-0.0175,-0.009,0.0195,0.14,0,0,-2.3,$171K,-0.24%
1MBABYDOGEUSDT,2026-05-26 01:00:00,0.0003935,-0.0035452013167890373,29400.7959745,-3.0,-0.0183,-0.0209,0.009,0.0059,0.22,0,0,-2.3,$29K,-0.35%
LDOUSDT,2026-05-26 01:00:00,0.3414,-0.006113537117904078,14820.31056,-3.0,-0.0181,-0.0201,-0.0003,0.0,0.13,1,0,-2.3,$15K,-0.61%
ZENUSDT,2026-05-26 01:00:00,6.124,-0.006650446066504556,36476.381199999996,-3.0,-0.0218,-0.025,-0.0054,0.0208,0.48,0,0,-2.3,$36K,-0.67%
SKRUSDT,2026-05-26 01:00:00,0.014504,-0.007527028876419872,12436.831903999999,-4.0,-0.0165,-0.0213,0.0058,0.0148,0.28,1,0,-3.1,$12K,-0.75%
YGGUSDT,2026-05-26 01:00:00,0.03794,-0.0031529164477139826,20316.919322,-4.0,-0.0197,-0.0269,0.0232,0.0109,0.25,1,0,-3.1,$20K,-0.32%
XPDUSDT,2026-05-26 01:00:00,1384.35,-0.006708760852407347,12216.888749999998,-4.0,-0.01,-0.0131,0.0028,0.0224,0.16,1,0,-3.1,$12K,-0.67%
API3USDT,2026-05-26 01:00:00,0.3234,-0.0027752081406103857,3489.3889800000006,-4.0,-0.0179,-0.0176,-0.0034,0.0034,1.3,0,0,-3.1,$3K,-0.28%
IOTAUSDT,2026-05-26 01:00:00,0.05716,0.0014015416958654825,16434.563176,-4.0,-0.012,-0.0078,0.0214,-0.0187,0.2,1,0,-3.1,$16K,0.14%
REDUSDT,2026-05-26 01:00:00,0.1342,0.005997001499250532,4728.6577800000005,-4.0,-0.02,-0.0197,0.0268,0.0113,0.38,0,0,-3.1,$5K,0.6%
GENIUSUSDT,2026-05-26 01:00:00,0.64859,0.010642607828471817,199012.05842,-4.0,0.0312,0.0354,-0.0814,0.0677,0.08,0,0,-3.1,$199K,1.06%
WMTUSDT,2026-05-26 01:00:00,120.49,0.0010800930541707832,6987.2151,-5.0,0.0031,0.0038,0.0013,0.0004,0.17,0,0,-3.8,$7K,0.11%
BZUSDT,2026-05-26 01:00:00,95.34,0.0009448818897637157,460663.81200000003,-5.0,0.0102,0.0103,-0.0111,-0.0674,0.22,0,0,-3.8,$461K,0.09%
XLMUSDT,2026-05-26 01:00:00,0.14832,-0.0036275695284158083,243434.6496,-5.0,-0.0107,-0.0093,0.0112,0.0279,0.36,0,0,-3.8,$243K,-0.36%
ROSEUSDT,2026-05-26 01:00:00,0.00965,-0.0010351966873705098,6237.895100000001,-5.0,-0.0183,-0.0223,0.0179,0.001,0.35,1,0,-3.8,$6K,-0.1%
LAUSDT,2026-05-26 01:00:00,0.1161,0.002590673575129543,14113.4643,-5.0,-0.0146,-0.0144,0.0247,0.022,1.24,0,0,-3.8,$14K,0.26%
KNCUSDT,2026-05-26 01:00:00,0.1456,-0.005464480874316946,847.9744000000001,-5.0,-0.0139,-0.0095,-0.0068,-0.0195,0.48,0,0,-3.8,$848,-0.55%
SEIUSDT,2026-05-26 01:00:00,0.06105,-0.0026139519686325663,435888.51405,-5.0,-0.0169,-0.0218,0.0086,0.0044,0.23,1,0,-3.8,$436K,-0.26%
RUNEUSDT,2026-05-26 01:00:00,0.4388,-0.007015161801312453,9846.80364,-5.0,-0.0263,-0.0292,-0.0194,0.0252,0.12,0,0,-3.8,$10K,-0.7%
SOXSUSDT,2026-05-26 01:00:00,7.27,0.0055325034578146415,27275.8768,-5.0,0.0169,0.0254,0.0014,-0.0751,0.21,0,0,-3.8,$27K,0.55%
AVNTUSDT,2026-05-26 01:00:00,0.15196,-0.0017736320042041065,53037.83900000001,-5.0,-0.0171,-0.0242,0.0052,0.0396,0.21,0,0,-3.8,$53K,-0.18%
1000CATUSDT,2026-05-26 01:00:00,0.001798,-0.007178354500276041,1332.39891,-6.0,-0.0236,-0.0249,0.0101,-0.0169,0.73,0,0,-4.6,$1K,-0.72%
NAORISUSDT,2026-05-26 01:00:00,0.03765,-0.02004164497657468,50474.71950000001,-7.0,-0.0437,-0.0634,-0.0623,0.0078,0.21,0,0,-5.4,$50K,-2.0%
ARPAUSDT,2026-05-26 01:00:00,0.01071,-0.007414272474513317,8917.413750000002,-7.0,-0.0215,-0.0246,-0.0083,-0.0377,0.28,0,0,-5.4,$9K,-0.74%
SONICUSDT,2026-05-26 01:00:00,0.03851,0.001560468140442195,8717.624230000001,-7.0,-0.0121,-0.0121,0.0076,0.0116,0.59,0,0,-5.4,$9K,0.16%
SQDUSDT,2026-05-26 01:00:00,0.03823,0.005787950539331677,9166.52179,-7.0,-0.0303,-0.049,0.0197,-0.0165,0.41,0,0,-5.4,$9K,0.58%
BRUSDT,2026-05-26 01:00:00,0.1201,-0.003650240584038511,3776.5445,-7.0,-0.0216,-0.0198,0.0089,-0.0199,0.25,0,0,-5.4,$4K,-0.37%
SKYUSDT,2026-05-26 01:00:00,0.06975,-0.001574577726882298,3443.2087500000002,-8.0,-0.005,-0.0056,-0.0001,-0.0053,0.18,0,0,-6.2,$3K,-0.16%
XAUTUSDT,2026-05-26 01:00:00,4521.11,-0.0024117174605696734,3718477.3416999998,-8.0,-0.0053,-0.0062,-0.0055,0.0049,0.57,0,0,-6.2,$3.7M,-0.24%
MYXUSDT,2026-05-26 01:00:00,0.2051,0.007862407862407883,64329.2048,-8.0,-0.0016,-0.0039,0.0153,0.2468,0.12,0,0,-6.2,$64K,0.79%
ARBUSDT,2026-05-26 01:00:00,0.1072,-0.0037174721189591198,270918.283088,-8.0,-0.0147,-0.0174,0.0258,-0.0228,0.17,1,0,-6.2,$271K,-0.37%
AEVOUSDT,2026-05-26 01:00:00,0.02476,-0.002417405318291599,6835.277788,-8.0,-0.0173,-0.0132,0.0206,-0.0068,0.26,0,0,-6.2,$7K,-0.24%
SSVUSDT,2026-05-26 01:00:00,2.635,0.0026636225266361002,7119.26935,-9.0,-0.0031,-0.0079,0.0174,0.0076,0.08,1,0,-6.9,$7K,0.27%
XPLUSDT,2026-05-26 01:00:00,0.0828,-0.02312411514865509,349852.5216,-10.0,-0.0408,-0.052,0.0276,0.0051,0.37,1,1,-7.7,$350K,-2.31%
DOLOUSDT,2026-05-26 01:00:00,0.0312,-0.0009606147934678733,7395.8351999999995,-10.0,-0.0174,-0.0216,0.0383,-0.0108,0.52,1,1,-7.7,$7K,-0.1%
AAPLUSDT,2026-05-26 01:00:00,310.35,0.001840015494867453,97809.90600000002,-10.0,-0.0026,-0.0039,-0.0031,0.0085,0.36,0,0,-7.7,$98K,0.18%
GIGGLEUSDT,2026-05-26 01:00:00,30.31,-0.0039434768320736335,11991.848399999999,-10.0,-0.02,-0.0238,0.001,-0.0463,0.21,0,0,-7.7,$12K,-0.39%
ZROUSDT,2026-05-26 01:00:00,1.3305,-0.0020252025202519564,38833.3035,-10.0,-0.0078,-0.0065,0.0267,0.0246,0.28,1,0,-7.7,$39K,-0.2%
METAUSDT,2026-05-26 01:00:00,613.07,-0.0011404923668474343,12200.093,-10.0,-0.0054,-0.0087,-0.0029,0.0075,0.51,0,0,-7.7,$12K,-0.11%
MONUSDT,2026-05-26 01:00:00,0.0255,-0.005847953216374324,47298.7005,-10.0,-0.0258,-0.0289,0.0143,-0.0196,0.21,0,0,-7.7,$47K,-0.58%
DOGEUSDT,2026-05-26 01:00:00,0.10061,-0.006419119099348225,1396905.4596000002,-11.0,-0.0162,-0.0164,-0.0111,-0.0111,0.21,0,0,-8.5,$1.4M,-0.64%
ALGOUSDT,2026-05-26 01:00:00,0.1111,-0.005371530886302489,97106.35506,-11.0,-0.0147,-0.0168,-0.0036,-0.0098,0.33,0,0,-8.5,$97K,-0.54%
BIOUSDT,2026-05-26 01:00:00,0.03347,-0.003275759380583665,65489.30979,-11.0,-0.0173,-0.0205,-0.0101,-0.0354,0.39,0,0,-8.5,$65K,-0.33%
CFXUSDT,2026-05-26 01:00:00,0.05504,-0.012203876525484603,64135.36,-11.0,-0.0085,-0.0243,0.0138,-0.0149,0.14,0,0,-8.5,$64K,-1.22%
ETHUSDT,2026-05-26 01:00:00,2093.3,-0.0015596903513834803,68502949.43800001,-11.0,-0.0094,-0.008,-0.0001,0.0123,0.22,0,0,-8.5,$68.5M,-0.16%
CHILLGUYUSDT,2026-05-26 01:00:00,0.01209,-0.0024752475247524774,3559.98513,-11.0,-0.0428,-0.0312,-0.0289,-0.0458,0.22,0,0,-8.5,$4K,-0.25%
TURBOUSDT,2026-05-26 01:00:00,0.001095,-0.0072529465095194645,3914.6370450000004,-11.0,-0.0228,-0.0249,-0.0099,-0.0301,0.1,0,0,-8.5,$4K,-0.73%
BLURUSDT,2026-05-26 01:00:00,0.02226,0.0008992805755394517,1516.0262039999998,-11.0,-0.0147,-0.015,-0.0085,0.015,0.14,0,0,-8.5,$2K,0.09%
SPXUSDT,2026-05-26 01:00:00,0.3552,-0.0022471910112358273,21809.280000000002,-11.0,-0.0217,-0.0244,0.0123,-0.0201,0.25,0,0,-8.5,$22K,-0.22%
XRPUSDT,2026-05-26 01:00:00,1.3389,-0.0018637244669748032,7322354.3937,-11.0,-0.0099,-0.0111,-0.0056,0.0016,0.21,0,0,-8.5,$7.3M,-0.19%
APEUSDT,2026-05-26 01:00:00,0.1342,-0.007396449704141772,33289.652,-11.0,-0.0214,-0.0233,-0.003,-0.0247,0.24,1,0,-8.5,$33K,-0.74%
ETCUSDT,2026-05-26 01:00:00,8.815,-0.004966700530533941,76734.575,-11.0,-0.018,-0.0203,-0.0043,-0.0034,0.11,0,0,-8.5,$77K,-0.5%
LAYERUSDT,2026-05-26 01:00:00,0.0871,-0.003432494279176246,23292.91783,-11.0,-0.0167,-0.0224,-0.0068,-0.0429,0.17,0,0,-8.5,$23K,-0.34%
HOODUSDT,2026-05-26 01:00:00,74.33,-0.003218452460775012,36756.9283,-11.0,-0.014,-0.0182,-0.0099,0.0129,0.19,0,0,-8.5,$37K,-0.32%
REZUSDT,2026-05-26 01:00:00,0.004372,0.0013742556115436955,10586.308336,-11.0,-0.0227,-0.044,-0.0146,-0.0243,0.24,0,0,-8.5,$11K,0.14%
AXLUSDT,2026-05-26 01:00:00,0.05688,-0.008022322985699382,10188.17496,-11.0,-0.0301,-0.0353,0.0028,-0.0402,0.27,0,0,-8.5,$10K,-0.8%
BRETTUSDT,2026-05-26 01:00:00,0.006911,-0.0053252734599885665,48637.06093,-11.0,-0.0292,-0.027,-0.0147,-0.0415,0.29,0,0,-8.5,$49K,-0.53%
QTUMUSDT,2026-05-26 01:00:00,0.895,-0.004449388209121219,13702.0025,-11.0,-0.0149,-0.0154,-0.0044,-0.0282,0.22,0,0,-8.5,$14K,-0.44%
COINUSDT,2026-05-26 01:00:00,187.23,-0.0018126566081996254,92094.6924,-11.0,-0.0117,-0.0142,-0.0076,0.0152,0.19,0,0,-8.5,$92K,-0.18%
FLOKIUSDT,2026-05-26 01:00:00,2.906e-05,-0.004794520547945269,6951.9297909,-11.0,-0.0164,-0.0189,-0.0021,0.0045,0.25,0,0,-8.5,$7K,-0.48%
ORCAUSDT,2026-05-26 01:00:00,1.399,-0.001427551748750866,134755.877,-11.0,-0.0244,-0.0217,-0.0134,-0.0064,0.56,0,0,-8.5,$135K,-0.14%
LINKUSDT,2026-05-26 01:00:00,9.403,-0.0033916269210386707,703588.878,-11.0,-0.0117,-0.0114,0.0026,-0.0006,0.16,0,0,-8.5,$704K,-0.34%
BOMEUSDT,2026-05-26 01:00:00,0.0005173,-0.005000961723408248,15536.679762100002,-11.0,-0.0254,-0.0241,-0.023,-0.0771,0.52,0,0,-8.5,$16K,-0.5%
ORDERUSDT,2026-05-26 01:00:00,0.05245,-0.026178982547344964,65642.27644999999,-11.0,-0.0146,-0.0072,0.0124,0.004,0.32,0,0,-8.5,$66K,-2.62%
AUSDT,2026-05-26 01:00:00,0.0779,-0.003326509723643789,2543.8244999999997,-11.0,-0.0183,-0.0266,0.0015,-0.0105,0.16,1,0,-8.5,$3K,-0.33%
WAXPUSDT,2026-05-26 01:00:00,0.006188,-0.001935483870967758,17629.314976,-11.0,-0.0126,-0.014,0.0062,0.0016,0.09,0,0,-8.5,$18K,-0.19%
HOLOUSDT,2026-05-26 01:00:00,0.07302,0.0013713658804168638,9258.2058,-11.0,-0.0176,-0.0151,0.0191,-0.0402,0.18,0,0,-8.5,$9K,0.14%
ICXUSDT,2026-05-26 01:00:00,0.03657,-0.005439216752787579,2662.80798,-11.0,-0.0167,-0.0161,-0.0052,-0.0111,0.14,0,0,-8.5,$3K,-0.54%
C98USDT,2026-05-26 01:00:00,0.01931,0.0,1709.9584300000001,-11.0,-0.0187,-0.0213,0.0228,0.0042,1.48,0,0,-8.5,$2K,0.0%
OPNUSDT,2026-05-26 01:00:00,0.1688,-0.005303476723629852,9410.6,-12.0,-0.031,-0.031,0.0048,-0.0129,0.15,1,0,-9.2,$9K,-0.53%
INXUSDT,2026-05-26 01:00:00,0.009502,-0.00834898768524317,30905.369024,-12.0,-0.0437,-0.0542,-0.0307,-0.0562,0.31,0,0,-9.2,$31K,-0.83%
USDCUSDT,2026-05-26 01:00:00,1.0,-0.00019996000799837876,226.9,-12.0,-0.0001,0.0,-0.0003,-0.0002,0.07,0,0,-9.2,$227,-0.02%
ILVUSDT,2026-05-26 01:00:00,4.248,-0.00258276590749007,1078.1424000000002,-12.0,-0.0184,-0.0178,-0.0021,-0.0272,1.26,0,0,-9.2,$1K,-0.26%
STRKUSDT,2026-05-26 01:00:00,0.040191,-0.008290769116885088,106040.21573699999,-13.0,-0.0224,-0.0349,0.0158,-0.0058,0.27,1,0,-10.0,$106K,-0.83%
GOATUSDT,2026-05-26 01:00:00,0.0169,-0.005882352941176672,4860.271,-13.0,-0.028,-0.0276,-0.0071,-0.0146,0.39,1,0,-10.0,$5K,-0.59%
TNSRUSDT,2026-05-26 01:00:00,0.03815,0.005270092226614009,3196.5427200000004,-13.0,-0.0078,-0.0086,0.0171,0.0071,0.37,0,0,-10.0,$3K,0.53%
MUBARAKUSDT,2026-05-26 01:00:00,0.01293,0.0,2624.75121,-13.0,-0.0266,-0.0249,0.0197,-0.0227,0.35,1,0,-10.0,$3K,0.0%
XVSUSDT,2026-05-26 01:00:00,2.681,-0.0051948051948050855,291.15659999999997,-13.0,-0.0101,-0.0074,0.0125,-0.0125,0.19,1,0,-10.0,$291,-0.52%
TAIKOUSDT,2026-05-26 01:00:00,0.1086,-0.0018382352941175295,3626.154,-13.0,-0.0112,-0.0091,0.0093,0.0093,0.11,1,0,-10.0,$4K,-0.18%
ETHFIUSDT,2026-05-26 01:00:00,0.3681,-0.00674581759309234,73543.72967999999,-13.0,-0.0199,-0.0233,0.0066,0.0088,0.3,1,0,-10.0,$74K,-0.67%
XPINUSDT,2026-05-26 01:00:00,0.0012253,0.0017168083714844684,14490.6367335,-13.0,-0.0196,-0.0269,0.0119,-0.0077,0.28,1,1,-10.0,$14K,0.17%
WIFUSDT,2026-05-26 01:00:00,0.1898,-0.006802721088435382,73795.34083999999,-13.0,-0.0228,-0.0282,0.0199,-0.0078,0.17,1,0,-10.0,$74K,-0.68%
CROUSDT,2026-05-26 01:00:00,0.06829,-0.0017541295132289525,10167.0152,-13.0,-0.0116,-0.0117,-0.0052,0.0019,0.35,0,0,-10.0,$10K,-0.18%
QNTUSDT,2026-05-26 01:00:00,79.34,-0.005515166708448205,31446.409000000003,-14.0,-0.0037,-0.0068,-0.0046,0.0301,0.14,0,0,-10.8,$31K,-0.55%
XMRUSDT,2026-05-26 01:00:00,380.58,-0.014041450777202091,51697.987199999996,-14.0,-0.0144,-0.0177,-0.0397,0.0008,0.34,0,0,-10.8,$52K,-1.4%
SUPERUSDT,2026-05-26 01:00:00,0.12,-0.004149377593360981,31824.96,-14.0,-0.0239,-0.0268,-0.0276,0.0879,0.17,0,0,-10.8,$32K,-0.41%
GLMUSDT,2026-05-26 01:00:00,0.1391,-0.002152080344332785,4480.2719,-15.0,-0.0142,-0.0142,0.0072,-0.0064,0.56,0,0,-11.5,$4K,-0.22%
NIGHTUSDT,2026-05-26 01:00:00,0.0331,0.007610350076103556,11819.612799999999,-15.0,0.0167,0.0175,0.0039,0.0129,0.14,0,0,-11.5,$12K,0.76%
COPUSDT,2026-05-26 01:00:00,119.33,0.004461279461279499,20850.530899999998,-15.0,-0.0073,-0.0094,-0.0145,-0.0165,1.41,0,0,-11.5,$21K,0.45%
HIVEUSDT,2026-05-26 01:00:00,0.06216,0.012542759407069504,21852.84528,-15.0,-0.0008,0.0011,-0.0249,-0.0175,0.5,0,0,-11.5,$22K,1.25%
BEATUSDT,2026-05-26 01:00:00,0.98123,0.01790512152867829,1072418.64759,-16.0,-0.0196,-0.015,-0.1946,-0.2552,0.09,0,0,-12.3,$1.1M,1.79%
GMEUSDT,2026-05-26 01:00:00,21.96,0.0004555808656037108,2978.6544,-16.0,-0.0053,-0.0005,-0.0108,0.0018,0.27,0,0,-12.3,$3K,0.05%
KITEUSDT,2026-05-26 01:00:00,0.19786,0.004824539129551608,19830.12278,-16.0,-0.0002,-0.0006,-0.0188,0.034,0.12,0,0,-12.3,$20K,0.48%
ACEUSDT,2026-05-26 01:00:00,0.1145,-0.004347826086956497,124.664165,-16.0,-0.0225,-0.0222,-0.0026,-0.0087,0.85,0,0,-12.3,$125,-0.43%
LINEAUSDT,2026-05-26 01:00:00,0.003129,-0.0025502072043354085,14381.844603,-16.0,-0.0169,-0.0179,0.0232,-0.028,0.24,0,0,-12.3,$14K,-0.26%
SYRUPUSDT,2026-05-26 01:00:00,0.1987,0.0025227043390514403,76064.347,-18.0,-0.0258,-0.041,0.0387,-0.0045,0.29,1,1,-13.8,$76K,0.25%
XOMUSDT,2026-05-26 01:00:00,153.2,0.0024865855254547764,3310.6519999999996,-18.0,-0.0054,-0.0069,-0.0097,-0.0213,0.56,0,0,-13.8,$3K,0.25%
GALAUSDT,2026-05-26 01:00:00,0.003235,-0.006144393241167445,39864.67855,-18.0,-0.0208,-0.0265,0.0202,-0.0098,0.22,1,0,-13.8,$40K,-0.61%
MERLUSDT,2026-05-26 01:00:00,0.02729,0.0003665689149559004,2920.395686,-18.0,-0.0179,-0.0187,0.0416,0.0141,0.31,0,0,-13.8,$3K,0.04%
CRCLUSDT,2026-05-26 01:00:00,113.81,-0.0031531926075151206,215202.19090000002,-18.0,-0.0088,-0.0104,-0.0133,0.0136,0.1,0,0,-13.8,$215K,-0.32%
STGUSDT,2026-05-26 01:00:00,0.1669,0.007242003621001913,6295.968699999999,-18.0,0.0019,0.0006,-0.0036,0.0054,0.12,0,0,-13.8,$6K,0.72%
FARTCOINUSDT,2026-05-26 01:00:00,0.1765,-0.009539842873176219,177220.66715,-19.0,-0.0292,-0.0339,-0.0134,-0.0051,0.14,0,0,-14.6,$177K,-0.95%
TUTUSDT,2026-05-26 01:00:00,0.0104,-0.0009606147934679843,301.59999999999997,-19.0,-0.0269,-0.0262,-0.0133,-0.052,0.24,0,0,-14.6,$302,-0.1%
ENAUSDT,2026-05-26 01:00:00,0.0977,-0.010833248962235476,389943.56179999997,-19.0,-0.0238,-0.0268,-0.002,-0.0232,0.19,0,0,-14.6,$390K,-1.08%
NEWTUSDT,2026-05-26 01:00:00,0.07367,-0.009412397472099099,6224.67298,-19.0,-0.0279,-0.0307,0.0055,-0.0394,0.2,0,0,-14.6,$6K,-0.94%
SPKUSDT,2026-05-26 01:00:00,0.0268,-0.006671608598962209,19600.5284,-19.0,-0.0257,-0.0311,-0.0103,-0.0476,0.29,0,0,-14.6,$20K,-0.67%
STOUSDT,2026-05-26 01:00:00,0.06618,-0.005858494817485349,11119.10034,-19.0,-0.0231,-0.0227,-0.0102,-0.0418,0.22,0,0,-14.6,$11K,-0.59%
COMPUSDT,2026-05-26 01:00:00,19.43,0.004653567735263708,60901.1977,-19.0,-0.0038,-0.0041,-0.027,-0.0097,0.46,0,0,-14.6,$61K,0.47%
STEEMUSDT,2026-05-26 01:00:00,0.05274,-0.007900677200902928,20302.052040000002,-19.0,-0.0176,-0.0206,-0.0137,-0.0626,0.11,0,0,-14.6,$20K,-0.79%
COTIUSDT,2026-05-26 01:00:00,0.01219,-0.007328990228013033,383.48521,-19.0,-0.0254,-0.0248,-0.0146,-0.031,0.16,0,0,-14.6,$383,-0.73%
MASKUSDT,2026-05-26 01:00:00,0.45,-0.0050851204952464535,12310.425000000001,-19.0,-0.0161,-0.0181,-0.0053,-0.0108,0.11,0,0,-14.6,$12K,-0.51%
HOTUSDT,2026-05-26 01:00:00,0.0003819,-0.008309529992209685,1590.9335322,-19.0,-0.0231,-0.0245,-0.0132,-0.025,0.25,0,0,-14.6,$2K,-0.83%
FIDAUSDT,2026-05-26 01:00:00,0.03406,0.000587544065804968,93178.65726,-19.0,-0.0163,-0.0162,-0.0702,-0.0116,0.12,0,0,-14.6,$93K,0.06%
JOEUSDT,2026-05-26 01:00:00,0.0416,0.00240963855421672,213.37888,-19.0,-0.0175,-0.0165,0.0,-0.0165,0.23,0,0,-14.6,$213,0.24%
SUSHIUSDT,2026-05-26 01:00:00,0.2033,0.0019714144898965724,3446.5449000000003,-19.0,-0.0118,-0.0117,0.0155,-0.0059,0.18,0,0,-14.6,$3K,0.2%
THETAUSDT,2026-05-26 01:00:00,0.1906,-0.0005243838489775721,3472.1602,-19.0,-0.0234,-0.0256,-0.0109,-0.0206,0.25,0,0,-14.6,$3K,-0.05%
INITUSDT,2026-05-26 01:00:00,0.07995,-0.004606573705179362,405.74625,-19.0,-0.0259,-0.0251,-0.0166,-0.0231,0.36,0,0,-14.6,$406,-0.46%
PIXELUSDT,2026-05-26 01:00:00,0.00672,-0.0031152647975076775,1529.79456,-19.0,-0.0217,-0.0198,-0.0055,-0.009,0.08,0,0,-14.6,$2K,-0.31%
IMXUSDT,2026-05-26 01:00:00,0.165,0.0012135922330096527,4716.6405,-19.0,-0.0216,-0.0248,-0.0102,-0.0143,0.24,0,0,-14.6,$5K,0.12%
BROCCOLIUSDT,2026-05-26 01:00:00,0.01422,-0.007676203768318235,339.7158,-19.0,-0.0224,-0.0207,-0.0042,-0.0353,0.24,0,0,-14.6,$340,-0.77%
XAIUSDT,2026-05-26 01:00:00,0.00988,-0.0010111223458038054,872.7497999999999,-19.0,-0.0188,-0.0179,0.0061,-0.0218,0.24,0,0,-14.6,$873,-0.1%
PEOPLEUSDT,2026-05-26 01:00:00,0.00657,-0.001519756838905706,42451.73964,-19.0,-0.013,-0.0156,0.0092,-0.0111,0.22,0,0,-14.6,$42K,-0.15%
ZRXUSDT,2026-05-26 01:00:00,0.1038,-0.0047938638542665,624.2532,-19.0,-0.013,-0.0114,0.001,-0.0208,0.13,0,0,-14.6,$624,-0.48%
HAEDALUSDT,2026-05-26 01:00:00,0.0279,-0.007117437722419906,1360.3203,-19.0,-0.0269,-0.0292,-0.0145,-0.0011,0.14,0,0,-14.6,$1K,-0.71%
ALICEUSDT,2026-05-26 01:00:00,0.1247,-0.005582137161084577,1368.1585200000002,-19.0,-0.0139,-0.015,-0.0008,-0.0103,0.1,0,0,-14.6,$1K,-0.56%
SCRTUSDT,2026-05-26 01:00:00,0.0807,-0.0037037037037037646,1106.3163,-19.0,-0.0182,-0.0206,-0.0049,-0.011,0.22,0,0,-14.6,$1K,-0.37%
AVAUSDT,2026-05-26 01:00:00,0.2317,0.0021626297577854725,264.6014,-19.0,-0.0117,-0.0107,-0.0069,-0.0309,0.35,0,0,-14.6,$265,0.22%
FORMUSDT,2026-05-26 01:00:00,0.2259,0.0008861320336728262,1140.5691,-19.0,-0.0191,-0.0195,0.0112,-0.0031,0.28,0,0,-14.6,$1K,0.09%
OGUSDT,2026-05-26 01:00:00,2.9529,0.00466113228089271,2240.95581,-19.0,-0.013,-0.0119,0.0049,-0.0414,0.18,0,0,-14.6,$2K,0.47%
OGNUSDT,2026-05-26 01:00:00,0.02139,-0.0023320895522388474,1057.8852299999999,-19.0,-0.0173,-0.0161,0.0038,-0.0188,0.16,0,0,-14.6,$1K,-0.23%
WETUSDT,2026-05-26 01:00:00,0.07624,-0.021309370988446652,7329.02744,-20.0,-0.0378,-0.0422,-0.0211,-0.0405,0.19,0,0,-15.4,$7K,-2.13%
ZKPUSDT,2026-05-26 01:00:00,0.07385,-0.0009469696969697239,23533.55795,-20.0,-0.0081,-0.0147,0.0122,-0.0132,0.27,0,0,-15.4,$24K,-0.09%
TACUSDT,2026-05-26 01:00:00,0.01719,-0.002784545770971092,10933.37289,-20.0,0.0018,-0.0085,-0.0519,-0.0503,0.27,0,0,-15.4,$11K,-0.28%
VVVUSDT,2026-05-26 01:00:00,17.206,0.0005233470954235653,179179.15456,-20.0,-0.0234,-0.0234,-0.1012,-0.0135,0.22,0,0,-15.4,$179K,0.05%
0GUSDT,2026-05-26 01:00:00,0.471,-0.002752487825534722,8866.104,-20.0,-0.013,-0.0142,0.0017,-0.0115,0.17,0,0,-15.4,$9K,-0.28%
FOGOUSDT,2026-05-26 01:00:00,0.01487,-0.006016042780748632,25847.703149999998,-20.0,-0.0222,-0.0287,0.0109,-0.0729,0.17,0,1,-15.4,$26K,-0.6%
LIGHTUSDT,2026-05-26 01:00:00,0.1294,-0.004615384615384799,5591.891599999999,-20.0,-0.0223,-0.0219,-0.0046,-0.0069,0.19,0,0,-15.4,$6K,-0.46%
FIGHTUSDT,2026-05-26 01:00:00,0.004818,-0.006393070736234185,41873.753526,-20.0,-0.0517,-0.0588,-0.0341,-0.08,0.16,0,0,-15.4,$42K,-0.64%
ACUUSDT,2026-05-26 01:00:00,0.08117,-0.001967293741546694,14.610600000000002,-20.0,-0.0248,-0.0271,-0.0189,-0.0135,0.27,0,0,-15.4,$15,-0.2%
ICNTUSDT,2026-05-26 01:00:00,0.2953,-0.010720268006700118,607.1368,-21.0,-0.0346,-0.0359,-0.0044,-0.0529,0.14,1,0,-16.2,$607,-1.07%
WALUSDT,2026-05-26 01:00:00,0.06477,0.0,1528.3776899999998,-21.0,-0.0151,-0.0171,0.0174,0.0081,0.12,0,0,-16.2,$2K,0.0%
ADAUSDT,2026-05-26 01:00:00,0.2406,-0.005374121537825571,987711.6012,-21.0,-0.015,-0.0164,-0.0012,-0.0123,0.26,0,0,-16.2,$988K,-0.54%
BATUSDT,2026-05-26 01:00:00,0.0979,-0.007099391480730133,4677.88717,-21.0,-0.0198,-0.0268,0.002,-0.001,0.13,0,0,-16.2,$5K,-0.71%
KERNELUSDT,2026-05-26 01:00:00,0.06187,-0.006423638991488678,17519.418550000002,-21.0,-0.0106,-0.0134,0.0129,-0.0161,0.18,1,0,-16.2,$18K,-0.64%
PUNDIXUSDT,2026-05-26 01:00:00,0.1401,0.0,777.8352,-21.0,-0.0088,-0.0064,0.0007,0.0101,0.32,0,0,-16.2,$778,0.0%
WLFIUSDT,2026-05-26 01:00:00,0.0609,-0.0016393442622950616,13147.761900000001,-21.0,-0.0099,-0.0081,0.0116,0.0066,0.16,0,0,-16.2,$13K,-0.16%
IOSTUSDT,2026-05-26 01:00:00,0.00104,-0.003831417624521216,1067.3572,-21.0,-0.0166,-0.0152,-0.0048,-0.0289,0.08,0,0,-16.2,$1K,-0.38%
SOMIUSDT,2026-05-26 01:00:00,0.1668,0.007246376811594235,35075.3712,-21.0,-0.0127,-0.0113,0.0097,0.0277,0.28,0,0,-16.2,$35K,0.72%
VETUSDT,2026-05-26 01:00:00,0.006646,0.007885956930542948,115672.985338,-21.0,-0.0037,-0.0027,0.0065,0.0088,0.22,0,0,-16.2,$116K,0.79%
COWUSDT,2026-05-26 01:00:00,0.1619,-0.0030788177339901024,6530.0746,-21.0,-0.0133,-0.0164,0.0025,-0.0086,0.07,0,0,-16.2,$7K,-0.31%
BABAUSDT,2026-05-26 01:00:00,128.45,-0.02408448564048027,221129.24399999998,-21.0,-0.0236,-0.029,-0.0216,-0.0085,0.24,0,0,-16.2,$221K,-2.41%
RPLUSDT,2026-05-26 01:00:00,1.68,-0.004149377593361092,691.488,-21.0,-0.0158,-0.017,0.003,-0.0077,0.24,1,0,-16.2,$691,-0.41%
BANANAUSDT,2026-05-26 01:00:00,3.733,-0.0042678047479327574,671.64136,-21.0,-0.0253,-0.0291,-0.0197,-0.0263,0.22,0,0,-16.2,$672,-0.43%
ETHWUSDT,2026-05-26 01:00:00,0.2691,-0.002964060763245513,773.6625,-21.0,-0.0235,-0.0278,-0.0019,-0.0139,0.63,1,0,-16.2,$774,-0.3%
TRUMPUSDT,2026-05-26 01:00:00,2.05,-0.005337214944201918,952654.6799999998,-21.0,-0.017,-0.0229,-0.0058,0.0084,0.22,0,0,-16.2,$953K,-0.53%
SANDUSDT,2026-05-26 01:00:00,0.07064,-0.005210533727644129,44240.91368,-21.0,-0.0157,-0.0164,0.0081,0.0038,0.22,0,0,-16.2,$44K,-0.52%
FUSDT,2026-05-26 01:00:00,0.005278,-0.007521624670928984,3049.83952,-21.0,-0.0189,-0.0239,-0.0006,0.0006,0.1,0,0,-16.2,$3K,-0.75%
CTKUSDT,2026-05-26 01:00:00,0.1605,-0.001865671641790967,467.2155,-21.0,-0.0223,-0.0207,0.0139,0.0056,0.62,0,0,-16.2,$467,-0.19%
BERAUSDT,2026-05-26 01:00:00,0.3751,-0.00026652452025588413,9542.05637,-21.0,-0.0181,-0.0211,0.0067,-0.0058,0.23,0,0,-16.2,$10K,-0.03%
ONEUSDT,2026-05-26 01:00:00,0.001915,-0.0036420395421435936,7554.66734,-21.0,-0.0154,-0.0129,0.0138,-0.0264,0.21,1,0,-16.2,$8K,-0.36%
MANAUSDT,2026-05-26 01:00:00,0.0861,-0.003472222222222321,3951.4734,-21.0,-0.01,-0.0069,0.0035,0.0,0.19,0,0,-16.2,$4K,-0.35%
XVGUSDT,2026-05-26 01:00:00,0.003286,-0.004544077552256942,14075.17025,-21.0,-0.0189,-0.0246,0.0074,-0.0182,0.31,0,0,-16.2,$14K,-0.45%
ONDOUSDT,2026-05-26 01:00:00,0.41,-0.014186102428468406,1531587.1439999999,-22.0,-0.0487,-0.0688,-0.069,0.0685,0.19,0,0,-16.9,$1.5M,-1.42%
BASEDUSDT,2026-05-26 01:00:00,0.06663,-0.007300357568534088,114013.12494,-22.0,-0.0356,-0.0453,-0.0334,-0.0858,0.26,0,0,-16.9,$114K,-0.73%
PROSUSDT,2026-05-26 01:00:00,0.6088,0.019765494137353512,41926.8384,-22.0,-0.002,0.0003,-0.0157,-0.0564,0.31,0,0,-16.9,$42K,1.98%
DASHUSDT,2026-05-26 01:00:00,43.8,-0.005449591280654031,118265.256,-22.0,-0.0272,-0.0355,-0.0348,-0.0206,0.21,0,0,-16.9,$118K,-0.54%
AEROUSDT,2026-05-26 01:00:00,0.4299,-0.0027835768963117014,28103.8527,-23.0,-0.0163,-0.0147,-0.0131,0.0044,0.21,0,0,-17.7,$28K,-0.28%
DYMUSDT,2026-05-26 01:00:00,0.02501,-0.021517996870109468,56273.677971000005,-23.0,-0.0511,-0.0629,-0.0764,-0.0373,0.16,0,0,-17.7,$56K,-2.15%
USUSDT,2026-05-26 01:00:00,0.00562,-0.010563380281690127,1958.13726,-24.0,-0.0062,-0.0216,-0.0675,-0.0757,0.49,0,0,-18.5,$2K,-1.06%
BUSDT,2026-05-26 01:00:00,0.2397,-0.007864238410596025,45211.9743,-27.0,-0.0223,-0.0462,-0.0473,-0.0869,0.5,0,0,-20.8,$45K,-0.79%
SAPIENUSDT,2026-05-26 01:00:00,0.10859,-0.018794614620041505,9931.96717,-27.0,-0.0259,-0.0323,-0.0132,-0.0796,0.24,0,0,-20.8,$10K,-1.88%
1MCHEEMSUSDT,2026-05-26 01:00:00,0.6754,-0.001626016260162566,1858.0254,-27.0,-0.01,0.0057,-0.0192,-0.0322,0.23,0,0,-20.8,$2K,-0.16%
MANTAUSDT,2026-05-26 01:00:00,0.07558,-0.006702589039295659,2628.619494,-27.0,-0.0226,-0.02,-0.0345,-0.0134,0.28,0,0,-20.8,$3K,-0.67%
CROSSUSDT,2026-05-26 01:00:00,0.0939,0.006646655231560938,21661.509299999998,-28.0,0.0038,0.009,0.0092,0.0152,0.23,0,0,-21.5,$22K,0.66%
RECALLUSDT,2026-05-26 01:00:00,0.05614,-0.017156862745097978,13582.39932,-28.0,-0.0305,-0.0267,-0.0756,-0.0454,0.09,0,0,-21.5,$14K,-1.72%
SPACEUSDT,2026-05-26 01:00:00,0.007531,-0.007119314436387469,45164.348375,-28.0,-0.0106,-0.0086,-0.0278,-0.0054,0.18,0,0,-21.5,$45K,-0.71%
TRIAUSDT,2026-05-26 01:00:00,0.04053,-0.002952029520295274,14335.744709999999,-28.0,-0.0187,-0.0249,-0.0557,-0.0267,0.27,0,0,-21.5,$14K,-0.3%
GWEIUSDT,2026-05-26 01:00:00,0.11306,-0.013696240076768729,45320.77936,-28.0,-0.0131,-0.0181,-0.0518,-0.0408,0.23,0,0,-21.5,$45K,-1.37%
ZKUSDT,2026-05-26 01:00:00,0.01454,-0.007508532423208147,34163.649280000005,-29.0,-0.0241,-0.0274,0.0041,-0.0129,0.19,0,0,-22.3,$34K,-0.75%
GUNUSDT,2026-05-26 01:00:00,0.01132,-0.013077593722754965,3223.85676,-29.0,-0.0251,-0.0241,-0.0139,-0.0399,0.15,0,0,-22.3,$3K,-1.31%
AUCTIONUSDT,2026-05-26 01:00:00,4.598,-0.00021743857360301266,6481.52472,-29.0,-0.013,-0.0127,0.005,-0.0207,0.24,0,0,-22.3,$6K,-0.02%
VANRYUSDT,2026-05-26 01:00:00,0.004818,-0.003722084367245637,4535.742288,-29.0,-0.0209,-0.0207,0.0063,-0.0199,0.26,0,0,-22.3,$5K,-0.37%
HFTUSDT,2026-05-26 01:00:00,0.01146,-0.0017421602787457413,1161.79188,-29.0,-0.0279,-0.0247,0.0,-0.0637,0.17,0,0,-22.3,$1K,-0.17%
MINAUSDT,2026-05-26 01:00:00,0.05584,0.0019738022609008254,29474.970896000003,-29.0,-0.0106,-0.0098,0.004,-0.0138,0.24,0,0,-22.3,$29K,0.2%
MOCAUSDT,2026-05-26 01:00:00,0.01254,-0.004761904761904745,6553.41654,-29.0,-0.023,-0.0264,-0.0134,-0.0126,0.1,0,0,-22.3,$7K,-0.48%
ZKCUSDT,2026-05-26 01:00:00,0.06737,-0.0014821402104640002,1977.37687,-29.0,-0.0107,-0.0075,0.012,-0.0041,0.34,0,0,-22.3,$2K,-0.15%
MEWUSDT,2026-05-26 01:00:00,0.0005272,-0.0069692974194762725,4517.36592,-29.0,-0.022,-0.019,-0.0133,-0.0173,0.1,0,0,-22.3,$5K,-0.7%
COOKIEUSDT,2026-05-26 01:00:00,0.01316,-0.013493253373313308,17601.92112,-29.0,-0.0297,-0.0273,-0.0201,-0.0886,0.12,0,0,-22.3,$18K,-1.35%
TREEUSDT,2026-05-26 01:00:00,0.06389,-0.04141035258814696,25671.38534,-29.0,-0.0232,-0.0189,-0.014,-0.0082,0.42,0,0,-22.3,$26K,-4.14%
CKBUSDT,2026-05-26 01:00:00,0.001389,0.006521739130434856,6800.3773200000005,-29.0,-0.0167,-0.017,0.0007,-0.0191,0.27,0,0,-22.3,$7K,0.65%
SXTUSDT,2026-05-26 01:00:00,0.01146,-0.003478260869565264,9751.85262,-29.0,-0.0219,-0.023,-0.0009,-0.0129,0.41,0,0,-22.3,$10K,-0.35%
GASUSDT,2026-05-26 01:00:00,1.522,-0.005878510777269641,4061.1526000000003,-29.0,-0.0166,-0.0181,-0.011,-0.0155,0.33,0,0,-22.3,$4K,-0.59%
1000000MOGUSDT,2026-05-26 01:00:00,0.1341,0.0029917726252803867,6930.288,-29.0,-0.0174,-0.0147,-0.003,-0.0205,0.14,0,0,-22.3,$7K,0.3%
AAVEUSDT,2026-05-26 01:00:00,85.46,-0.004310847023185405,313433.09599999996,-29.0,-0.0117,-0.0129,0.0033,-0.0066,0.22,0,0,-22.3,$313K,-0.43%
RAREUSDT,2026-05-26 01:00:00,0.01532,-0.0039011703511052653,2885.0624000000003,-29.0,-0.0228,-0.0254,-0.0097,-0.0261,0.15,0,0,-22.3,$3K,-0.39%
TOSHIUSDT,2026-05-26 01:00:00,0.0001573,-0.005060088551549602,5499.8372,-29.0,-0.0209,-0.0175,-0.0126,-0.0385,0.15,0,0,-22.3,$5K,-0.51%
ACTUSDT,2026-05-26 01:00:00,0.01231,-0.008856682769726287,173.10322,-29.0,-0.0256,-0.0261,-0.0065,-0.0405,0.14,0,0,-22.3,$173,-0.89%
CARVUSDT,2026-05-26 01:00:00,0.05327,-0.008192142990132267,1533.85638,-29.0,-0.0258,-0.0346,-0.0132,-0.0089,0.11,0,0,-22.3,$2K,-0.82%
PEPEUSDT,2026-05-26 01:00:00,3.5352e-06,-0.0066872717055352915,838194.9584256,-29.0,-0.0178,-0.0172,-0.0038,-0.0231,0.2,0,0,-22.3,$838K,-0.67%
WUSDT,2026-05-26 01:00:00,0.01206,-0.00658978583196046,52103.94319799999,-29.0,-0.0266,-0.0266,0.0,-0.0131,0.3,0,0,-22.3,$52K,-0.66%
LSKUSDT,2026-05-26 01:00:00,0.1174,-0.004240882103477506,7890.9236,-29.0,-0.0204,-0.0241,-0.0009,-0.0353,0.17,0,0,-22.3,$8K,-0.42%
LISTAUSDT,2026-05-26 01:00:00,0.0747,-0.0039999999999998925,2188.8594000000003,-29.0,-0.0196,-0.021,-0.0027,-0.0171,0.33,0,0,-22.3,$2K,-0.4%
ANIMEUSDT,2026-05-26 01:00:00,0.004283,-0.0032580870374678828,3785.855058,-29.0,-0.0166,-0.0186,-0.0012,-0.0012,0.2,0,0,-22.3,$4K,-0.33%
CYBERUSDT,2026-05-26 01:00:00,0.4658,-0.00042918454935625405,7584.80772,-29.0,-0.0122,-0.0131,0.0093,-0.0152,0.2,0,0,-22.3,$8K,-0.04%
MAVUSDT,2026-05-26 01:00:00,0.01339,0.0007473841554559435,1688.6304409000002,-29.0,-0.02,-0.0233,-0.0111,-0.0262,0.11,0,0,-22.3,$2K,0.07%
SOPHUSDT,2026-05-26 01:00:00,0.007784,-0.0066360387953036115,1111.703096,-29.0,-0.0168,-0.0184,-0.0006,-0.0019,0.5,0,0,-22.3,$1K,-0.66%
SPELLUSDT,2026-05-26 01:00:00,0.0001548,-0.0006455777921239303,1640.1717899999999,-29.0,-0.0071,-0.0058,0.0085,-0.0184,0.16,0,0,-22.3,$2K,-0.06%
PROMUSDT,2026-05-26 01:00:00,1.0903,-0.004564959371861521,16347.19499,-29.0,-0.014,-0.0201,-0.0146,-0.0554,0.15,0,0,-22.3,$16K,-0.46%
ARKUSDT,2026-05-26 01:00:00,0.1577,-0.0006337135614701284,1919.9975000000002,-29.0,-0.0138,-0.0156,0.0019,-0.0223,0.24,0,0,-22.3,$2K,-0.06%
EGLDUSDT,2026-05-26 01:00:00,3.9,-0.00434005616543276,6727.5,-29.0,-0.0138,-0.0164,0.0008,-0.002,0.19,0,0,-22.3,$7K,-0.43%
MEMEUSDT,2026-05-26 01:00:00,0.0005028,-0.005341246290801238,11295.081213599999,-29.0,-0.0205,-0.0205,-0.0028,-0.001,0.21,0,0,-22.3,$11K,-0.53%
ZBTUSDT,2026-05-26 01:00:00,0.13813,-0.01595782574624205,55676.88788,-30.0,-0.028,-0.0443,-0.0455,-0.1432,0.18,0,0,-23.1,$56K,-1.6%
ROBOUSDT,2026-05-26 01:00:00,0.01941,-0.0010293360782295258,24717.58686,-30.0,-0.0294,-0.0324,-0.0495,-0.0569,0.16,0,0,-23.1,$25K,-0.1%
4USDT,2026-05-26 01:00:00,0.00888,-0.004484304932735439,13213.67976,-30.0,-0.0281,-0.0231,-0.0337,-0.0252,0.15,0,0,-23.1,$13K,-0.45%
MANTRAUSDT,2026-05-26 01:00:00,0.00906,-0.0011025358324144863,29846.60262,-30.0,-0.0217,-0.0227,-0.0184,-0.0077,0.24,0,0,-23.1,$30K,-0.11%
SUIUSDT,2026-05-26 01:00:00,1.0233,-0.0091023530550981,2425736.3338800003,-31.0,-0.0208,-0.0236,0.0005,-0.0195,0.22,0,0,-23.8,$2.4M,-0.91%
BICOUSDT,2026-05-26 01:00:00,0.02616,0.007316134000770136,8670.88896,-31.0,-0.0159,-0.0098,-0.0477,-0.0418,0.11,0,0,-23.8,$9K,0.73%
SOLUSDT,2026-05-26 01:00:00,84.058,-0.003390875462391918,11820942.0472,-31.0,-0.0142,-0.0149,-0.0088,-0.005,0.2,0,0,-23.8,$11.8M,-0.34%
STORJUSDT,2026-05-26 01:00:00,0.1002,-0.010858835143139234,73884.11328,-31.0,-0.0294,-0.0291,-0.0281,-0.0748,0.16,0,0,-23.8,$74K,-1.09%
NEIROCTOUSDT,2026-05-26 01:00:00,9.17e-05,-0.010787486515641875,490.6734035,-31.0,-0.0262,-0.0286,-0.0171,-0.0182,0.46,0,0,-23.8,$491,-1.08%
MTLUSDT,2026-05-26 01:00:00,0.295,0.001017984390905946,5728.250999999999,-31.0,-0.0183,-0.0199,-0.0199,-0.0992,0.03,0,0,-23.8,$6K,0.1%
UMAUSDT,2026-05-26 01:00:00,0.447,-0.007989347536617841,393.2259,-31.0,-0.0222,-0.0257,-0.0208,-0.0266,0.05,0,0,-23.8,$393,-0.8%
VANAUSDT,2026-05-26 01:00:00,1.445,-0.004820936639118423,1956.0965,-31.0,-0.0247,-0.0315,-0.015,-0.0449,0.13,0,0,-23.8,$2K,-0.48%
KSMUSDT,2026-05-26 01:00:00,4.758,-0.002306563220801028,1675.7676,-31.0,-0.0205,-0.0268,-0.0081,-0.0353,0.34,0,0,-23.8,$2K,-0.23%
AINUSDT,2026-05-26 01:00:00,0.07756,0.011344373451558365,2568.70964,-31.0,-0.0038,-0.0201,-0.0357,-0.1673,0.24,0,0,-23.8,$3K,1.13%
ACXUSDT,2026-05-26 01:00:00,0.04142,0.0002414875633904856,3476.50486,-31.0,-0.0005,0.0015,-0.001,-0.0081,0.16,0,0,-23.8,$3K,0.02%
ATHUSDT,2026-05-26 01:00:00,0.006015,-0.01003949967083595,23513.958300000002,-31.0,-0.0258,-0.0311,-0.0125,-0.0134,0.25,0,0,-23.8,$24K,-1.0%
CHRUSDT,2026-05-26 01:00:00,0.02114,0.0004732607666824151,19093.973556,-31.0,-0.0143,-0.0121,-0.0066,-0.0158,0.19,0,0,-23.8,$19K,0.05%
KAVAUSDT,2026-05-26 01:00:00,0.05865,0.008078377449295182,100312.28555999999,-31.0,-0.0116,-0.0133,-0.027,-0.0235,0.45,0,0,-23.8,$100K,0.81%
PENGUUSDT,2026-05-26 01:00:00,0.008615,-0.008858720662678454,202758.10851,-31.0,-0.028,-0.0335,-0.034,-0.0127,0.12,0,0,-23.8,$203K,-0.89%
LUNAUSDT,2026-05-26 01:00:00,0.06108,0.0,3449.00436,-31.0,-0.0112,-0.0128,0.002,-0.0178,0.1,0,0,-23.8,$3K,0.0%
USTCUSDT,2026-05-26 01:00:00,0.00598,0.006734006734006703,1457.43364,-31.0,-0.0192,-0.0181,-0.0164,-0.0324,0.11,0,0,-23.8,$1K,0.67%
SHELLUSDT,2026-05-26 01:00:00,0.03156,-0.0018975332068312811,1309.449648,-31.0,-0.0226,-0.0238,-0.0022,-0.0387,0.22,0,0,-23.8,$1K,-0.19%
JUPUSDT,2026-05-26 01:00:00,0.1986,-0.004511278195488799,72529.1172,-31.0,-0.0152,-0.0178,-0.002,-0.0095,0.24,0,0,-23.8,$73K,-0.45%
CHIPUSDT,2026-05-26 01:00:00,0.04384,-0.014166854058916267,307113.448,-32.0,-0.0454,-0.057,-0.104,-0.0844,0.5,0,0,-24.6,$307K,-1.42%
AIGENSYNUSDT,2026-05-26 01:00:00,0.03017,-0.0033036009250082543,173618.87662,-32.0,-0.0275,-0.0214,-0.0777,-0.0983,0.14,0,0,-24.6,$174K,-0.33%
2ZUSDT,2026-05-26 01:00:00,0.09686,-0.008800654932460072,33605.38328,-32.0,-0.0208,-0.0221,-0.0695,-0.1036,0.16,0,0,-24.6,$34K,-0.88%
NOMUSDT,2026-05-26 01:00:00,0.002153,-0.004162812210915745,990.705103,-32.0,-0.013,-0.0097,-0.0245,0.0426,0.1,0,0,-24.6,$991,-0.42%
PRLUSDT,2026-05-26 01:00:00,0.1681,0.012650602409638445,33141.7555,-32.0,-0.0275,-0.0227,-0.064,-0.1148,0.28,0,0,-24.6,$33K,1.27%
KGENUSDT,2026-05-26 01:00:00,0.18143,-0.0037340069188951386,1414.60971,-32.0,-0.0206,-0.0151,-0.0096,-0.048,0.28,0,0,-24.6,$1K,-0.37%
TRADOORUSDT,2026-05-26 01:00:00,0.538,-0.00554528650646946,41701.456000000006,-32.0,-0.048,-0.0692,-0.0819,-0.1323,0.56,0,0,-24.6,$42K,-0.55%
RIVERUSDT,2026-05-26 01:00:00,6.334,0.0022151898734175113,49075.831999999995,-32.0,-0.0117,-0.0135,-0.0105,-0.0658,0.16,0,0,-24.6,$49K,0.22%
FLUIDUSDT,2026-05-26 01:00:00,1.567,-0.0038143674507310488,1996.358,-32.0,-0.0179,-0.0206,-0.0212,-0.0645,0.23,0,0,-24.6,$2K,-0.38%
PLUMEUSDT,2026-05-26 01:00:00,0.01382,-0.01846590909090906,64035.2464,-33.0,-0.0411,-0.0423,-0.0694,0.0407,0.17,0,0,-25.4,$64K,-1.85%
SKYAIUSDT,2026-05-26 01:00:00,0.2704,-0.020147847514132566,90720.552,-33.0,-0.027,-0.0313,-0.1727,-0.1093,0.19,0,0,-25.4,$91K,-2.01%
CELOUSDT,2026-05-26 01:00:00,0.0775,-0.003856041131105381,12465.1775,-34.0,-0.0207,-0.0202,-0.0227,-0.0385,0.81,0,0,-26.2,$12K,-0.39%
ENJUSDT,2026-05-26 01:00:00,0.04028,-0.00024820054604113295,6201.782704,-35.0,-0.0127,-0.0135,0.0047,-0.0484,0.19,0,0,-26.9,$6K,-0.02%
RAVEUSDT,2026-05-26 01:00:00,0.53891,-0.0005934387923520745,144063.03793,-36.0,-0.031,-0.0308,-0.1022,-0.0404,0.24,0,0,-27.7,$144K,-0.06%
JCTUSDT,2026-05-26 01:00:00,0.003352,-0.02473086994471918,19381.813728,-36.0,-0.0589,-0.0684,-0.0834,-0.1684,0.23,0,0,-27.7,$19K,-2.47%
YBUSDT,2026-05-26 01:00:00,0.1173,-0.0017021276595744483,944.8515,-36.0,-0.047,-0.0578,-0.0921,-0.1127,0.4,0,0,-27.7,$945,-0.17%
KAIAUSDT,2026-05-26 01:00:00,0.04966,-0.008188536049530626,81740.593402,-37.0,-0.0202,-0.0157,-0.0333,-0.0461,0.19,0,0,-28.5,$82K,-0.82%
GMTUSDT,2026-05-26 01:00:00,0.0111,0.006346328195829587,50763.052800000005,-38.0,-0.0168,-0.0125,-0.0601,0.0882,0.06,0,0,-29.2,$51K,0.63%
CELRUSDT,2026-05-26 01:00:00,0.002468,-0.0068410462776659076,2722.9345280000002,-39.0,-0.0192,-0.0159,-0.0171,-0.0533,0.27,0,0,-30.0,$3K,-0.68%
ZETAUSDT,2026-05-26 01:00:00,0.04909,-0.00486519359416171,16752.060680000002,-39.0,-0.0202,-0.0192,-0.0071,-0.03,0.14,0,0,-30.0,$17K,-0.49%
BELUSDT,2026-05-26 01:00:00,0.1011,-0.001974333662388972,4644.534,-39.0,-0.0177,-0.0175,0.0,-0.0362,0.41,0,0,-30.0,$5K,-0.2%
1INCHUSDT,2026-05-26 01:00:00,0.0894,-0.0022321428571429047,2724.6884999999997,-39.0,-0.0128,-0.0089,-0.0067,-0.0056,0.27,0,0,-30.0,$3K,-0.22%
BANDUSDT,2026-05-26 01:00:00,0.2011,-0.0024801587301587213,5300.8753400000005,-39.0,-0.0155,-0.0147,-0.0103,-0.0373,0.26,0,0,-30.0,$5K,-0.25%
CETUSUSDT,2026-05-26 01:00:00,0.0247,-0.0032284100080710587,2198.4728999999998,-39.0,-0.0215,-0.0222,-0.0167,-0.037,0.13,0,0,-30.0,$2K,-0.32%
WCTUSDT,2026-05-26 01:00:00,0.05947,-0.004686192468619121,4028.2004500000003,-39.0,-0.0249,-0.0225,-0.0211,-0.1004,0.19,0,0,-30.0,$4K,-0.47%
CGPTUSDT,2026-05-26 01:00:00,0.02369,-0.02066969822240594,22508.24804,-39.0,-0.0155,-0.0088,-0.049,-0.0673,0.15,0,0,-30.0,$23K,-2.07%
DIAUSDT,2026-05-26 01:00:00,0.1762,-0.008998875140607487,3016.8964,-39.0,-0.0197,-0.0244,-0.0068,-0.0079,0.08,0,0,-30.0,$3K,-0.9%
SLPUSDT,2026-05-26 01:00:00,0.0006132,-0.006480881399870353,146.35305720000002,-39.0,-0.0188,-0.0168,-0.0159,-0.0176,0.08,0,0,-30.0,$146,-0.65%
ONGUSDT,2026-05-26 01:00:00,0.06456,-0.004471858134155737,437.39400000000006,-39.0,-0.0171,-0.0194,-0.0066,-0.0374,0.09,0,0,-30.0,$437,-0.45%
GRIFFAINUSDT,2026-05-26 01:00:00,0.01093,-0.010859728506787403,13064.86946,-39.0,-0.0364,-0.0454,-0.0353,-0.0055,0.35,0,0,-30.0,$13K,-1.09%
HYPERUSDT,2026-05-26 01:00:00,0.0972,-0.0051177072671443335,21692.3184,-39.0,-0.0334,-0.0386,-0.0211,-0.0975,0.21,0,0,-30.0,$22K,-0.51%
CHZUSDT,2026-05-26 01:00:00,0.03578,-0.005558643690939391,182915.0527,-39.0,-0.0254,-0.0261,-0.0094,-0.123,0.2,0,0,-30.0,$183K,-0.56%
SFPUSDT,2026-05-26 01:00:00,0.2753,0.0014550745725718794,22176.075719999997,-39.0,-0.0111,-0.0104,0.0125,-0.0175,0.44,0,0,-30.0,$22K,0.15%
SAFEUSDT,2026-05-26 01:00:00,0.1431,-0.01105736005528668,10036.733489999999,-39.0,-0.0269,-0.0285,-0.0131,-0.0021,0.04,0,0,-30.0,$10K,-1.11%
LTCUSDT,2026-05-26 01:00:00,52.25,-0.004382621951219412,126000.875,-39.0,-0.0089,-0.0093,-0.005,-0.011,0.19,0,0,-30.0,$126K,-0.44%
ONTUSDT,2026-05-26 01:00:00,0.05493,-0.007049891540130138,25784.41665,-39.0,-0.0217,-0.0235,-0.0252,-0.0672,0.18,0,0,-30.0,$26K,-0.7%
GUSDT,2026-05-26 01:00:00,0.003452,-0.008045977011494232,12804.261960000002,-39.0,-0.0196,-0.0224,-0.0112,-0.0464,0.19,0,0,-30.0,$13K,-0.8%
MOVRUSDT,2026-05-26 01:00:00,1.961,-0.006585612968591614,23133.760120000003,-39.0,-0.0251,-0.0253,-0.0397,-0.0711,0.3,0,0,-30.0,$23K,-0.66%
NMRUSDT,2026-05-26 01:00:00,8.184,-0.003288271830471423,11204.714399999999,-39.0,-0.0194,-0.022,-0.02,-0.0307,0.22,0,0,-30.0,$11K,-0.33%
METISUSDT,2026-05-26 01:00:00,3.199,0.0,492.10217,-39.0,-0.0222,-0.0166,-0.0175,-0.0834,0.12,0,0,-30.0,$492,0.0%
CTSIUSDT,2026-05-26 01:00:00,0.02924,-0.006455997281685444,4088.42452,-39.0,-0.0217,-0.027,-0.0152,-0.0224,0.68,0,0,-30.0,$4K,-0.65%
METUSDT,2026-05-26 01:00:00,0.1309,0.006149116064565696,247.66279999999998,-40.0,-0.0156,-0.0202,-0.0128,-0.0494,0.11,0,0,-30.8,$248,0.61%
POWERUSDT,2026-05-26 01:00:00,0.07521,-0.0075217735550277,18027.98742,-40.0,-0.0216,-0.0253,-0.0227,-0.0249,0.29,0,0,-30.8,$18K,-0.75%
BARDUSDT,2026-05-26 01:00:00,0.2124,-0.00747663551401867,8834.3532,-40.0,-0.0245,-0.0284,-0.0225,-0.0354,0.2,0,0,-30.8,$9K,-0.75%
COAIUSDT,2026-05-26 01:00:00,0.2893,-0.007547169811320642,7538.2901,-40.0,-0.0262,-0.0302,-0.0249,-0.0263,0.2,0,0,-30.8,$8K,-0.75%
FRAXUSDT,2026-05-26 01:00:00,0.41097,-0.004915254237288114,162.33315,-40.0,-0.0157,-0.016,-0.0111,-0.0308,0.19,0,0,-30.8,$162,-0.49%
IRYSUSDT,2026-05-26 01:00:00,0.03038,-0.014276443867618394,43097.64522,-40.0,-0.0417,-0.0509,-0.0649,-0.0912,0.31,0,0,-30.8,$43K,-1.43%
UAIUSDT,2026-05-26 01:00:00,0.25793,0.0037358446511266408,9916.37678,-40.0,-0.0338,-0.0546,-0.0923,-0.0775,0.29,0,0,-30.8,$10K,0.37%
BILLUSDT,2026-05-26 01:00:00,0.08802,-0.0168658550206634,1020213.6780600001,-40.0,-0.0417,-0.0108,-0.211,-0.0398,0.26,0,0,-30.8,$1.0M,-1.69%
BIRBUSDT,2026-05-26 01:00:00,0.12567,0.0019134178426212234,31736.57613,-40.0,-0.0181,-0.0171,-0.0091,-0.0503,0.25,0,0,-30.8,$32K,0.19%
ALLOUSDT,2026-05-26 01:00:00,0.0838,-0.007109004739336511,1248.7875999999999,-40.0,-0.0277,-0.0379,-0.0423,-0.0616,0.18,0,0,-30.8,$1K,-0.71%
BREVUSDT,2026-05-26 01:00:00,0.1088,-0.0018348623853211565,5385.2735999999995,-40.0,-0.0213,-0.0189,0.0,-0.032,0.22,0,0,-30.8,$5K,-0.18%
OPGUSDT,2026-05-26 01:00:00,0.2003,-0.044825941821649895,471249.0148,-40.0,-0.0626,-0.0561,-0.1098,-0.0787,0.23,0,0,-30.8,$471K,-4.48%
LYNUSDT,2026-05-26 01:00:00,0.04286,-0.015165441176470562,75495.18982,-40.0,-0.0271,-0.0292,-0.0482,-0.0779,0.17,0,0,-30.8,$75K,-1.52%
ENSOUSDT,2026-05-26 01:00:00,0.767,-0.0024710625568994393,20502.677,-40.0,-0.0206,-0.0211,-0.0216,-0.055,0.15,0,0,-30.8,$21K,-0.25%
CLANKERUSDT,2026-05-26 01:00:00,20.72,-0.0004823926676315038,7881.473599999999,-40.0,-0.02,-0.0199,-0.0313,-0.086,0.49,0,0,-30.8,$8K,-0.05%
PROVEUSDT,2026-05-26 01:00:00,0.2564,-0.006586594343277685,129129.70640000001,-41.0,-0.0333,-0.0325,-0.0354,-0.049,0.08,0,0,-31.5,$129K,-0.66%
PYTHUSDT,2026-05-26 01:00:00,0.04055,-0.003930238270695163,32826.806450000004,-41.0,-0.0156,-0.0165,-0.0141,0.0145,0.16,0,0,-31.5,$33K,-0.39%
IPUSDT,2026-05-26 01:00:00,0.48,-0.004768816089570804,15012.432,-41.0,-0.0215,-0.0224,-0.0154,0.0,0.16,0,0,-31.5,$15K,-0.48%
LUMIAUSDT,2026-05-26 01:00:00,0.10007,-0.001695929768555371,20387.46124,-41.0,-0.0443,-0.0462,-0.0597,0.0062,0.33,0,0,-31.5,$20K,-0.17%
IDUSDT,2026-05-26 01:00:00,0.03028,-0.010457516339869244,28848.5805244,-41.0,-0.0221,-0.0267,-0.0082,-0.001,0.17,0,0,-31.5,$29K,-1.05%
1000XECUSDT,2026-05-26 01:00:00,0.00693,0.0014450867052022698,2981.9928600000003,-41.0,-0.0132,-0.0128,-0.0142,-0.0321,0.14,0,0,-31.5,$3K,0.14%
RESOLVUSDT,2026-05-26 01:00:00,0.02496,-0.015384615384615441,48990.63936,-41.0,-0.0378,-0.0012,-0.0477,-0.1095,0.59,0,0,-31.5,$49K,-1.54%
ACHUSDT,2026-05-26 01:00:00,0.006477,0.0015463120457708257,11621.104647,-41.0,-0.0136,-0.0114,-0.0071,-0.0389,0.13,0,0,-31.5,$12K,0.15%
HBARUSDT,2026-05-26 01:00:00,0.08691,-0.005492619292825185,158838.19347,-41.0,-0.0161,-0.0173,-0.012,-0.0154,0.16,0,0,-31.5,$159K,-0.55%
KMNOUSDT,2026-05-26 01:00:00,0.0196,-0.00608519269776886,5694.584,-41.0,-0.0219,-0.0205,-0.001,-0.0335,0.2,0,0,-31.5,$6K,-0.61%
UNIUSDT,2026-05-26 01:00:00,3.281,-0.0018253726802555104,166077.658,-41.0,-0.0154,-0.0162,-0.0232,-0.0241,0.32,0,0,-31.5,$166K,-0.18%
CRVUSDT,2026-05-26 01:00:00,0.2203,-0.00451875282422054,71488.8921,-41.0,-0.0199,-0.0174,-0.0239,-0.0372,0.15,0,0,-31.5,$71K,-0.45%
BEAMUSDT,2026-05-26 01:00:00,0.001802,0.0033407572383072903,13164.748864,-41.0,-0.0181,-0.0174,-0.0164,0.0073,0.16,0,0,-31.5,$13K,0.33%
BANKUSDT,2026-05-26 01:00:00,0.03462,-0.009442060085837034,18790.83588,-41.0,-0.0231,-0.0207,-0.0497,-0.128,0.36,0,0,-31.5,$19K,-0.94%
BSBUSDT,2026-05-26 01:00:00,0.65042,-0.001810926949048386,1090312.70482,-47.0,-0.0509,-0.0533,-0.2964,-0.4004,0.35,0,0,-36.2,$1.1M,-0.18%
ESPORTSUSDT,2026-05-26 01:00:00,0.0488,0.003495784495167742,2345088.4408,-48.0,-0.1201,-0.1699,-0.9291,-0.9319,59.03,0,0,-36.9,$2.3M,0.35%
XTZUSDT,2026-05-26 01:00:00,0.3305,0.0,1495.182,-49.0,-0.0141,-0.0128,-0.0117,-0.0219,0.26,0,0,-37.7,$1K,0.0%
EPICUSDT,2026-05-26 01:00:00,0.225,0.002673796791443861,5651.955,-49.0,-0.0273,-0.0217,-0.0256,-0.1011,0.07,0,0,-37.7,$6K,0.27%
MAGICUSDT,2026-05-26 01:00:00,0.05954,-0.007501250208368004,1378.67847,-49.0,-0.0189,-0.022,-0.011,-0.023,0.09,0,0,-37.7,$1K,-0.75%
MELANIAUSDT,2026-05-26 01:00:00,0.0926,-0.009625668449197877,12682.41266,-49.0,-0.0258,-0.0283,-0.0149,-0.0404,0.05,0,0,-37.7,$13K,-0.96%
BSVUSDT,2026-05-26 01:00:00,14.36,-0.00622837370242213,12512.7296,-49.0,-0.0179,-0.0191,-0.0137,-0.0225,0.17,0,0,-37.7,$13K,-0.62%
DOODUSDT,2026-05-26 01:00:00,0.002534,0.004359889021006591,812.871724,-49.0,-0.0263,-0.0321,-0.019,-0.0284,0.11,0,0,-37.7,$813,0.44%
TLMUSDT,2026-05-26 01:00:00,0.001405,0.0042887776983560055,2315.17024,-49.0,-0.0204,-0.0236,-0.0126,-0.0888,0.06,0,0,-37.7,$2K,0.43%
MOVEUSDT,2026-05-26 01:00:00,0.01586,-0.005642633228840066,27382.97198,-49.0,-0.0153,-0.0161,-0.01,-0.005,0.2,0,0,-37.7,$27K,-0.56%
ZILUSDT,2026-05-26 01:00:00,0.00387,-0.0002583311805733901,5055.7950900000005,-49.0,-0.0107,-0.0128,0.0023,-0.011,0.16,0,0,-37.7,$5K,-0.03%
CVXUSDT,2026-05-26 01:00:00,1.655,-0.001207000603500319,2902.3735,-49.0,-0.0129,-0.0102,-0.0072,-0.0048,0.08,0,0,-37.7,$3K,-0.12%
AXSUSDT,2026-05-26 01:00:00,1.135,-0.0035118525021948788,30308.9265,-49.0,-0.0135,-0.013,-0.0122,-0.0216,0.23,0,0,-37.7,$30K,-0.35%
THEUSDT,2026-05-26 01:00:00,0.0857,-0.004645760743321681,7092.4463,-49.0,-0.0247,-0.0195,-0.0149,-0.0634,0.18,0,0,-37.7,$7K,-0.46%
MOODENGUSDT,2026-05-26 01:00:00,0.04944,-0.0038283296393311073,26423.60352,-49.0,-0.019,-0.0241,-0.0185,-0.0102,0.13,0,0,-37.7,$26K,-0.38%
1000RATSUSDT,2026-05-26 01:00:00,0.03249,0.002159161011721089,13936.22811,-49.0,-0.0181,-0.0187,-0.0143,-0.0985,0.22,0,0,-37.7,$14K,0.22%
SYNUSDT,2026-05-26 01:00:00,0.04357,-0.00022946305644799825,579.481,-49.0,-0.0181,-0.0209,-0.0138,-0.0686,0.03,0,0,-37.7,$579,-0.02%
ZORAUSDT,2026-05-26 01:00:00,0.01074,-0.0037105751391466324,13973.36292,-49.0,-0.0191,-0.0227,-0.0046,-0.021,0.11,0,0,-37.7,$14K,-0.37%
CVCUSDT,2026-05-26 01:00:00,0.02921,-0.004430811179277461,108.48594,-49.0,-0.0165,-0.0168,-0.0165,-0.0188,0.16,0,0,-37.7,$108,-0.44%
BIGTIMEUSDT,2026-05-26 01:00:00,0.01181,-0.010058675607711676,4249.40334,-49.0,-0.0215,-0.0199,-0.0248,-0.0312,0.16,0,0,-37.7,$4K,-1.01%
LQTYUSDT,2026-05-26 01:00:00,0.2447,0.0,3324.7878400000004,-49.0,-0.0203,-0.0188,-0.0125,-0.0504,0.22,0,0,-37.7,$3K,0.0%
SHIBUSDT,2026-05-26 01:00:00,5.497e-06,-0.004166666666666541,201520.23988,-49.0,-0.0145,-0.0143,-0.0108,-0.0327,0.26,0,0,-37.7,$202K,-0.42%
GMXUSDT,2026-05-26 01:00:00,6.337,-0.008294209702660371,3471.5353400000004,-49.0,-0.0213,-0.0115,-0.0571,-0.0752,0.45,0,0,-37.7,$3K,-0.83%
SANTOSUSDT,2026-05-26 01:00:00,0.857,0.002339181286549641,3681.672,-49.0,-0.0257,-0.0206,-0.0239,-0.1007,0.07,0,0,-37.7,$4K,0.23%
TUSDT,2026-05-26 01:00:00,0.005168,-0.005388760585065433,582.53696,-49.0,-0.0162,-0.0167,-0.0062,-0.0415,0.05,0,0,-37.7,$583,-0.54%
SIGNUSDT,2026-05-26 01:00:00,0.01233,-0.005645161290322442,27800.500320000003,-49.0,-0.0304,-0.039,-0.0276,-0.039,0.34,0,0,-37.7,$28K,-0.56%
SIRENUSDT,2026-05-26 01:00:00,0.45631,-0.009313938341294015,188341.95249999998,-49.0,-0.0635,-0.0928,-0.0958,-0.1194,0.56,0,0,-37.7,$188K,-0.93%
IOTXUSDT,2026-05-26 01:00:00,0.00416,-0.0023980815347722784,1271.21696,-49.0,-0.0232,-0.0258,-0.0095,-0.028,0.08,0,0,-37.7,$1K,-0.24%
ASRUSDT,2026-05-26 01:00:00,1.041,-0.003827751196172291,1461.5639999999999,-49.0,-0.0229,-0.0235,-0.028,-0.063,0.15,0,0,-37.7,$1K,-0.38%
PIPPINUSDT,2026-05-26 01:00:00,0.02181,-0.0031992687385741236,64622.55018,-49.0,-0.0196,-0.0228,-0.0228,-0.0683,0.09,0,0,-37.7,$65K,-0.32%
VTHOUSDT,2026-05-26 01:00:00,0.0005051,0.0005942947702060053,592.02771,-49.0,-0.0081,-0.0055,-0.0059,-0.0213,0.07,0,0,-37.7,$592,0.06%
BCHUSDT,2026-05-26 01:00:00,346.13,-0.006544014236101181,420347.19460000005,-49.0,-0.0096,-0.0142,0.0062,-0.0408,0.22,0,0,-37.7,$420K,-0.65%
PIUSDT,2026-05-26 01:00:00,0.1464,-0.002044989775051076,177804.7032,-49.0,-0.0132,-0.0161,-0.0135,-0.0292,0.31,0,0,-37.7,$178K,-0.2%
ALTUSDT,2026-05-26 01:00:00,0.007142,0.0011213905242501987,36438.898236,-49.0,-0.0137,-0.0142,-0.0471,-0.0986,0.05,0,0,-37.7,$36K,0.11%
SKLUSDT,2026-05-26 01:00:00,0.00605,-0.004934210526315819,5735.884,-49.0,-0.0159,-0.0163,-0.0033,-0.0163,0.52,0,0,-37.7,$6K,-0.49%
ALCHUSDT,2026-05-26 01:00:00,0.07159,-0.003479955456570205,14887.35527,-49.0,-0.018,-0.0185,-0.0201,-0.0269,0.31,0,0,-37.7,$15K,-0.35%
AGLDUSDT,2026-05-26 01:00:00,0.2319,-0.0004310344827587187,11692.908179999999,-49.0,-0.0143,-0.017,-0.006,-0.0269,0.21,0,0,-37.7,$12K,-0.04%
MEGAUSDT,2026-05-26 01:00:00,0.07192,-0.006355346780878679,61996.334559999996,-50.0,-0.0333,-0.0346,-0.079,-0.114,0.39,0,0,-38.5,$62K,-0.64%
MEUSDT,2026-05-26 01:00:00,0.0946,-0.015608740894901163,18695.4196,-51.0,-0.0282,-0.0347,-0.0671,0.0238,0.2,0,0,-39.2,$19K,-1.56%
ARIAUSDT,2026-05-26 01:00:00,0.04168,-0.014890096903805161,12628.03968,-59.0,-0.0482,-0.0514,-0.0781,-0.0674,0.23,0,0,-45.4,$13K,-1.49%
MLNUSDT,2026-05-18 07:00:00,2.293,-0.00304347826086937,19215.34,-59.0,-0.024,-0.0357,-0.0962,-0.2787,0.05,0,0,-45.4,$19K,-0.3%
ATAUSDT,2026-05-18 07:00:00,0.00506,0.02429149797570851,12356.77806,-59.0,-0.0336,-0.0524,-0.138,-0.2227,0.16,0,0,-45.4,$12K,2.43%
B2USDT,2026-05-26 01:00:00,0.48,0.0029251984956120136,25951.68,-59.0,-0.0231,-0.035,-0.0801,-0.2581,0.53,0,0,-45.4,$26K,0.29%
