symbol,tf,start_d,w1_d,w2_d,w3_d,w4_d,w5_d,start,w1,w2,w3,w4,w5,retr2,retr4,ext3,trunc,gain,thr,d618
BSVUSDT,1d,2023-09-11,2023-10-02,2023-10-09,2024-03-11,2024-03-19,2024-03-31,29.19,39.42,33.1,115.96,71.34,102.91,0.618,0.538,8.1,True,3.53,0.1,0.0
THETAUSDT,1d,2025-04-17,2025-05-02,2025-05-04,2025-05-13,2025-05-17,2025-05-22,0.6256,0.7721,0.6815,1.0526,0.8446,0.969,0.618,0.56,2.53,True,1.55,0.1,0.0
CHILLGUYUSDT,1d,2025-04-08,2025-04-17,2025-04-21,2025-05-14,2025-05-17,2025-05-22,0.01856,0.02496,0.021,0.10943,0.078,0.10869,0.619,0.355,13.82,True,5.86,0.13,0.0010000000000000009
LDOUSDT,1d,2025-06-22,2025-07-22,2025-08-02,2025-08-12,2025-08-19,2025-08-22,0.6546,1.2206,0.8703,1.5423,1.2754,1.5403,0.619,0.397,1.19,True,2.35,0.1,0.0010000000000000009
RUNEUSDT,1d,2022-11-09,2022-11-15,2022-11-21,2023-02-07,2023-02-13,2023-02-20,1.031,1.233,1.108,1.954,1.646,1.822,0.619,0.364,4.19,True,1.77,0.1,0.0010000000000000009
1INCHUSDT,1d,2023-11-21,2023-12-08,2023-12-19,2024-01-01,2024-01-09,2024-01-11,0.323,0.4105,0.3565,0.4881,0.4138,0.5144,0.617,0.565,1.5,False,1.59,0.13,0.0010000000000000009
LUNCUSDT,1d,2023-10-18,2023-11-10,2023-11-21,2023-12-04,2024-01-25,2024-03-05,5.531e-05,9.13e-05,6.912e-05,0.0002576,9.319e-05,0.00020251,0.616,0.872,5.24,True,3.66,0.13,0.0020000000000000018
C98USDT,1d,2023-11-21,2023-12-26,2024-01-23,2024-03-11,2024-03-19,2024-04-07,0.1631,0.3085,0.2183,0.4425,0.3312,0.4286,0.62,0.496,1.54,True,2.63,0.2,0.0020000000000000018
SYNUSDT,1d,2025-04-06,2025-04-12,2025-04-16,2025-04-26,2025-05-06,2025-05-12,0.1291,0.1588,0.1405,0.3498,0.2281,0.33,0.616,0.581,7.05,True,2.56,0.1,0.0020000000000000018
MAGICUSDT,1d,2024-11-14,2024-11-18,2024-11-20,2024-12-08,2024-12-10,2024-12-11,0.3568,0.4477,0.3913,0.7078,0.5589,0.6678,0.62,0.47,3.48,True,1.87,0.1,0.0020000000000000018
BLURUSDT,1d,2023-10-11,2023-10-18,2023-10-19,2024-02-24,2024-03-05,2024-03-11,0.1575,0.1994,0.1734,0.806,0.6431,0.7156,0.621,0.258,15.1,True,4.54,0.1,0.0030000000000000027
STXUSDT,1d,2023-12-11,2024-01-08,2024-01-22,2024-03-24,2024-04-05,2024-04-08,0.9101,2.0259,1.3335,3.659,3.0877,3.4633,0.621,0.246,2.08,True,3.81,0.1,0.0030000000000000027
ONEUSDT,1d,2023-10-18,2023-12-25,2024-02-06,2024-03-11,2024-03-19,2024-03-25,0.0088,0.02178,0.0138,0.03691,0.0265,0.03334,0.615,0.45,1.78,True,3.79,0.16,0.0030000000000000027
TIAUSDT,1d,2023-11-21,2023-11-22,2023-11-26,2024-02-08,2024-03-05,2024-03-12,5.0149,6.0997,5.4323,20.106,15.5631,17.9493,0.615,0.31,13.53,True,3.58,0.1,0.0030000000000000027
WIFUSDT,1d,2025-04-08,2025-04-12,2025-04-17,2025-05-22,2025-06-06,2025-06-09,0.3193,0.4669,0.3761,1.2019,0.8137,1.0275,0.615,0.47,5.59,True,3.22,0.16,0.0030000000000000027
SSVUSDT,1d,2023-12-19,2023-12-22,2023-12-26,2024-01-11,2024-02-06,2024-03-25,21.17,26.86,23.36,37.17,28.26,63.36,0.615,0.645,2.43,False,2.99,0.13,0.0030000000000000027
DOODUSDT,1d,2025-07-07,2025-07-10,2025-07-12,2025-07-15,2025-07-18,2025-07-22,0.002484,0.003185,0.002754,0.004587,0.003521,0.004898,0.615,0.582,2.61,False,1.97,0.1,0.0030000000000000027
SPXUSDT,1d,2025-04-20,2025-04-26,2025-05-06,2025-07-27,2025-08-02,2025-08-09,0.4253,0.6113,0.4956,2.1486,1.4977,1.9451,0.622,0.394,8.89,True,4.57,0.1,0.0040000000000000036
AEROUSDT,1d,2025-04-08,2025-05-10,2025-06-05,2025-08-22,2025-09-01,2025-09-17,0.3123,0.781,0.4934,1.5035,1.082,1.3433,0.614,0.417,2.16,True,4.3,0.13,0.0040000000000000036
ALCHUSDT,1w,2025-03-10,2025-03-24,2025-03-31,2025-04-21,2025-05-05,2025-05-12,0.05157,0.06995,0.05852,0.17088,0.14608,0.16086,0.622,0.221,6.11,True,3.12,0.1,0.0040000000000000036
JCTUSDT,1w,2026-02-02,2026-02-16,2026-02-23,2026-03-16,2026-03-23,2026-03-30,0.001277,0.001846,0.001492,0.004147,0.002419,0.003883,0.622,0.651,4.67,True,3.04,0.1,0.0040000000000000036
SPXUSDT,1w,2024-11-18,2024-12-09,2024-12-16,2024-12-30,2025-01-06,2025-01-13,0.5386,0.7599,0.624,1.5086,0.9967,1.4534,0.614,0.579,4.0,True,2.7,0.1,0.0040000000000000036
LAYERUSDT,1d,2025-02-18,2025-02-20,2025-02-23,2025-03-05,2025-03-07,2025-03-14,0.6233,0.7467,0.6709,0.9783,0.7743,1.2189,0.614,0.664,2.49,False,1.96,0.1,0.0040000000000000036
STXUSDT,1d,2025-04-06,2025-04-12,2025-04-16,2025-05-10,2025-05-17,2025-05-22,0.5317,0.6466,0.5761,1.0457,0.8451,0.9999,0.614,0.427,4.09,True,1.88,0.1,0.0040000000000000036
CROSSUSDT,1d,2026-03-22,2026-04-11,2026-04-12,2026-04-25,2026-05-08,2026-05-13,0.06048,0.08254,0.06881,0.13048,0.0936,0.1099,0.622,0.598,2.8,True,1.82,0.13,0.0040000000000000036
CAKEUSDT,1d,2024-11-04,2024-11-11,2024-11-14,2024-12-08,2024-12-19,2025-01-04,1.5818,2.1087,1.7811,4.1904,2.3099,2.8464,0.622,0.781,4.57,True,1.8,0.1,0.0040000000000000036
NAORISUSDT,1d,2025-10-01,2025-10-02,2025-10-04,2025-10-06,2025-10-07,2025-10-08,0.05422,0.06958,0.06003,0.09378,0.07965,0.08786,0.622,0.419,2.2,True,1.62,0.1,0.0040000000000000036
OGNUSDT,1d,2024-08-05,2024-09-27,2024-10-03,2024-12-08,2024-12-22,2024-12-27,0.0665,0.097,0.0783,0.1626,0.1046,0.1426,0.613,0.688,2.76,True,2.14,0.16,0.0050000000000000044
BCHUSDT,1d,2024-09-06,2024-10-29,2024-11-04,2024-12-08,2025-01-09,2025-01-17,294.64,385.89,329.0,622.6,421.68,489.34,0.623,0.684,3.22,True,1.66,0.13,0.0050000000000000044
XRPUSDT,1w,2024-07-01,2024-09-23,2024-10-28,2025-07-14,2025-10-13,2025-10-20,0.41912,0.6412,0.5027,3.4547,2.3895,2.6453,0.624,0.361,13.29,True,6.31,0.1,0.006000000000000005
ENAUSDT,1d,2024-10-09,2024-10-15,2024-11-04,2025-01-05,2025-01-13,2025-01-17,0.2669,0.4276,0.3292,1.262,0.7977,0.9636,0.612,0.498,5.8,True,3.61,0.1,0.006000000000000005
ENSUSDT,1d,2023-10-19,2023-11-15,2023-11-21,2024-03-11,2024-03-19,2024-03-25,6.732,9.415,7.772,26.109,19.251,22.749,0.612,0.374,6.83,True,3.38,0.16,0.006000000000000005
JTOUSDT,1d,2024-02-06,2024-02-19,2024-02-23,2024-04-03,2024-04-16,2024-04-21,1.7712,2.3818,2.0006,4.886,2.635,3.8187,0.624,0.78,4.73,True,2.16,0.1,0.006000000000000005
VANRYUSDT,1d,2025-04-08,2025-04-12,2025-04-16,2025-04-24,2025-05-06,2025-05-13,0.02111,0.02624,0.0231,0.03589,0.02828,0.04444,0.612,0.595,2.49,False,2.11,0.1,0.006000000000000005
POLYXUSDT,1d,2024-02-04,2024-03-11,2024-03-19,2024-03-31,2024-04-13,2024-04-22,0.1497,0.2872,0.2013,0.6488,0.3878,0.4849,0.625,0.583,3.25,True,3.24,0.1,0.007000000000000006
LUNAUSDT,1d,2023-10-19,2023-11-10,2023-11-21,2023-12-04,2023-12-09,2023-12-10,0.3924,0.8443,0.562,1.255,0.9599,1.0918,0.625,0.426,1.53,True,2.78,0.1,0.007000000000000006
CELRUSDT,1w,2023-08-28,2023-12-18,2024-01-29,2024-03-25,2024-04-08,2024-04-15,0.0112,0.02333,0.01592,0.03351,0.02532,0.02797,0.611,0.466,1.45,True,2.5,0.1,0.007000000000000006
ENSUSDT,1w,2025-03-31,2025-05-05,2025-06-16,2025-07-21,2025-07-28,2025-08-04,13.16,23.456,17.019,31.151,25.447,29.463,0.625,0.404,1.37,True,2.24,0.1,0.007000000000000006
TAIKOUSDT,1d,2024-11-04,2024-11-11,2024-11-14,2024-12-06,2024-12-10,2024-12-12,1.2503,1.6536,1.4016,2.5054,1.8556,2.1953,0.625,0.589,2.74,True,1.76,0.1,0.007000000000000006
XRPUSDT,1w,2022-12-26,2023-01-23,2023-02-27,2023-04-10,2023-05-08,2023-05-29,0.33863,0.41313,0.36657,0.52071,0.42499,0.53524,0.625,0.621,2.07,False,1.58,0.1,0.007000000000000006
COTIUSDT,1d,2024-11-04,2024-11-11,2024-11-14,2024-12-08,2024-12-10,2024-12-11,0.0803,0.11383,0.09283,0.18429,0.14673,0.17357,0.626,0.411,2.73,True,2.16,0.13,0.008000000000000007
ICPUSDT,1d,2024-11-04,2024-11-11,2024-11-14,2024-12-06,2024-12-10,2024-12-12,7.02,9.494,7.984,15.227,11.789,13.665,0.61,0.475,2.93,True,1.95,0.1,0.008000000000000007
WETUSDT,1d,2026-02-05,2026-02-14,2026-02-19,2026-03-04,2026-03-29,2026-04-01,0.067,0.08837,0.07533,0.11886,0.10142,0.1159,0.61,0.401,2.04,True,1.73,0.1,0.008000000000000007
WOOUSDT,1w,2023-03-06,2023-03-13,2023-03-20,2023-04-10,2023-04-17,2023-05-01,0.17861,0.21967,0.19462,0.32131,0.24615,0.27399,0.61,0.593,3.09,True,1.53,0.1,0.008000000000000007
PEOPLEUSDT,1w,2023-10-09,2024-03-04,2024-04-08,2024-06-03,2024-06-17,2024-06-24,0.00918,0.04981,0.02433,0.12674,0.08436,0.09433,0.627,0.414,2.52,True,10.28,0.1,0.009000000000000008
RIVERUSDT,1w,2025-11-17,2025-12-08,2025-12-15,2026-01-19,2026-02-16,2026-03-16,3.621,5.87,4.5,69.731,7.998,29.346,0.609,0.946,29.0,True,8.1,0.1,0.009000000000000008
LTCUSDT,1w,2020-03-16,2020-08-10,2020-09-21,2021-05-03,2021-07-12,2021-08-30,35.43,64.0,46.08,388.34,119.18,232.51,0.627,0.786,11.98,True,6.56,0.1,0.009000000000000008
MERLUSDT,1d,2025-06-22,2025-07-22,2025-08-02,2025-10-26,2025-11-03,2025-11-08,0.075,0.1313,0.096,0.435,0.3051,0.4071,0.627,0.383,6.02,True,5.43,0.16,0.009000000000000008
LUNCUSDT,1w,2024-08-26,2024-09-23,2024-10-28,2024-12-02,2024-12-16,2024-12-30,7.383e-05,9.906e-05,8.325e-05,0.00016225,0.00010819,0.0001213,0.627,0.684,3.13,True,1.64,0.1,0.009000000000000008
ORDIUSDT,1d,2024-02-04,2024-02-12,2024-02-23,2024-03-04,2024-03-05,2024-03-12,52.374,70.885,59.287,87.231,75.484,83.201,0.627,0.42,1.51,True,1.59,0.1,0.009000000000000008
ALICEUSDT,1d,2024-11-14,2024-11-18,2024-11-20,2024-12-08,2024-12-10,2024-12-12,1.08,1.315,1.172,1.873,1.397,1.621,0.609,0.679,2.98,True,1.5,0.1,0.009000000000000008
STGUSDT,1d,2022-09-16,2023-02-08,2023-02-10,2023-02-18,2023-02-25,2023-02-27,0.5726,0.9134,0.6994,1.2409,0.9643,1.109,0.628,0.511,1.59,True,1.94,0.13,0.010000000000000009
ARCUSDT,1d,2025-10-10,2025-10-25,2025-10-30,2026-01-20,2026-02-01,2026-02-24,0.01143,0.01572,0.01302,0.0819,0.0419,0.10375,0.629,0.581,16.06,False,9.08,0.16,0.01100000000000001
MOODENGUSDT,1d,2024-10-23,2024-10-26,2024-11-04,2024-11-15,2024-11-25,2024-12-02,0.0645,0.25483,0.13493,0.62026,0.34189,0.58756,0.63,0.574,2.55,True,9.11,0.2,0.01200000000000001
ZRXUSDT,1d,2023-09-11,2023-11-15,2024-01-23,2024-03-16,2024-03-23,2024-03-27,0.1583,0.5258,0.2944,1.3569,0.8527,1.0706,0.63,0.475,2.89,True,6.76,0.2,0.01200000000000001
ZILUSDT,1d,2023-09-11,2023-12-26,2024-01-23,2024-03-13,2024-03-19,2024-03-31,0.01506,0.02745,0.01964,0.0405,0.03084,0.03892,0.63,0.463,1.68,True,2.58,0.13,0.01200000000000001
GOATUSDT,1d,2025-04-08,2025-04-12,2025-04-16,2025-05-13,2025-05-17,2025-05-22,0.03864,0.0572,0.04598,0.2115,0.13244,0.1906,0.605,0.478,8.92,True,4.93,0.1,0.013000000000000012
ANKRUSDT,1d,2023-09-11,2023-12-25,2024-01-23,2024-04-01,2024-04-03,2024-04-07,0.01716,0.03161,0.02249,0.06732,0.05318,0.06367,0.631,0.315,3.1,True,3.71,0.1,0.013000000000000012
APEUSDT,1d,2024-09-01,2024-09-09,2024-10-01,2024-10-21,2024-11-04,2024-12-04,0.5681,0.8512,0.6799,1.5687,0.912,1.9489,0.605,0.739,3.14,False,3.43,0.16,0.013000000000000012
STOUSDT,1w,2025-09-01,2025-09-15,2025-09-22,2025-10-13,2025-12-01,2025-12-08,0.08157,0.09872,0.08835,0.17611,0.112,0.12679,0.605,0.731,5.12,True,1.55,0.1,0.013000000000000012
RUNEUSDT,1w,2023-06-12,2023-06-26,2023-07-24,2024-03-11,2024-04-22,2024-05-20,0.831,1.071,0.926,8.965,5.101,6.694,0.604,0.481,33.5,True,8.06,0.1,0.014000000000000012
AINUSDT,1d,2026-02-08,2026-02-26,2026-03-09,2026-03-18,2026-04-01,2026-04-11,0.02866,0.04695,0.0359,0.09416,0.0544,0.1049,0.604,0.682,3.19,False,3.66,0.1,0.014000000000000012
WIFUSDT,1d,2024-09-01,2024-10-14,2024-11-04,2024-11-13,2024-11-26,2024-12-07,1.3948,2.8277,1.9214,4.1687,3.0139,3.885,0.632,0.514,1.57,True,2.79,0.16,0.014000000000000012
ZROUSDT,1d,2024-11-04,2024-11-11,2024-11-20,2024-12-06,2024-12-09,2024-12-15,3.005,4.067,3.396,7.181,5.888,6.992,0.632,0.342,3.56,True,2.33,0.13,0.014000000000000012
KAIAUSDT,1d,2024-01-07,2024-01-16,2024-01-23,2024-03-03,2024-03-05,2024-03-13,0.1696,0.2261,0.1904,0.319,0.2656,0.3155,0.632,0.415,2.28,True,1.86,0.1,0.014000000000000012
JASMYUSDT,1d,2025-06-22,2025-06-29,2025-07-05,2025-07-22,2025-08-02,2025-08-13,0.010985,0.01379,0.012016,0.020026,0.014367,0.018744,0.632,0.706,2.86,True,1.71,0.1,0.014000000000000012
FILUSDT,1d,2023-01-18,2023-02-01,2023-02-09,2023-02-20,2023-02-28,2023-03-01,4.255,5.688,4.783,8.551,6.488,7.251,0.632,0.548,2.63,True,1.7,0.1,0.014000000000000012
GALAUSDT,1d,2023-10-19,2023-12-25,2024-02-04,2024-03-10,2024-03-19,2024-03-31,0.01268,0.0357,0.02113,0.0828,0.05341,0.06911,0.633,0.477,2.68,True,5.45,0.16,0.015000000000000013
PARTIUSDT,1d,2025-11-20,2025-11-21,2025-11-22,2025-11-24,2025-11-29,2025-12-02,0.0578,0.0829,0.067,0.1363,0.0966,0.1372,0.633,0.573,2.76,False,2.37,0.1,0.015000000000000013
IOSTUSDT,1w,2023-09-04,2023-12-04,2024-01-29,2024-03-04,2024-03-18,2024-03-25,0.006872,0.0101,0.008152,0.012887,0.011166,0.012801,0.603,0.363,1.47,True,1.86,0.1,0.015000000000000013
BCHUSDT,1d,2020-09-23,2020-11-24,2020-12-11,2021-01-10,2021-01-27,2021-02-14,207.92,348.72,259.4,601.78,377.85,723.0,0.634,0.654,2.43,False,3.48,0.25,0.016000000000000014
SSVUSDT,1w,2023-11-13,2023-11-27,2023-12-11,2024-03-18,2024-04-08,2024-04-22,17.23,28.8,21.47,60.38,39.04,52.46,0.634,0.548,3.36,True,3.04,0.1,0.016000000000000014
FORMUSDT,1d,2025-03-19,2025-04-05,2025-04-06,2025-05-27,2025-06-21,2025-08-09,1.7399,2.1743,1.9128,3.0005,2.3424,4.0948,0.602,0.605,2.5,False,2.35,0.1,0.016000000000000014
POPCATUSDT,1w,2024-08-12,2024-08-19,2024-08-26,2024-11-11,2024-11-25,2024-12-02,0.4073,0.7602,0.5362,1.9102,1.3438,1.5198,0.635,0.412,3.89,True,3.73,0.1,0.017000000000000015
DYDXUSDT,1d,2023-06-14,2023-08-12,2023-10-17,2023-11-15,2023-11-21,2023-11-24,1.548,2.228,1.819,3.984,3.021,3.591,0.601,0.445,3.18,True,2.32,0.16,0.017000000000000015
MEMEUSDT,1d,2025-06-22,2025-07-21,2025-08-05,2025-08-22,2025-09-04,2025-09-11,0.001328,0.002152,0.001657,0.004095,0.002423,0.002819,0.601,0.686,2.96,True,2.12,0.16,0.017000000000000015
MOCAUSDT,1d,2025-04-06,2025-04-12,2025-04-16,2025-04-28,2025-05-06,2025-05-14,0.06832,0.08164,0.07318,0.10456,0.08343,0.10734,0.635,0.673,2.36,False,1.57,0.1,0.017000000000000015
NAORISUSDT,1d,2026-02-11,2026-02-20,2026-02-25,2026-05-04,2026-05-05,2026-05-06,0.01991,0.04502,0.02906,0.15878,0.13302,0.14867,0.636,0.199,5.17,True,7.47,0.1,0.018000000000000016
TAOUSDT,1d,2026-02-11,2026-02-16,2026-02-24,2026-03-25,2026-04-02,2026-04-07,145.76,198.6,166.9,346.56,300.18,335.22,0.6,0.258,3.4,True,2.3,0.1,0.018000000000000016
SUNUSDT,1d,2025-06-22,2025-08-22,2025-09-06,2025-09-20,2025-09-21,2025-09-22,0.016077,0.024895,0.019604,0.032686,0.027612,0.032325,0.6,0.388,1.48,True,2.01,0.1,0.018000000000000016
ARBUSDT,1d,2025-04-16,2025-04-26,2025-05-06,2025-05-10,2025-05-17,2025-05-22,0.2787,0.3525,0.3082,0.4845,0.3759,0.429,0.6,0.616,2.39,True,1.54,0.1,0.018000000000000016
DOTUSDT,1d,2020-10-06,2020-11-23,2020-12-11,2021-05-14,2021-05-23,2021-05-26,3.742,5.917,4.614,48.06,17.875,24.521,0.599,0.695,19.98,True,6.55,0.16,0.019000000000000017
COMPUSDT,1d,2024-11-03,2024-11-11,2024-11-14,2024-12-04,2024-12-10,2024-12-12,40.65,53.73,45.89,120.59,95.54,112.49,0.599,0.335,5.71,True,2.77,0.1,0.019000000000000017
MAVUSDT,1d,2025-04-16,2025-04-30,2025-05-06,2025-05-13,2025-05-19,2025-05-22,0.04662,0.06508,0.05333,0.08152,0.06625,0.07527,0.637,0.542,1.53,True,1.61,0.1,0.019000000000000017
RSRUSDT,1d,2025-04-08,2025-04-12,2025-04-16,2025-05-10,2025-05-17,2025-05-22,0.006149,0.007794,0.006809,0.010617,0.008522,0.009722,0.599,0.55,2.31,True,1.58,0.1,0.019000000000000017
GRIFFAINUSDT,1d,2025-07-01,2025-07-02,2025-07-08,2025-07-10,2025-07-19,2025-07-21,0.03729,0.04615,0.04084,0.05746,0.04852,0.05737,0.599,0.538,1.88,True,1.54,0.1,0.019000000000000017
PENDLEUSDT,1w,2023-08-14,2023-09-25,2023-10-09,2024-04-08,2024-05-06,2024-05-20,0.5548,0.7638,0.6389,6.8247,4.2061,6.7689,0.598,0.423,29.6,True,12.2,0.1,0.020000000000000018
CRVUSDT,1d,2022-06-18,2022-06-24,2022-06-30,2022-07-28,2022-08-01,2022-08-05,0.583,0.8418,0.687,1.5426,1.3048,1.4423,0.598,0.278,3.31,True,2.47,0.1,0.020000000000000018
EULUSDT,1d,2026-04-03,2026-04-10,2026-04-12,2026-04-17,2026-04-19,2026-04-23,0.887,1.086,0.959,1.577,1.192,1.654,0.638,0.623,3.11,False,1.86,0.1,0.020000000000000018
LQTYUSDT,1d,2025-05-30,2025-06-10,2025-06-17,2025-06-27,2025-07-05,2025-07-10,0.7045,1.1402,0.8795,1.6189,1.1611,1.2818,0.598,0.619,1.7,True,1.82,0.1,0.020000000000000018
ARUSDT,1d,2024-04-17,2024-04-29,2024-05-01,2024-05-19,2024-05-28,2024-06-04,24.453,36.123,28.67,48.15,38.089,46.391,0.639,0.516,1.67,True,1.9,0.1,0.02100000000000002
ATOMUSDT,1d,2021-08-26,2021-09-05,2021-09-08,2021-09-19,2021-09-21,2021-09-24,17.944,25.75,20.756,44.297,30.427,42.623,0.64,0.589,3.02,True,2.38,0.1,0.02200000000000002
HBARUSDT,1d,2024-11-20,2024-11-23,2024-11-25,2025-01-17,2025-02-26,2025-03-02,0.12174,0.15443,0.13494,0.37423,0.19596,0.26409,0.596,0.745,7.32,True,2.17,0.1,0.02200000000000002
BROCCOLIUSDT,1d,2025-03-10,2025-03-14,2025-03-15,2025-03-19,2025-03-22,2025-03-25,0.02863,0.03936,0.03297,0.06654,0.04776,0.05912,0.596,0.559,3.13,True,2.06,0.1,0.02200000000000002
BCHUSDT,1d,2023-06-14,2023-06-30,2023-08-17,2024-04-06,2024-05-01,2024-05-20,101.7,304.1,183.58,692.96,424.1,517.81,0.595,0.528,2.52,True,5.09,0.2,0.02300000000000002
CUSDT,1d,2025-07-14,2025-07-15,2025-07-17,2025-07-23,2025-07-25,2025-07-28,0.1033,0.20334,0.14379,0.41559,0.32978,0.38086,0.595,0.316,2.72,True,3.69,0.1,0.02300000000000002
TURBOUSDT,1d,2025-06-22,2025-06-29,2025-07-01,2025-07-15,2025-08-02,2025-08-10,0.003119,0.003812,0.003368,0.00621,0.004175,0.005061,0.641,0.716,4.1,True,1.62,0.1,0.02300000000000002
SKYAIUSDT,1d,2026-03-04,2026-03-16,2026-03-19,2026-05-05,2026-05-11,2026-05-12,0.03969,0.05125,0.04438,0.73396,0.44278,0.54364,0.594,0.422,59.65,True,13.7,0.1,0.02400000000000002
XRPUSDT,1w,2020-03-16,2020-04-27,2020-06-22,2020-11-30,2020-12-28,2021-04-26,0.1477,0.2194,0.1768,0.6216,0.2258,1.5615,0.594,0.89,6.2,False,10.57,0.1,0.02400000000000002
COMPUSDT,1d,2024-01-07,2024-01-13,2024-01-23,2024-03-01,2024-03-05,2024-03-11,48.06,58.72,51.88,95.01,82.16,92.78,0.642,0.298,4.05,True,1.93,0.1,0.02400000000000002
PYTHUSDT,1d,2025-06-22,2025-06-29,2025-07-07,2025-07-21,2025-07-24,2025-07-27,0.0852,0.1118,0.096,0.1489,0.124,0.139,0.594,0.471,1.99,True,1.63,0.1,0.02400000000000002
ETCUSDT,1d,2021-01-27,2021-02-13,2021-02-28,2021-05-06,2021-05-12,2021-05-14,6.876,16.69,10.38,133.83,84.782,103.358,0.643,0.397,12.58,True,15.03,0.2,0.025000000000000022
BNBUSDT,1d,2023-10-12,2023-11-06,2023-11-21,2025-10-08,2025-10-10,2025-10-12,205.21,255.04,225.51,1306.1,1102.17,1302.32,0.593,0.189,21.69,True,6.35,0.1,0.025000000000000022
1MCHEEMSUSDT,1d,2025-01-14,2025-02-12,2025-03-03,2025-03-25,2025-04-17,2025-05-16,0.5728,1.132,0.7723,2.0537,1.2533,1.749,0.643,0.625,2.29,True,3.05,0.25,0.025000000000000022
GPSUSDT,1d,2025-12-18,2026-01-09,2026-01-13,2026-02-09,2026-02-11,2026-02-18,0.004515,0.007628,0.005783,0.014535,0.010601,0.013534,0.593,0.449,2.81,True,3.0,0.2,0.025000000000000022
BOMEUSDT,1d,2025-06-22,2025-06-29,2025-07-01,2025-07-21,2025-07-24,2025-07-27,0.001299,0.001631,0.001434,0.002457,0.001987,0.002206,0.593,0.459,3.08,True,1.7,0.1,0.025000000000000022
PRLUSDT,1d,2026-04-18,2026-04-22,2026-04-23,2026-04-28,2026-05-01,2026-05-09,0.18,0.2343,0.2021,0.3518,0.2527,0.2898,0.593,0.662,2.76,True,1.61,0.1,0.025000000000000022
CLOUSDT,1d,2025-12-19,2026-01-01,2026-01-04,2026-01-16,2026-01-20,2026-01-21,0.1857,0.4166,0.2799,0.769,0.6086,0.6779,0.592,0.328,2.12,True,3.65,0.1,0.026000000000000023
SPELLUSDT,1d,2023-05-04,2024-02-22,2024-02-23,2024-03-02,2024-03-05,2024-03-12,0.0006616,0.0009805,0.0007752,0.0016022,0.0012546,0.0014886,0.644,0.42,2.59,True,2.25,0.16,0.026000000000000023
ARBUSDT,1d,2023-11-21,2023-12-12,2023-12-19,2024-01-11,2024-01-22,2024-02-14,0.9499,1.253,1.0735,2.2578,1.6875,2.1101,0.592,0.482,3.91,True,2.22,0.1,0.026000000000000023
OPUSDT,1d,2024-11-04,2024-11-11,2024-11-14,2024-12-07,2024-12-10,2024-12-13,1.3416,1.8226,1.5126,2.6772,2.2032,2.5679,0.644,0.407,2.42,True,1.91,0.13,0.026000000000000023
MORPHOUSDT,1d,2024-11-21,2024-11-27,2024-11-28,2024-12-05,2024-12-09,2024-12-13,0.967,1.663,1.2514,2.4358,1.7459,2.9661,0.591,0.582,1.7,False,3.07,0.1,0.027000000000000024
ETHFIUSDT,1d,2024-11-04,2024-11-11,2024-11-14,2024-12-06,2024-12-10,2024-12-16,1.2244,1.8731,1.4546,2.9668,2.3806,2.8161,0.645,0.388,2.33,True,2.3,0.13,0.027000000000000024
PIPPINUSDT,1d,2025-06-21,2025-07-02,2025-07-05,2025-07-10,2025-07-12,2025-07-22,0.01386,0.01711,0.01519,0.02002,0.01726,0.02166,0.591,0.571,1.49,False,1.56,0.1,0.027000000000000024
FILUSDT,1d,2023-09-11,2024-01-01,2024-01-23,2024-03-08,2024-03-19,2024-03-31,3.023,7.579,4.892,11.464,7.998,9.964,0.59,0.527,1.44,True,3.3,0.2,0.028000000000000025
ARUSDT,1d,2022-06-18,2022-06-24,2022-06-29,2022-07-18,2022-07-26,2022-08-10,7.914,10.718,9.064,16.471,12.283,15.561,0.59,0.565,2.64,True,1.97,0.1,0.028000000000000025
UNIUSDT,1d,2020-12-11,2020-12-19,2020-12-23,2021-05-04,2021-05-10,2021-05-14,2.967,3.962,3.318,43.128,36.355,40.424,0.647,0.17,40.01,True,13.62,0.1,0.029000000000000026
MORPHOUSDT,1w,2025-03-31,2025-05-12,2025-06-16,2025-08-18,2025-09-22,2025-10-20,0.9071,1.629,1.1616,2.5588,1.7492,2.0905,0.647,0.579,1.94,True,2.3,0.1,0.029000000000000026
HOTUSDT,1d,2023-10-22,2023-11-11,2023-11-21,2023-12-29,2024-01-07,2024-01-11,0.001236,0.001709,0.001403,0.002674,0.001928,0.002188,0.647,0.587,2.69,True,1.77,0.1,0.029000000000000026
BRETTUSDT,1d,2025-06-22,2025-06-29,2025-07-01,2025-07-22,2025-08-02,2025-08-13,0.03586,0.04504,0.0391,0.06636,0.04766,0.06266,0.647,0.686,2.97,True,1.75,0.13,0.029000000000000026
CAKEUSDT,1d,2025-04-06,2025-04-12,2025-04-16,2025-05-27,2025-06-05,2025-06-10,1.6218,2.0211,1.7858,2.7743,2.254,2.6319,0.589,0.526,2.48,True,1.62,0.1,0.029000000000000026
APEUSDT,1d,2022-11-17,2022-12-12,2022-12-19,2023-01-27,2023-02-13,2023-02-20,2.876,4.394,3.41,6.279,4.995,5.865,0.648,0.448,1.89,True,2.04,0.1,0.030000000000000027
SOLUSDT,1d,2024-09-06,2024-09-29,2024-10-03,2024-11-22,2024-12-22,2025-01-06,124.941,158.412,136.738,257.066,180.468,218.103,0.648,0.637,3.59,True,1.75,0.1,0.030000000000000027
RSRUSDT,1d,2024-11-04,2024-11-11,2024-11-14,2024-12-03,2024-12-19,2025-01-04,0.005469,0.008341,0.006655,0.025873,0.01056,0.017101,0.587,0.797,6.69,True,3.13,0.13,0.031000000000000028
WLDUSDT,1d,2023-09-17,2023-09-27,2023-10-19,2023-12-17,2024-01-09,2024-01-13,1.2625,1.7979,1.4505,4.2029,2.5002,2.8648,0.649,0.619,5.14,True,2.27,0.13,0.031000000000000028
TRIAUSDT,1d,2026-02-22,2026-02-25,2026-03-05,2026-03-22,2026-03-27,2026-03-29,0.015191,0.022743,0.017839,0.047493,0.026375,0.033188,0.649,0.712,3.93,True,2.18,0.1,0.031000000000000028
REDUSDT,1d,2025-06-22,2025-07-02,2025-07-04,2025-07-26,2025-08-02,2025-08-09,0.2505,0.3077,0.2706,0.3924,0.3199,0.4507,0.649,0.595,2.13,False,1.8,0.1,0.031000000000000028
LTCUSDT,1d,2020-03-12,2020-08-17,2020-09-23,2021-05-09,2021-05-23,2021-05-26,29.88,67.34,42.99,388.34,142.35,198.85,0.65,0.712,9.22,True,6.65,0.13,0.03200000000000003
WLDUSDT,1w,2023-09-04,2023-12-11,2024-01-29,2024-03-04,2024-04-22,2024-05-06,1.0914,4.2029,2.1805,9.5587,4.7008,5.9454,0.65,0.658,2.37,True,5.45,0.1,0.03200000000000003
IOTAUSDT,1d,2024-11-17,2024-11-18,2024-11-20,2024-12-04,2024-12-10,2024-12-13,0.1548,0.1882,0.1665,0.4957,0.3772,0.4212,0.65,0.36,9.86,True,2.72,0.1,0.03200000000000003
ARKMUSDT,1d,2024-10-09,2024-10-15,2024-10-25,2024-12-06,2024-12-10,2024-12-13,1.3167,1.8293,1.496,2.5256,1.8766,2.0909,0.65,0.63,2.01,True,1.59,0.1,0.03200000000000003
PENGUUSDT,1d,2025-04-08,2025-04-12,2025-04-15,2025-05-10,2025-05-17,2025-05-22,0.00386,0.005444,0.004517,0.015128,0.012025,0.014613,0.585,0.292,6.7,True,3.79,0.1,0.03300000000000003
ZKUSDT,1d,2024-09-03,2024-09-13,2024-09-16,2024-09-27,2024-10-03,2024-10-20,0.0984,0.1189,0.1069,0.1508,0.119,0.1489,0.585,0.724,2.14,True,1.51,0.1,0.03300000000000003
COMPUSDT,1w,2023-09-04,2023-09-25,2023-10-09,2023-12-25,2024-01-01,2024-02-26,37.06,47.92,40.84,57.37,48.06,89.46,0.652,0.563,1.52,False,2.41,0.1,0.03400000000000003
BASUSDT,1d,2026-04-29,2026-05-04,2026-05-07,2026-05-14,2026-05-18,2026-05-29,0.01367,0.018423,0.015323,0.026013,0.019861,0.031432,0.652,0.575,2.25,False,2.3,0.1,0.03400000000000003
JCTUSDT,1d,2026-03-08,2026-03-10,2026-03-11,2026-03-22,2026-03-25,2026-03-27,0.001528,0.002033,0.001738,0.004147,0.002742,0.003122,0.584,0.583,4.77,True,2.04,0.1,0.03400000000000003
TOSHIUSDT,1d,2025-09-04,2025-09-13,2025-09-15,2025-09-17,2025-09-25,2025-10-08,0.0005586,0.0006832,0.000602,0.0009131,0.0007164,0.0010497,0.652,0.632,2.5,False,1.88,0.1,0.03400000000000003
LUNCUSDT,1d,2024-09-01,2024-09-29,2024-10-03,2024-12-06,2024-12-19,2025-01-05,7.383e-05,9.906e-05,8.26e-05,0.00017008,0.00010296,0.0001213,0.652,0.767,3.47,True,1.64,0.13,0.03400000000000003
API3USDT,1d,2023-11-21,2023-12-31,2024-01-09,2024-01-20,2024-01-25,2024-02-14,1.283,1.998,1.531,2.687,2.011,4.621,0.653,0.585,1.62,False,3.6,0.1,0.03500000000000003
COWUSDT,1d,2024-11-20,2024-12-08,2024-12-09,2024-12-15,2024-12-19,2024-12-25,0.3319,0.5178,0.4095,0.9602,0.6525,1.1615,0.583,0.559,2.96,False,3.5,0.1,0.03500000000000003
PIPPINUSDT,1d,2025-04-15,2025-04-28,2025-05-07,2025-05-12,2025-05-17,2025-05-22,0.01074,0.02445,0.01646,0.0392,0.02449,0.03205,0.583,0.647,1.66,True,2.98,0.1,0.03500000000000003
ATHUSDT,1d,2025-04-17,2025-05-02,2025-05-04,2025-05-27,2025-06-02,2025-06-07,0.02654,0.03414,0.02918,0.05314,0.04652,0.05121,0.653,0.276,3.15,True,1.93,0.1,0.03500000000000003
XRPUSDT,1d,2020-12-30,2021-01-09,2021-01-27,2021-02-13,2021-02-28,2021-04-14,0.2112,0.3257,0.2508,0.6353,0.4157,1.837,0.654,0.571,3.36,False,8.7,0.13,0.03600000000000003
XAIUSDT,1d,2025-04-16,2025-04-26,2025-05-06,2025-05-13,2025-05-17,2025-05-22,0.04024,0.06597,0.05099,0.09735,0.07545,0.08952,0.582,0.472,1.8,True,2.22,0.1,0.03600000000000003
MASKUSDT,1d,2023-01-18,2023-01-22,2023-01-24,2023-02-04,2023-02-13,2023-02-20,2.631,3.296,2.909,5.029,3.391,4.158,0.582,0.773,3.19,True,1.58,0.1,0.03600000000000003
SUPERUSDT,1d,2024-08-16,2024-08-24,2024-09-07,2024-12-15,2024-12-22,2024-12-24,0.5245,0.7647,0.6074,2.1674,1.4746,1.745,0.655,0.444,6.49,True,3.33,0.1,0.03700000000000003
BTCUSDT,1d,2020-05-11,2020-08-17,2020-09-08,2021-04-13,2021-04-25,2021-05-08,8557.5,12298.5,10129.5,63651.0,49037.0,58923.5,0.58,0.273,14.31,True,6.89,0.13,0.038000000000000034
OPUSDT,1d,2025-06-22,2025-06-29,2025-07-01,2025-07-21,2025-08-02,2025-08-13,0.4857,0.6053,0.5267,0.8076,0.6313,0.8731,0.657,0.628,2.35,False,1.8,0.1,0.039000000000000035
1MBABYDOGEUSDT,1d,2025-04-06,2025-04-26,2025-05-04,2025-05-13,2025-05-17,2025-05-22,0.0010479,0.0014592,0.0012212,0.002006,0.0015924,0.0018576,0.579,0.527,1.91,True,1.77,0.1,0.039000000000000035
GMXUSDT,1d,2023-09-10,2023-10-01,2023-10-12,2023-11-11,2023-11-21,2023-12-10,30.56,42.41,34.62,54.83,47.7,54.22,0.657,0.353,1.71,True,1.77,0.1,0.039000000000000035
TONUSDT,1d,2026-03-01,2026-04-11,2026-04-19,2026-05-07,2026-05-24,2026-06-01,1.1994,1.4533,1.2865,2.7123,1.7622,2.094,0.657,0.666,5.62,True,1.75,0.1,0.039000000000000035
OPENUSDT,1d,2026-03-06,2026-03-26,2026-04-02,2026-04-29,2026-05-04,2026-05-08,0.1419,0.1749,0.1558,0.2756,0.1976,0.2312,0.579,0.651,3.63,True,1.63,0.1,0.039000000000000035
PEOPLEUSDT,1d,2023-09-11,2023-11-12,2023-11-21,2024-01-07,2024-01-09,2024-01-11,0.00877,0.01424,0.01108,0.04223,0.03207,0.04004,0.578,0.326,5.69,True,4.57,0.2,0.040000000000000036
CELOUSDT,1d,2023-09-11,2023-11-04,2023-11-21,2023-12-28,2024-01-07,2024-01-13,0.402,0.596,0.484,0.866,0.663,0.815,0.577,0.531,1.97,True,2.03,0.13,0.041000000000000036
ORDIUSDT,1d,2025-04-17,2025-04-26,2025-05-07,2025-05-13,2025-05-17,2025-05-22,5.948,8.806,6.923,12.379,9.312,11.284,0.659,0.562,1.91,True,1.9,0.1,0.041000000000000036
UNIUSDT,1d,2022-07-01,2022-07-09,2022-07-12,2022-07-28,2022-08-02,2022-08-10,4.855,6.452,5.53,9.277,8.243,9.213,0.577,0.276,2.35,True,1.9,0.1,0.041000000000000036
ETHUSDT,1d,2019-08-10,2020-09-01,2020-09-23,2021-05-11,2021-05-23,2021-05-26,206.39,475.69,320.63,4176.59,2094.95,2884.02,0.576,0.54,14.32,True,13.97,0.2,0.04200000000000004
JASMYUSDT,1d,2023-10-19,2023-12-25,2024-01-23,2024-06-06,2024-07-05,2024-07-27,0.003004,0.007261,0.004807,0.040791,0.021285,0.031955,0.576,0.542,8.45,True,10.64,0.16,0.04200000000000004
FLOKIUSDT,1d,2023-09-21,2023-10-01,2023-10-11,2023-12-05,2023-12-19,2023-12-22,1.544e-05,1.938e-05,1.678e-05,4.251e-05,3.412e-05,3.794e-05,0.66,0.326,6.53,True,2.46,0.1,0.04200000000000004
PNUTUSDT,1d,2026-03-29,2026-04-07,2026-04-12,2026-04-16,2026-04-25,2026-05-14,0.03766,0.04448,0.03998,0.07124,0.05202,0.06448,0.66,0.615,4.58,True,1.71,0.1,0.04200000000000004
STEEMUSDT,1d,2024-12-19,2024-12-23,2024-12-26,2024-12-28,2024-12-30,2025-01-05,0.1893,0.23826,0.20596,0.33704,0.24663,0.31372,0.66,0.69,2.68,True,1.66,0.1,0.04200000000000004
DOGEUSDT,1d,2024-09-06,2024-09-28,2024-10-02,2024-12-08,2024-12-27,2025-01-04,0.09253,0.12809,0.10458,0.46668,0.31166,0.39455,0.661,0.428,10.18,True,4.26,0.1,0.04300000000000004
ESPORTSUSDT,1d,2025-07-28,2025-10-09,2025-10-10,2026-01-25,2026-03-22,2026-04-12,0.12729,0.19072,0.14881,0.53151,0.27167,0.4579,0.661,0.679,6.03,True,3.6,0.2,0.04300000000000004
ETHUSDT,1w,2022-11-14,2023-04-10,2023-10-09,2024-03-04,2024-09-02,2024-12-02,1141.66,2119.18,1556.78,3880.46,2295.52,4007.04,0.575,0.682,2.38,False,3.51,0.25,0.04300000000000004
MYXUSDT,1d,2025-11-28,2025-12-16,2025-12-18,2026-01-24,2026-01-31,2026-02-06,2.5258,3.6278,2.8998,6.899,4.8325,6.8554,0.661,0.517,3.63,True,2.71,0.1,0.04300000000000004
CELRUSDT,1d,2023-09-11,2023-11-12,2023-11-21,2023-12-27,2024-01-07,2024-01-11,0.01108,0.0163,0.0133,0.02416,0.01826,0.02064,0.575,0.543,2.08,True,1.86,0.13,0.04300000000000004
SOLUSDT,1d,2021-09-21,2021-10-03,2021-10-11,2021-11-06,2021-11-18,2021-11-21,124.1423,172.9784,144.8941,258.2674,195.1381,230.3411,0.575,0.557,2.32,True,1.86,0.13,0.04300000000000004
COTIUSDT,1d,2023-10-19,2023-11-10,2023-11-21,2023-12-26,2024-01-09,2024-01-11,0.03641,0.05442,0.04407,0.07735,0.05754,0.06529,0.575,0.595,1.85,True,1.79,0.1,0.04300000000000004
MUSDT,1w,2025-06-30,2025-07-07,2025-07-21,2025-09-08,2025-12-01,2026-04-20,0.09338,0.62839,0.3212,2.49097,1.23746,4.34874,0.574,0.578,4.06,False,46.57,0.25,0.04400000000000004
ETHFIUSDT,1d,2025-04-16,2025-04-26,2025-05-06,2025-05-15,2025-05-23,2025-05-28,0.4225,0.6133,0.5037,1.4372,1.2257,1.3844,0.574,0.227,4.89,True,3.28,0.1,0.04400000000000004
USELESSUSDT,1d,2026-03-30,2026-04-16,2026-04-30,2026-05-12,2026-05-17,2026-06-03,0.03039,0.04786,0.03783,0.07917,0.05566,0.09886,0.574,0.569,2.37,False,3.25,0.13,0.04400000000000004
OPUSDT,1w,2022-11-14,2022-11-28,2022-12-26,2023-02-20,2023-03-06,2023-03-13,0.8474,1.0697,0.9226,2.9973,2.339,2.6864,0.662,0.317,9.33,True,3.17,0.1,0.04400000000000004
BOMEUSDT,1d,2025-04-08,2025-04-12,2025-04-16,2025-05-13,2025-05-17,2025-05-22,0.000985,0.001201,0.001077,0.003028,0.00209,0.002613,0.574,0.481,9.03,True,2.65,0.1,0.04400000000000004
FARTCOINUSDT,1d,2025-12-18,2025-12-27,2025-12-31,2026-01-06,2026-01-12,2026-01-13,0.2441,0.3159,0.2684,0.464,0.3657,0.4182,0.662,0.503,2.72,True,1.71,0.1,0.04400000000000004
CHZUSDT,1d,2024-01-22,2024-01-27,2024-02-05,2024-03-13,2024-03-19,2024-03-29,0.09279,0.11179,0.09921,0.16654,0.12067,0.15162,0.662,0.681,3.54,True,1.63,0.1,0.04400000000000004
SHIBUSDT,1d,2023-10-18,2023-12-16,2024-01-23,2024-03-04,2024-03-16,2024-03-28,6.76e-06,1.1596e-05,8.825e-06,3.592e-05,2.5411e-05,3.2026e-05,0.573,0.388,5.6,True,4.74,0.16,0.04500000000000004
ICNTUSDT,1w,2025-11-17,2025-11-24,2025-12-01,2025-12-22,2026-01-05,2026-01-12,0.188,0.2871,0.2303,0.5036,0.3636,0.448,0.573,0.512,2.76,True,2.38,0.1,0.04500000000000004
FARTCOINUSDT,1d,2025-03-10,2025-03-12,2025-03-13,2025-07-22,2025-08-02,2025-08-09,0.2182,0.2909,0.2426,1.6681,0.8979,1.0915,0.664,0.54,19.61,True,5.0,0.1,0.04600000000000004
WOOUSDT,1d,2023-09-12,2023-11-11,2023-11-21,2024-03-07,2024-03-19,2024-04-01,0.15406,0.27309,0.205,0.61106,0.41489,0.50366,0.572,0.483,3.41,True,3.27,0.1,0.04600000000000004
IDUSDT,1d,2023-10-19,2023-11-15,2023-11-21,2023-12-26,2023-12-31,2024-01-04,0.1717,0.2945,0.2243,0.3618,0.3005,0.3397,0.572,0.446,1.12,True,1.98,0.1,0.04600000000000004
LINKUSDT,1d,2020-12-30,2021-01-09,2021-01-12,2021-05-09,2021-05-12,2021-05-14,11.245,17.609,13.973,52.241,41.58,46.607,0.571,0.279,6.01,True,4.14,0.1,0.04700000000000004
PENDLEUSDT,1d,2024-08-05,2024-08-24,2024-09-06,2024-12-06,2024-12-09,2024-12-16,2.1971,3.4568,2.6191,6.8507,5.7016,6.2983,0.665,0.272,3.36,True,2.87,0.1,0.04700000000000004
DYDXUSDT,1w,2023-06-05,2023-08-21,2023-10-09,2023-11-20,2024-01-01,2024-03-04,1.557,2.216,1.84,3.434,2.491,4.038,0.571,0.592,2.42,False,2.59,0.1,0.04700000000000004
LPTUSDT,1d,2025-05-06,2025-05-13,2025-05-19,2025-05-30,2025-06-03,2025-06-04,4.587,6.257,5.303,11.637,7.864,10.404,0.571,0.596,3.79,True,2.27,0.13,0.04700000000000004
PYTHUSDT,1d,2024-02-23,2024-02-27,2024-03-05,2024-03-17,2024-03-19,2024-03-20,0.532,0.7331,0.5993,1.0989,0.9038,1.0355,0.665,0.391,2.48,True,1.95,0.1,0.04700000000000004
MANTAUSDT,1d,2025-04-08,2025-04-26,2025-05-06,2025-05-13,2025-05-17,2025-05-22,0.1681,0.2521,0.2041,0.3413,0.2642,0.3259,0.571,0.562,1.63,True,1.94,0.13,0.04700000000000004
ZENUSDT,1d,2025-10-23,2025-10-27,2025-10-30,2025-11-01,2025-11-02,2025-11-07,10.677,13.625,11.664,20.063,17.455,19.999,0.665,0.311,2.85,True,1.87,0.1,0.04700000000000004
ORDIUSDT,1d,2025-06-22,2025-06-29,2025-07-01,2025-07-27,2025-08-02,2025-08-13,6.581,7.843,7.004,11.672,8.49,10.599,0.665,0.682,3.7,True,1.61,0.1,0.04700000000000004
RUNEUSDT,1d,2023-06-14,2023-07-03,2023-07-30,2024-03-13,2024-03-19,2024-03-20,0.797,1.097,0.926,10.598,7.4,9.369,0.57,0.331,32.24,True,11.76,0.1,0.04800000000000004
AAVEUSDT,1d,2024-07-07,2024-08-01,2024-08-11,2024-12-23,2025-01-09,2025-01-21,78.227,116.759,91.087,383.52,280.9,370.66,0.666,0.351,7.59,True,4.74,0.16,0.04800000000000004
ETHUSDT,1d,2022-11-09,2023-04-16,2023-10-12,2024-03-11,2024-05-14,2024-05-27,1101.16,2119.18,1538.6,4069.32,2880.14,3894.76,0.57,0.47,2.49,True,3.54,0.25,0.04800000000000004
LQTYUSDT,1w,2024-08-26,2024-09-23,2024-10-28,2024-12-02,2024-12-16,2024-12-30,0.6863,0.9802,0.8126,2.6477,1.6142,1.9712,0.57,0.563,6.24,True,2.87,0.1,0.04800000000000004
LDOUSDT,1d,2024-11-04,2024-11-06,2024-11-20,2024-12-15,2024-12-19,2025-01-05,0.9372,1.3453,1.1128,2.381,1.6056,2.0895,0.57,0.611,3.11,True,2.23,0.13,0.04800000000000004
AINUSDT,1w,2025-08-18,2025-08-25,2025-09-01,2025-09-22,2025-10-13,2025-10-20,0.09036,0.117,0.10181,0.15265,0.12932,0.14452,0.57,0.459,1.91,True,1.6,0.1,0.04800000000000004
FETUSDT,1w,2023-02-27,2023-12-18,2024-01-29,2024-03-25,2024-08-12,2024-09-23,0.4314,0.7099,0.5242,3.0521,0.8155,1.6196,0.667,0.885,9.08,True,3.75,0.1,0.049000000000000044
AVAXUSDT,1d,2023-11-13,2023-11-19,2023-11-21,2023-12-25,2024-01-07,2024-01-11,16.112,22.848,19.012,48.161,33.649,39.308,0.569,0.498,4.33,True,2.44,0.1,0.049000000000000044
ZKUSDT,1w,2024-08-26,2024-10-14,2024-10-28,2024-12-02,2024-12-16,2024-12-30,0.0986,0.1489,0.1203,0.2557,0.1742,0.2135,0.569,0.602,2.69,True,2.17,0.1,0.049000000000000044
CFXUSDT,1d,2025-04-16,2025-04-28,2025-05-05,2025-05-10,2025-05-17,2025-05-22,0.06442,0.08157,0.07182,0.1047,0.08662,0.09921,0.569,0.55,1.92,True,1.54,0.1,0.049000000000000044
MEWUSDT,1d,2024-10-03,2024-10-07,2024-10-09,2024-10-24,2024-11-04,2024-11-17,0.004797,0.007161,0.005819,0.011249,0.007804,0.012122,0.568,0.634,2.3,False,2.53,0.1,0.050000000000000044
TOSHIUSDT,1d,2025-04-16,2025-04-25,2025-05-05,2025-05-12,2025-05-17,2025-05-21,0.0003048,0.0004252,0.0003568,0.0008492,0.000654,0.0007587,0.568,0.396,4.09,True,2.49,0.13,0.050000000000000044
TRXUSDT,1d,2022-11-17,2023-02-20,2023-03-10,2024-12-03,2025-03-16,2025-08-22,0.05003,0.07198,0.0573,0.434,0.21183,0.36673,0.669,0.59,17.16,True,7.33,0.13,0.051000000000000045
ANKRUSDT,1w,2023-08-28,2023-12-18,2024-01-29,2024-04-01,2024-04-08,2024-04-22,0.01821,0.03088,0.02369,0.06367,0.04366,0.05221,0.567,0.501,3.16,True,2.87,0.1,0.051000000000000045
BBUSDT,1d,2025-08-19,2025-08-22,2025-09-04,2025-09-24,2025-09-30,2025-10-03,0.1087,0.16605,0.12771,0.23523,0.18265,0.21036,0.669,0.489,1.87,True,1.94,0.1,0.051000000000000045
C98USDT,1d,2025-06-22,2025-06-29,2025-07-01,2025-07-21,2025-07-24,2025-07-27,0.0366,0.04516,0.04031,0.06215,0.05483,0.06032,0.567,0.335,2.55,True,1.65,0.1,0.051000000000000045
WUSDT,1d,2025-04-16,2025-04-26,2025-05-06,2025-05-13,2025-05-17,2025-05-22,0.0662,0.09116,0.07702,0.11004,0.09342,0.10915,0.567,0.503,1.32,True,1.65,0.1,0.051000000000000045
XRPUSDT,1d,2020-07-02,2020-08-17,2020-09-23,2020-11-24,2020-11-26,2020-11-30,0.1749,0.3159,0.2215,0.6957,0.5373,0.6648,0.67,0.334,3.36,True,3.8,0.13,0.052000000000000046
ONEUSDT,1d,2024-11-04,2024-11-11,2024-11-14,2024-12-07,2024-12-19,2024-12-24,0.01067,0.01624,0.01309,0.04563,0.02505,0.03241,0.566,0.632,5.84,True,3.04,0.13,0.052000000000000046
ZORAUSDT,1d,2025-08-02,2025-08-04,2025-08-06,2025-08-13,2025-08-21,2025-08-24,0.05562,0.06991,0.06034,0.12246,0.08366,0.11562,0.67,0.625,4.35,True,2.08,0.13,0.052000000000000046
AIXBTUSDT,1d,2025-01-09,2025-01-10,2025-01-13,2025-01-15,2025-01-21,2025-01-22,0.39373,0.50587,0.4306,0.87298,0.6612,0.74797,0.671,0.479,3.94,True,1.9,0.1,0.05300000000000005
OGNUSDT,1w,2024-08-05,2024-09-23,2024-10-21,2024-12-02,2024-12-16,2024-12-30,0.0737,0.0953,0.0808,0.1626,0.1046,0.1278,0.671,0.709,3.79,True,1.73,0.13,0.05300000000000005
ZETAUSDT,1d,2024-04-13,2024-04-20,2024-04-26,2024-05-05,2024-05-08,2024-05-20,1.0833,1.3476,1.1703,1.7218,1.5224,1.6931,0.671,0.362,2.09,True,1.56,0.1,0.05300000000000005
FILUSDT,1d,2024-11-14,2024-11-16,2024-11-20,2024-12-04,2024-12-22,2025-01-06,3.86,4.748,4.246,8.095,4.83,5.987,0.565,0.848,4.33,True,1.55,0.1,0.05300000000000005
CGPTUSDT,1d,2025-04-08,2025-04-12,2025-04-16,2025-05-22,2025-05-23,2025-05-27,0.05813,0.07179,0.06408,0.1478,0.12971,0.14418,0.564,0.216,6.13,True,2.48,0.1,0.05400000000000005
PENGUUSDT,1w,2025-03-31,2025-05-05,2025-06-16,2025-07-21,2025-07-28,2025-08-04,0.004038,0.014119,0.008447,0.043163,0.035296,0.040301,0.563,0.227,3.44,True,9.98,0.1,0.05500000000000005
SUIUSDT,1w,2024-07-29,2024-08-19,2024-08-26,2024-12-30,2025-03-31,2025-05-05,0.57622,0.9993,0.7613,5.2436,1.9211,4.0193,0.563,0.741,10.59,True,6.98,0.1,0.05500000000000005
BCHUSDT,1w,2020-03-09,2020-08-10,2020-09-28,2021-05-03,2021-07-12,2021-08-30,178.1,308.83,220.9,1428.08,437.64,764.87,0.673,0.82,9.23,True,4.29,0.1,0.05500000000000005
JOEUSDT,1d,2024-01-25,2024-03-02,2024-03-05,2024-03-18,2024-03-22,2024-03-26,0.4232,0.6126,0.5059,1.1314,0.8268,0.9882,0.563,0.487,3.3,True,2.34,0.1,0.05500000000000005
MASKUSDT,1d,2024-11-08,2024-11-12,2024-11-14,2024-12-07,2024-12-09,2024-12-13,2.661,3.218,2.843,4.405,3.408,4.569,0.673,0.638,2.8,False,1.72,0.1,0.05500000000000005
ETCUSDT,1d,2020-03-16,2020-04-09,2020-04-15,2020-05-02,2020-05-11,2020-05-30,4.497,5.879,5.101,7.473,6.019,7.491,0.563,0.613,1.72,False,1.67,0.1,0.05500000000000005
BCHUSDT,1w,2023-06-05,2023-06-26,2023-08-14,2024-04-01,2024-05-06,2024-05-13,102.71,298.79,188.67,684.34,432.37,484.13,0.562,0.508,2.53,True,4.71,0.1,0.05599999999999994
APRUSDT,1d,2026-03-02,2026-03-07,2026-03-09,2026-03-18,2026-03-21,2026-04-14,0.08768,0.11602,0.10008,0.17915,0.11945,0.3233,0.562,0.755,2.79,False,3.69,0.1,0.05599999999999994
ZAMAUSDT,1d,2026-03-09,2026-03-25,2026-04-06,2026-04-24,2026-04-27,2026-05-09,0.01905,0.02476,0.02155,0.03347,0.02552,0.02988,0.562,0.667,2.09,True,1.57,0.1,0.05599999999999994
INUSDT,1d,2025-09-23,2025-09-24,2025-09-26,2025-10-10,2025-10-11,2025-10-13,0.05992,0.10824,0.07565,0.1898,0.16439,0.18848,0.674,0.223,2.36,True,3.15,0.1,0.05600000000000005
AIXBTUSDT,1d,2025-04-08,2025-04-12,2025-04-16,2025-05-27,2025-05-30,2025-06-01,0.06862,0.08978,0.07552,0.23609,0.17932,0.19766,0.674,0.354,7.59,True,2.88,0.1,0.05600000000000005
XPLUSDT,1d,2025-09-02,2025-09-22,2025-09-23,2025-09-27,2025-10-04,2025-10-06,0.59,0.8046,0.6843,1.6288,0.8666,1.0409,0.561,0.807,4.4,True,1.76,0.13,0.05699999999999994
1000RATSUSDT,1d,2024-02-04,2024-02-17,2024-02-23,2024-03-04,2024-03-05,2024-03-08,0.21662,0.27286,0.23491,0.52486,0.39217,0.43397,0.675,0.458,5.16,True,2.0,0.1,0.05700000000000005
THETAUSDT,1d,2023-10-19,2023-12-25,2024-01-25,2024-03-11,2024-03-16,2024-03-17,0.5644,1.4126,0.9375,3.4676,2.7497,3.1371,0.56,0.284,2.98,True,5.56,0.13,0.05799999999999994
MAVUSDT,1d,2025-08-02,2025-08-13,2025-08-15,2025-09-03,2025-09-10,2025-09-18,0.04346,0.06293,0.05203,0.08124,0.06364,0.07632,0.56,0.603,1.5,True,1.76,0.1,0.05799999999999994
PENGUUSDT,1d,2026-04-02,2026-04-16,2026-04-19,2026-05-05,2026-05-17,2026-05-21,0.006218,0.007882,0.00695,0.011036,0.008358,0.009478,0.56,0.655,2.46,True,1.52,0.1,0.05799999999999994
AGLDUSDT,1d,2024-10-02,2024-10-20,2024-10-26,2024-11-13,2024-11-25,2024-12-07,0.8487,1.2744,0.9867,1.9832,1.3148,1.6706,0.676,0.671,2.34,True,1.97,0.1,0.05800000000000005
GWEIUSDT,1d,2026-02-15,2026-02-24,2026-02-25,2026-03-11,2026-03-27,2026-05-15,0.02522,0.03414,0.02915,0.05573,0.03816,0.15651,0.559,0.661,2.98,False,6.21,0.13,0.05899999999999994
SEIUSDT,1d,2023-08-17,2023-12-05,2023-12-15,2024-03-15,2024-03-22,2024-03-27,0.1715,0.30929,0.23232,1.05377,0.79493,0.89306,0.559,0.315,5.96,True,5.21,0.1,0.05899999999999994
BIOUSDT,1d,2025-06-22,2025-07-29,2025-08-02,2025-08-22,2025-09-01,2025-09-20,0.0444,0.07288,0.05695,0.25219,0.141,0.18285,0.559,0.57,6.86,True,4.12,0.16,0.05899999999999994
WUSDT,1d,2025-06-22,2025-06-29,2025-07-07,2025-07-21,2025-07-24,2025-07-27,0.05411,0.07806,0.06468,0.09841,0.08057,0.089,0.559,0.529,1.41,True,1.64,0.1,0.05899999999999994
ICNTUSDT,1d,2025-12-08,2025-12-12,2025-12-13,2025-12-19,2025-12-21,2025-12-29,0.2291,0.3505,0.2683,0.5216,0.3624,0.546,0.677,0.629,2.09,False,2.38,0.2,0.05900000000000005
VIRTUALUSDT,1d,2024-11-01,2025-10-09,2025-10-11,2025-11-01,2025-11-06,2025-11-07,0.4296,1.0518,0.7047,1.8318,1.192,1.5031,0.558,0.568,1.81,True,3.5,0.25,0.05999999999999994
AXSUSDT,1d,2024-11-04,2024-11-11,2024-11-14,2024-12-04,2024-12-22,2025-01-06,4.329,5.831,4.993,9.574,6.007,7.286,0.558,0.779,3.05,True,1.68,0.13,0.05999999999999994
TUTUSDT,1d,2025-03-19,2025-07-27,2025-08-02,2025-09-19,2025-09-20,2025-10-05,0.04939,0.07828,0.0587,0.11961,0.07833,0.10373,0.678,0.678,2.11,True,2.1,0.13,0.06000000000000005
IMXUSDT,1d,2024-11-04,2024-11-11,2024-11-14,2024-12-06,2024-12-09,2024-12-12,1.0457,1.4093,1.1628,2.1291,1.7331,1.96,0.678,0.41,2.66,True,1.87,0.1,0.06000000000000005
BANANAS31USDT,1d,2025-05-03,2025-05-27,2025-06-20,2025-06-25,2025-06-26,2025-07-10,0.004577,0.006692,0.005513,0.015532,0.008097,0.03727,0.557,0.742,4.74,False,8.14,0.13,0.06099999999999994
BTCUSDT,1d,2023-03-10,2023-07-13,2023-09-11,2025-10-06,2025-11-22,2026-01-14,20139.5,31450.0,25146.0,124625.4,84704.9,96899.9,0.557,0.401,8.8,True,4.81,0.1,0.06099999999999994
DOGEUSDT,1w,2023-10-09,2023-12-04,2024-01-01,2024-03-25,2024-05-06,2024-05-20,0.059249,0.101904,0.078154,0.220434,0.141189,0.166367,0.557,0.557,3.34,True,2.81,0.1,0.06099999999999994
ETCUSDT,1w,2020-12-21,2021-02-08,2021-02-22,2021-05-03,2021-05-17,2021-05-24,5.816,16.101,10.38,118.202,51.404,66.17,0.556,0.62,10.48,True,11.38,0.1,0.061999999999999944
C98USDT,1w,2025-06-16,2025-06-23,2025-06-30,2025-07-21,2025-07-28,2025-08-04,0.0366,0.04516,0.0404,0.06032,0.04802,0.05545,0.556,0.617,2.33,True,1.52,0.1,0.061999999999999944
FETUSDT,1d,2023-11-21,2023-12-02,2023-12-11,2023-12-26,2024-01-03,2024-01-04,0.4606,0.5587,0.492,0.7677,0.6578,0.7259,0.68,0.399,2.81,True,1.58,0.1,0.062000000000000055
HUSDT,1d,2025-09-27,2025-09-29,2025-10-03,2025-10-13,2025-10-18,2025-10-24,0.05518,0.07433,0.06371,0.18125,0.11278,0.37934,0.555,0.583,6.14,False,6.87,0.1,0.06299999999999994
SIRENUSDT,1d,2026-03-07,2026-03-15,2026-03-16,2026-03-23,2026-03-24,2026-03-25,0.40908,0.59873,0.4696,2.37216,1.01404,2.05232,0.681,0.714,10.03,True,5.02,0.1,0.06300000000000006
XVGUSDT,1d,2024-02-04,2024-03-12,2024-03-19,2024-04-02,2024-04-06,2024-04-09,0.003065,0.007562,0.00507,0.012467,0.008487,0.009942,0.554,0.538,1.64,True,3.24,0.1,0.06399999999999995
1000CATUSDT,1d,2025-04-08,2025-04-26,2025-05-06,2025-05-13,2025-05-17,2025-05-22,0.00436,0.007523,0.005771,0.012059,0.008622,0.01031,0.554,0.547,1.99,True,2.36,0.1,0.06399999999999995
1000000MOGUSDT,1d,2024-09-06,2024-09-13,2024-09-16,2024-12-07,2024-12-21,2024-12-25,0.7535,1.0785,0.8988,3.8383,2.0075,2.4812,0.553,0.623,9.04,True,3.29,0.1,0.06499999999999995
IOTAUSDT,1d,2023-10-12,2023-11-12,2023-11-21,2023-12-04,2023-12-19,2023-12-30,0.1389,0.2008,0.1666,0.331,0.2656,0.3219,0.553,0.398,2.66,True,2.32,0.1,0.06499999999999995
JASMYUSDT,1w,2025-06-16,2025-06-23,2025-06-30,2025-07-14,2025-07-28,2025-08-04,0.010985,0.01379,0.012239,0.019134,0.014944,0.016509,0.553,0.608,2.46,True,1.5,0.1,0.06499999999999995
DYMUSDT,1d,2024-11-04,2024-11-11,2024-11-20,2024-12-06,2024-12-10,2024-12-14,1.256,1.855,1.446,2.706,1.901,2.177,0.683,0.639,2.1,True,1.73,0.13,0.06500000000000006
CKBUSDT,1w,2023-10-09,2023-12-25,2024-01-01,2024-04-01,2024-08-26,2024-09-23,0.002576,0.00391,0.003173,0.027305,0.007648,0.017932,0.552,0.815,18.09,True,6.96,0.1,0.06599999999999995
MAVUSDT,1d,2023-10-19,2023-11-15,2023-11-21,2024-04-01,2024-05-14,2024-05-25,0.2002,0.3103,0.2495,0.7961,0.3334,0.4724,0.552,0.847,4.96,True,2.36,0.13,0.06599999999999995
BANUSDT,1d,2025-04-16,2025-04-22,2025-05-03,2025-05-10,2025-05-17,2025-05-21,0.03262,0.05388,0.04214,0.07028,0.05841,0.06833,0.552,0.422,1.32,True,2.09,0.1,0.06599999999999995
ZKUSDT,1d,2025-06-22,2025-06-29,2025-07-01,2025-07-21,2025-07-24,2025-07-27,0.03875,0.05017,0.04387,0.06305,0.05464,0.06096,0.552,0.438,1.68,True,1.57,0.1,0.06599999999999995
NEARUSDT,1w,2023-12-11,2023-12-18,2024-01-29,2024-03-11,2024-04-08,2024-05-20,2.2655,3.794,2.749,8.246,5.71,7.8085,0.684,0.461,3.6,True,3.45,0.1,0.06600000000000006
PEPEUSDT,1w,2025-03-03,2025-03-17,2025-03-31,2025-05-12,2025-06-16,2025-07-14,5.8587e-06,7.3462e-06,6.3292e-06,1.38586e-05,8.87e-06,1.40356e-05,0.684,0.663,5.06,False,2.4,0.1,0.06600000000000006
METISUSDT,1d,2025-04-08,2025-04-26,2025-05-04,2025-05-13,2025-05-17,2025-05-22,12.68,16.89,14.57,24.58,19.29,21.95,0.551,0.528,2.38,True,1.73,0.13,0.06699999999999995
MUSDT,1d,2025-07-28,2025-08-04,2025-08-18,2025-09-17,2025-09-19,2025-09-20,0.32115,0.57568,0.40122,2.81304,2.25259,2.62307,0.685,0.232,9.48,True,8.17,0.13,0.06700000000000006
IOUSDT,1d,2025-04-08,2025-04-12,2025-04-16,2025-04-26,2025-05-06,2025-05-13,0.5375,0.6316,0.5671,0.8841,0.7048,1.173,0.685,0.566,3.37,False,2.18,0.1,0.06700000000000006
LTCUSDT,1w,2025-03-31,2025-05-12,2025-06-16,2025-08-04,2025-09-22,2025-09-29,70.56,100.93,80.14,123.74,106.82,118.75,0.685,0.388,1.44,True,1.68,0.1,0.06700000000000006
LINKUSDT,1w,2023-06-12,2023-07-17,2023-09-04,2024-03-04,2024-05-06,2024-05-27,5.152,7.889,6.012,21.69,13.541,18.142,0.686,0.52,5.73,True,3.52,0.1,0.06800000000000006
LQTYUSDT,1d,2024-09-06,2024-09-24,2024-10-03,2024-12-07,2024-12-21,2024-12-25,0.682,1.0207,0.7882,2.7371,1.6071,2.3099,0.686,0.58,5.75,True,3.39,0.2,0.06800000000000006
SUIUSDT,1d,2025-04-06,2025-04-12,2025-04-16,2025-05-10,2025-06-05,2025-06-10,1.9211,2.345,2.0539,4.1253,2.9202,3.4923,0.687,0.582,4.89,True,1.82,0.1,0.06900000000000006
AAVEUSDT,1w,2022-06-13,2022-06-20,2022-06-27,2022-08-08,2022-08-22,2022-09-05,54.044,65.328,57.575,107.386,78.55,91.49,0.687,0.579,4.41,True,1.69,0.1,0.06900000000000006
SNXUSDT,1d,2025-08-02,2025-08-26,2025-09-22,2025-10-13,2025-10-18,2025-10-20,0.5573,0.7712,0.6239,2.2879,1.3706,1.6199,0.689,0.551,7.78,True,2.91,0.13,0.07099999999999995
ADAUSDT,1d,2021-01-11,2021-01-17,2021-01-21,2021-05-16,2021-05-19,2021-05-20,0.27515,0.381,0.30791,2.30078,1.46544,1.80112,0.691,0.419,18.83,True,6.55,0.13,0.07299999999999995
APTUSDT,1d,2024-08-05,2024-08-25,2024-09-06,2024-12-06,2024-12-10,2024-12-13,4.978,7.328,5.705,14.681,11.621,14.229,0.691,0.341,3.82,True,2.86,0.16,0.07299999999999995
AAVEUSDT,1d,2022-06-18,2022-06-24,2022-07-01,2022-08-12,2022-08-20,2022-08-25,49.6,71.031,56.231,114.659,82.731,93.265,0.691,0.546,2.73,True,1.88,0.1,0.07299999999999995
DRIFTUSDT,1d,2025-04-08,2025-04-12,2025-04-16,2025-05-10,2025-05-17,2025-05-29,0.4289,0.5212,0.4574,0.7266,0.6036,0.6953,0.691,0.457,2.92,True,1.62,0.1,0.07299999999999995
CKBUSDT,1d,2024-02-26,2024-02-28,2024-03-03,2024-03-11,2024-03-16,2024-03-24,0.014439,0.016915,0.015203,0.024139,0.017261,0.022675,0.691,0.77,3.61,True,1.57,0.1,0.07299999999999995
OPUSDT,1d,2022-06-13,2022-11-07,2022-11-09,2023-02-03,2023-02-13,2023-02-24,0.5446,1.3098,0.7806,3.0947,2.2096,3.056,0.692,0.382,3.02,True,5.61,0.25,0.07399999999999995
ORDERUSDT,1d,2024-08-28,2025-09-24,2025-09-25,2025-09-26,2025-09-27,2025-10-06,0.1602,0.2288,0.1813,0.3336,0.2486,0.435,0.692,0.558,2.22,False,2.72,0.2,0.07399999999999995
USELESSUSDT,1d,2025-12-23,2025-12-27,2025-12-29,2026-01-06,2026-01-10,2026-01-13,0.0565,0.06912,0.06039,0.13039,0.09887,0.11724,0.692,0.45,5.55,True,2.08,0.1,0.07399999999999995
IOTXUSDT,1d,2023-12-11,2023-12-20,2024-01-22,2024-03-12,2024-03-19,2024-04-07,0.03051,0.06063,0.03975,0.08606,0.06283,0.08297,0.693,0.502,1.54,True,2.72,0.16,0.07499999999999996
ONTUSDT,1d,2023-09-11,2023-09-22,2023-10-12,2024-01-01,2024-01-23,2024-03-13,0.1499,0.1779,0.1585,0.339,0.2171,0.4014,0.693,0.675,6.45,False,2.68,0.1,0.07499999999999996
TONUSDT,1d,2023-08-03,2023-08-15,2023-08-18,2024-06-14,2024-06-19,2024-07-02,1.178,1.495,1.275,8.176,6.941,8.089,0.694,0.179,21.77,True,6.87,0.1,0.07599999999999996
SUSHIUSDT,1d,2020-12-11,2020-12-19,2020-12-23,2021-03-13,2021-04-07,2021-04-15,1.9316,2.8694,2.2178,22.819,13.8766,17.5822,0.695,0.434,21.97,True,9.1,0.16,0.07699999999999996
SPELLUSDT,1w,2023-08-28,2023-12-18,2024-01-29,2024-02-26,2024-05-06,2024-05-27,0.0003836,0.0006962,0.0004788,0.001522,0.000787,0.0010869,0.695,0.705,3.34,True,2.83,0.16,0.07699999999999996
SOONUSDT,1d,2025-07-05,2025-07-08,2025-07-14,2025-08-11,2025-08-25,2025-11-14,0.1332,0.1569,0.1404,0.4691,0.2353,2.6963,0.696,0.711,13.87,False,20.24,0.1,0.07799999999999996
YGGUSDT,1d,2023-09-27,2023-10-07,2023-10-19,2024-03-31,2024-04-03,2024-04-05,0.2003,0.2597,0.2183,1.6845,1.2048,1.5041,0.697,0.327,24.68,True,7.51,0.13,0.07899999999999996
TRXUSDT,1d,2020-12-23,2021-01-09,2021-01-21,2021-04-15,2021-04-25,2021-05-06,0.02479,0.03392,0.02756,0.16453,0.10177,0.15228,0.697,0.458,15.0,True,6.14,0.13,0.07899999999999996
KAIAUSDT,1w,2025-03-31,2025-05-05,2025-05-26,2025-06-16,2025-06-30,2025-07-14,0.0989,0.1241,0.1065,0.1884,0.1536,0.1737,0.698,0.425,3.25,True,1.76,0.1,0.07999999999999996
KMNOUSDT,1w,2025-07-28,2025-08-11,2025-09-01,2025-09-15,2025-09-22,2025-09-29,0.04999,0.0618,0.05356,0.08637,0.06849,0.08342,0.698,0.545,2.78,True,1.67,0.1,0.07999999999999996
SUIUSDT,1d,2024-10-25,2024-10-30,2024-11-04,2025-01-04,2025-01-28,2025-01-30,1.7495,2.0815,1.8494,5.291,3.65,4.1158,0.699,0.477,10.37,True,2.35,0.1,0.08099999999999996
SEIUSDT,1d,2024-09-16,2024-10-14,2024-11-04,2024-12-06,2024-12-10,2024-12-12,0.27017,0.4932,0.33724,0.70626,0.55014,0.60924,0.699,0.423,1.65,True,2.26,0.1,0.08099999999999996
