asset,symbol,entry_dt,entry_close,+1w_%,+2w_%,+3w_%,+4w_%,+5w_%,+6w_%,+7w_%,+8w_%
crypto,1000SATSUSDT,2026-05-04,1.6e-05,-3.0,,,,,,,
crypto,1000XECUSDT,2025-07-21,0.02359,-14.6,-6.7,-11.7,-12.3,-16.1,-16.9,-13.4,-18.1
crypto,1000XECUSDT,2025-08-04,0.02201,-5.3,-6.0,-10.0,-10.9,-7.2,-12.2,-19.0,-15.7
crypto,1INCHUSDT,2025-07-07,0.3179,0.5,-8.4,-21.1,-11.6,-18.9,-18.1,-24.0,-22.6
crypto,AAVEUSDT,2023-10-16,79.243,6.7,12.4,25.9,15.5,23.5,29.7,23.7,26.2
crypto,ACHUSDT,2026-05-04,0.008504,-2.2,,,,,,,
crypto,ADAUSDT,2023-10-23,0.29533,15.7,29.9,30.0,31.1,33.7,101.6,96.7,100.6
crypto,AGLDUSDT,2026-05-04,0.2711,0.6,,,,,,,
crypto,ALGOUSDT,2026-05-04,0.129,-4.7,,,,,,,
crypto,APEUSDT,2024-02-26,2.235,2.5,-5.7,-11.1,-10.1,-22.9,-45.1,-42.6,-42.9
crypto,APEUSDT,2024-10-14,1.4889,-24.1,-38.0,-25.0,-27.5,-7.4,2.3,27.0,8.1
crypto,APEUSDT,2024-11-04,1.1166,-3.4,23.4,36.4,69.4,44.1,1.5,7.4,21.0
crypto,API3USDT,2025-08-18,1.3671,-20.0,-25.1,-28.5,-33.2,-42.5,-43.3,-46.9,-47.0
crypto,APTUSDT,2024-09-30,8.7,17.1,14.9,5.7,-5.9,25.3,35.5,44.0,54.8
crypto,APTUSDT,2025-09-29,5.4555,-28.5,-41.5,-34.3,-38.2,-40.8,-48.1,-57.2,-63.7
crypto,ARBUSDT,2025-07-21,0.4605,-16.9,1.4,16.4,25.7,7.8,7.7,11.6,4.3
crypto,ARBUSDT,2025-08-04,0.4669,14.8,24.0,6.3,6.2,10.0,2.9,-7.9,-7.5
crypto,ARKMUSDT,2025-08-11,0.5571,-2.4,-13.3,-11.4,13.6,7.6,-3.7,-4.2,-32.4
crypto,ARKMUSDT,2025-09-08,0.6331,-5.3,-15.3,-15.7,-40.5,-41.5,-40.4,-43.5,-46.3
crypto,ARUSDT,2023-11-27,8.027,4.0,17.0,34.7,20.1,0.3,26.0,17.6,9.0
crypto,ARUSDT,2025-08-04,7.863,-6.9,-9.1,-19.3,-16.4,-7.7,-15.2,-26.9,-23.9
crypto,ASTRUSDT,2025-08-18,0.02631,-10.8,-11.7,-7.5,-5.2,-12.7,-6.2,-22.8,-31.5
crypto,ATOMUSDT,2023-11-06,9.523,-1.8,4.0,0.0,12.3,16.5,17.9,11.4,-1.2
crypto,ATOMUSDT,2023-11-20,9.905,-3.8,7.9,12.1,13.4,7.1,-5.0,0.8,-2.7
crypto,ATOMUSDT,2024-11-18,8.747,2.0,15.8,4.1,-26.8,-28.1,-16.1,-26.2,-32.6
crypto,ATOMUSDT,2025-08-11,4.62,3.6,-3.4,-3.0,0.3,-4.7,-9.5,-10.3,-24.6
crypto,ATOMUSDT,2026-05-04,2.011,2.5,,,,,,,
crypto,AVAXUSDT,2023-10-30,12.349,53.5,85.0,70.6,77.7,201.1,228.9,286.1,212.8
crypto,AVAXUSDT,2025-07-21,26.061,-18.0,-8.5,-3.8,-0.9,-10.3,-5.3,13.1,26.8
crypto,AVAXUSDT,2025-08-04,23.839,5.2,8.3,-1.9,3.5,23.6,38.6,25.8,26.2
crypto,AXSUSDT,2023-10-23,5.6379,1.4,12.7,11.0,18.7,19.5,38.9,23.3,61.9
crypto,AXSUSDT,2023-11-20,6.6928,0.7,17.0,3.9,36.4,32.3,11.7,16.3,16.3
crypto,AXSUSDT,2024-11-18,8.329,-0.7,13.6,-6.5,-27.9,-24.5,-15.6,-26.2,-30.3
crypto,AXSUSDT,2025-08-25,2.517,-2.3,1.0,-5.5,-13.7,-13.3,-32.5,-37.1,-35.0
crypto,AXSUSDT,2026-04-20,1.419,-6.6,0.9,0.5,,,,,
crypto,BANDUSDT,2025-08-18,1.0279,-23.8,-27.7,-27.7,-29.3,-37.3,-35.2,-46.6,-47.1
crypto,BATUSDT,2025-07-21,0.1673,-13.0,-6.2,-4.4,-7.4,-9.9,-7.7,-5.4,-7.7
crypto,BATUSDT,2025-10-06,0.176,11.1,-2.1,14.5,20.1,-1.0,8.7,55.9,43.5
crypto,BCHUSDT,2023-06-19,193.94,54.1,36.8,28.7,28.6,30.3,14.9,17.7,-2.7
crypto,BNBUSDT,2023-11-06,247.65,-0.5,-6.4,-7.9,-3.2,-3.5,6.6,25.6,21.9
crypto,C98USDT,2024-11-18,0.181,18.8,52.9,18.3,-14.5,-5.8,2.6,-16.2,-25.7
crypto,CELOUSDT,2025-08-18,0.3391,-9.3,-15.1,-6.2,-12.8,-25.0,19.3,-13.2,-26.4
crypto,CELOUSDT,2025-09-29,0.4044,-27.2,-38.3,-33.6,-34.0,-39.5,-52.0,-61.1,-58.5
crypto,CFXUSDT,2025-07-14,0.22032,-15.0,-1.7,-5.5,-20.2,-17.1,-13.7,-22.0,-20.7
crypto,CHRUSDT,2025-08-11,0.1037,-1.3,-7.5,-5.5,-4.7,-8.9,-19.1,-16.0,-31.2
crypto,CHZUSDT,2024-11-18,0.09798,8.7,34.1,15.1,-14.1,-14.4,-5.5,-17.2,-22.4
crypto,CHZUSDT,2025-08-18,0.0407,-2.0,-1.8,3.6,2.9,-1.9,7.1,-14.1,-19.0
crypto,CHZUSDT,2025-12-29,0.04457,9.0,33.7,11.4,3.1,-7.7,-10.3,-21.9,-25.7
crypto,CHZUSDT,2026-04-20,0.04964,-18.9,-8.2,-9.9,,,,,
crypto,CKBUSDT,2025-08-18,0.005036,-4.7,-2.8,7.9,-1.9,-14.9,-16.2,-30.4,-33.7
crypto,COMPUSDT,2025-07-21,51.32,-12.6,5.6,-6.2,-9.5,-17.3,-16.8,-12.4,-13.5
crypto,COTIUSDT,2025-11-03,0.05699,-40.5,-51.8,-51.0,-54.8,-59.5,-63.5,-61.6,-60.5
crypto,CRVUSDT,2023-12-11,0.6581,-6.1,-8.0,-21.4,-19.1,-18.6,-28.8,-31.2,-25.4
crypto,CRVUSDT,2024-02-26,0.6678,22.7,3.4,2.0,4.0,-4.7,-32.3,-32.1,-34.2
crypto,CRVUSDT,2024-11-11,0.3204,58.3,109.6,276.1,252.6,155.7,195.9,220.6,155.5
crypto,CYBERUSDT,2025-07-21,1.7671,-9.3,12.5,56.1,22.9,6.4,1.2,3.1,6.0
crypto,DOGEUSDT,2023-07-24,0.077975,-4.8,-4.2,-18.2,-19.1,-19.1,-21.4,-21.3,-22.3
crypto,DOGEUSDT,2023-08-07,0.074733,-14.7,-15.6,-15.6,-18.0,-17.8,-18.9,-15.5,-18.5
crypto,DOGEUSDT,2023-10-23,0.069346,2.5,12.4,16.0,13.4,23.6,47.0,34.2,32.3
crypto,DOTUSDT,2023-10-30,4.766,19.8,14.0,11.7,16.4,54.2,42.5,80.8,72.1
crypto,DOTUSDT,2023-12-04,7.347,-7.5,17.3,11.7,-6.2,-0.3,-7.3,-6.6,-9.3
crypto,DOTUSDT,2025-08-11,4.05,1.4,-7.7,-1.5,6.5,5.3,-1.4,2.0,-20.1
crypto,DYDXUSDT,2024-11-18,1.55,10.2,71.0,41.0,-7.7,-3.5,2.9,-16.2,-25.0
crypto,DYDXUSDT,2025-08-11,0.6633,1.9,-9.6,-9.5,-3.4,3.8,-7.9,-9.2,-43.6
crypto,DYDXUSDT,2026-05-04,0.1705,-2.5,,,,,,,
crypto,EGLDUSDT,2023-11-13,46.35,-2.5,6.8,39.2,31.8,56.9,46.6,11.4,12.9
crypto,EGLDUSDT,2024-11-04,30.43,-4.3,28.4,44.7,83.2,54.9,10.4,12.3,23.4
crypto,EGLDUSDT,2024-11-18,39.07,12.7,42.7,20.7,-14.0,-12.5,-3.9,-15.9,-17.9
crypto,EGLDUSDT,2025-08-18,15.69,-9.6,-12.5,-5.9,-8.2,-14.9,-13.4,-32.4,-37.4
crypto,ENJUSDT,2024-11-18,0.3028,8.0,20.8,0.7,-29.1,-27.7,-19.0,-34.1,-43.0
crypto,ENJUSDT,2026-04-06,0.03793,54.3,58.3,41.0,28.3,26.6,,,
crypto,ETCUSDT,2023-10-30,17.983,11.5,9.0,6.2,10.4,22.2,11.0,15.8,22.0
crypto,ETCUSDT,2023-11-27,19.848,10.7,0.6,5.0,10.5,-3.1,33.5,23.5,18.3
crypto,ETCUSDT,2025-07-14,24.712,-5.7,-19.7,-6.2,-10.0,-6.0,-16.3,-17.1,-14.5
crypto,FETUSDT,2026-05-04,0.2402,-0.6,,,,,,,
crypto,FILUSDT,2023-10-23,3.791,8.4,35.7,28.8,21.2,20.7,35.8,39.5,48.7
crypto,FILUSDT,2025-11-03,2.779,-29.5,-42.1,-43.6,-47.7,-52.8,-54.0,-52.0,-46.3
crypto,GALAUSDT,2023-11-20,0.02719,-1.8,27.1,9.3,13.8,11.7,-9.3,-7.2,-11.6
crypto,GALAUSDT,2025-08-04,0.0177,-2.6,1.5,-9.0,-8.2,-1.4,-2.6,-15.6,-11.2
crypto,GMTUSDT,2024-11-18,0.21763,3.6,12.6,-9.6,-39.3,-22.3,-24.8,-36.7,-49.9
crypto,GMXUSDT,2025-08-04,18.09,-12.9,-15.1,-19.3,-20.9,-16.3,-13.8,-9.8,-18.4
crypto,GMXUSDT,2025-08-18,15.35,-5.0,-6.8,-1.4,1.6,6.3,-3.8,-25.0,-31.6
crypto,GMXUSDT,2025-09-15,15.6,4.6,-5.4,-26.2,-32.6,-32.1,-37.3,-34.4,-45.8
crypto,GRTUSDT,2025-08-04,0.09926,-5.3,-5.2,-10.9,-10.4,-2.9,-7.1,-16.7,-16.4
crypto,ICPUSDT,2023-10-23,4.03,0.8,16.0,13.7,15.5,17.0,38.5,161.2,143.3
crypto,ICPUSDT,2025-07-21,5.805,-11.8,-3.0,-5.7,-9.2,-18.1,-16.9,-16.4,-18.9
crypto,ICPUSDT,2025-11-03,7.554,-36.6,-46.4,-49.4,-54.7,-59.4,-59.6,-59.8,-56.7
crypto,ICPUSDT,2026-05-04,3.37,2.0,,,,,,,
crypto,IMXUSDT,2025-08-04,0.5979,-2.3,-2.8,-15.0,-13.7,8.1,29.1,33.0,24.7
crypto,IOSTUSDT,2024-11-18,0.007453,21.8,40.0,16.7,-11.6,-11.4,-1.7,-1.5,-14.3
crypto,IOSTUSDT,2025-07-21,0.004268,-16.1,-11.2,-15.8,-16.1,-23.5,-23.4,-21.2,-23.1
crypto,IOTAUSDT,2024-11-18,0.2359,30.8,100.5,69.2,23.3,23.4,51.9,39.1,37.9
crypto,IOTAUSDT,2025-08-04,0.2069,0.9,-1.8,-8.6,-10.2,-6.1,-11.0,-19.3,-9.1
crypto,IOTXUSDT,2025-06-23,0.02153,-0.8,2.2,17.0,10.3,33.3,37.3,33.2,31.8
crypto,JASMYUSDT,2026-05-04,0.007259,-2.3,,,,,,,
crypto,JOEUSDT,2025-08-25,0.1857,-15.3,-8.1,0.0,-11.3,-13.7,-33.9,-36.9,-35.1
crypto,JTOUSDT,2026-04-27,0.3913,30.2,28.6,,,,,,
crypto,JUPUSDT,2026-05-04,0.2645,-3.7,,,,,,,
crypto,KAIAUSDT,2025-06-16,0.1884,-8.9,-18.5,-17.0,-7.8,-9.8,-26.6,-20.4,-17.0
crypto,KAVAUSDT,2024-11-11,0.4488,18.6,36.2,59.1,26.8,-4.9,4.3,24.4,7.6
crypto,KAVAUSDT,2025-05-05,0.487,-13.8,-13.3,-14.9,-7.7,-12.0,-16.7,-16.1,-18.9
crypto,KAVAUSDT,2025-06-02,0.4494,-4.6,-9.8,-9.1,-12.1,-3.9,-3.9,-10.1,-13.2
crypto,KNCUSDT,2024-03-04,0.9083,-1.9,-7.6,-1.4,-16.7,-36.1,-32.9,-34.6,-34.0
crypto,KNCUSDT,2024-11-18,0.6283,14.6,35.1,9.9,-15.7,-13.8,-0.6,0.8,-14.4
crypto,KNCUSDT,2025-07-07,0.4938,-6.6,-10.2,-14.4,-10.1,-16.7,-18.7,-22.4,-25.2
crypto,KSMUSDT,2023-11-27,25.62,25.4,14.5,101.6,76.2,47.3,58.5,53.3,50.6
crypto,KSMUSDT,2025-08-18,15.97,-3.4,-3.9,-0.8,-3.5,-8.2,-6.0,-27.3,-31.5
crypto,LDOUSDT,2025-07-21,1.1417,-19.5,26.3,19.7,25.7,4.3,5.1,7.9,9.3
crypto,LDOUSDT,2025-08-04,1.4418,-5.2,-0.5,-17.4,-16.8,-14.6,-13.5,-22.5,-19.3
crypto,LINKUSDT,2023-07-17,7.889,-4.3,-10.0,-6.7,-21.2,-23.7,-23.7,-23.8,-22.2
crypto,LINKUSDT,2023-09-18,6.967,15.6,10.0,6.5,46.1,59.0,75.4,130.0,114.0
crypto,LINKUSDT,2025-07-14,19.293,-0.3,-15.6,14.4,33.0,34.0,20.3,16.5,24.9
crypto,LQTYUSDT,2025-06-23,1.4814,-15.2,-26.1,-9.5,-21.5,-37.8,-29.2,-36.0,-38.8
crypto,LTCUSDT,2023-06-26,113.54,-16.3,-18.3,-18.0,-17.2,-27.3,-27.9,-42.6,-42.4
crypto,LTCUSDT,2023-07-17,93.11,0.9,-11.4,-12.1,-30.0,-29.8,-31.4,-34.4,-31.8
crypto,LTCUSDT,2024-11-04,76.65,13.8,26.6,56.3,76.0,58.0,30.1,28.5,50.8
crypto,LUNAUSDT,2024-11-18,0.5102,13.2,40.3,8.1,-21.0,-16.6,0.5,-20.1,-31.2
crypto,LUNCUSDT,2025-07-21,6.4e-05,-8.7,-2.4,-4.4,-5.2,-8.8,-7.1,-6.2,-7.6
crypto,LUNCUSDT,2026-02-23,4.3e-05,-2.7,-2.1,-13.2,-15.7,-14.0,-5.5,-3.4,45.3
crypto,LUNCUSDT,2026-04-06,4e-05,2.3,53.7,110.6,148.1,149.6,,,
crypto,MAGICUSDT,2025-07-28,0.1838,47.2,32.8,23.4,6.9,9.4,13.9,8.4,-4.3
crypto,MAGICUSDT,2025-09-29,0.1772,-29.5,-17.6,-16.5,-24.5,-25.5,-32.8,-41.5,-42.2
crypto,MANAUSDT,2023-10-23,0.3794,6.3,23.0,13.2,18.7,18.7,40.6,27.0,42.6
crypto,MANAUSDT,2024-11-04,0.3496,12.2,108.2,86.5,112.1,80.5,35.2,38.1,56.6
crypto,MANAUSDT,2025-07-07,0.3196,10.1,2.4,-13.0,-3.5,-7.4,-6.6,-10.0,0.9
crypto,MANAUSDT,2025-08-04,0.3084,-4.1,-3.2,-6.7,4.6,13.6,1.6,-5.3,8.0
crypto,MANTAUSDT,2026-05-04,0.07323,1.3,,,,,,,
crypto,MASKUSDT,2024-11-04,2.948,-2.2,12.6,29.8,45.3,24.8,2.1,0.8,8.5
crypto,MASKUSDT,2025-05-26,2.723,-36.6,-48.7,-57.6,-52.9,-54.8,-49.4,-42.7,-47.9
crypto,MAVUSDT,2025-08-18,0.06014,20.4,31.9,22.7,23.8,-2.9,-5.5,-28.4,-33.2
crypto,MEMEUSDT,2025-09-29,0.002421,-24.9,-29.7,-28.6,-36.2,-32.0,-41.6,-48.2,-47.4
crypto,NEARUSDT,2023-11-13,1.984,-8.0,-0.2,26.9,14.2,91.2,84.0,61.7,66.5
crypto,NEARUSDT,2025-07-21,2.962,-17.5,-7.1,-8.8,-10.3,-20.1,-16.8,-8.6,5.6
crypto,NEARUSDT,2025-08-18,2.656,-10.9,-7.3,1.9,17.8,5.4,11.3,-7.6,-15.1
crypto,NEARUSDT,2025-11-03,3.074,-25.6,-40.8,-41.3,-44.7,-48.3,-50.9,-48.6,-43.8
crypto,NEARUSDT,2026-05-04,1.5638,-0.7,,,,,,,
crypto,NEOUSDT,2025-08-18,7.745,-13.8,-14.2,-13.1,-16.4,-24.7,-19.7,-33.9,-33.4
crypto,OGNUSDT,2025-08-11,0.06274,11.5,1.1,1.1,2.0,0.7,-8.3,-0.2,-21.0
crypto,ONTUSDT,2025-07-21,0.155,-15.1,-6.1,-10.4,1.4,-5.5,-12.6,-8.8,-13.2
crypto,ONTUSDT,2025-08-18,0.1571,-6.8,-13.7,-10.0,-14.4,-23.4,-20.8,-35.1,-40.0
crypto,ONTUSDT,2026-03-30,0.09119,-10.0,-17.5,-21.1,-23.7,-27.4,-28.9,,
crypto,OPUSDT,2025-08-11,0.7614,1.9,-9.1,-5.4,3.2,2.3,-10.4,-5.6,-36.1
crypto,ORDIUSDT,2025-07-21,11.672,-24.2,-11.0,-20.7,-18.5,-26.1,-21.3,-14.9,-16.0
crypto,ORDIUSDT,2025-08-04,10.384,-10.9,-8.3,-17.0,-11.5,-4.4,-5.5,-21.4,-20.9
crypto,ORDIUSDT,2026-04-13,4.202,9.1,28.1,27.2,21.8,,,,
crypto,PENDLEUSDT,2026-05-04,1.9748,-2.5,,,,,,,
crypto,PEPEUSDT,2026-05-04,4e-06,-1.8,,,,,,,
crypto,POLYXUSDT,2026-05-04,0.05454,-1.1,,,,,,,
crypto,QNTUSDT,2025-05-26,106.54,12.0,0.2,-15.3,3.3,1.2,8.2,10.7,23.5
crypto,QTUMUSDT,2025-08-04,2.198,-1.8,40.9,23.4,22.6,14.2,6.8,-0.8,0.2
crypto,ROSEUSDT,2025-08-11,0.02929,-6.2,-16.9,-16.7,0.5,1.2,-11.0,-11.6,-28.5
crypto,ROSEUSDT,2025-09-08,0.02944,0.6,-11.4,-12.0,-28.8,-38.7,-40.9,-39.4,-22.8
crypto,RUNEUSDT,2025-06-23,1.412,-5.5,8.1,21.0,6.4,-8.6,0.7,-2.8,-5.7
crypto,RUNEUSDT,2026-05-04,0.6107,-2.3,,,,,,,
crypto,RVNUSDT,2025-06-09,0.019,-23.6,-23.9,-32.1,-25.1,-16.4,-13.5,-29.1,-23.1
crypto,RVNUSDT,2025-07-21,0.01644,-18.1,-11.1,-14.1,-16.1,-20.1,-21.4,-18.1,-21.8
crypto,SANDUSDT,2023-11-06,0.4417,-5.6,-3.8,-3.1,26.3,13.0,27.5,34.5,6.2
crypto,SANDUSDT,2023-11-20,0.4248,0.8,31.3,17.5,32.5,39.9,10.4,15.1,14.3
crypto,SANDUSDT,2023-12-04,0.5577,-10.5,1.0,6.5,-15.9,-12.3,-12.9,-19.3,-23.5
crypto,SANDUSDT,2024-11-11,0.3484,121.5,93.5,163.1,115.9,61.5,57.4,84.0,66.9
crypto,SANDUSDT,2025-08-04,0.29591,0.6,-0.4,-6.4,-2.6,4.7,-0.8,-8.6,-6.6
crypto,SFPUSDT,2026-04-20,0.351,-9.3,-6.6,-6.2,,,,,
crypto,SFPUSDT,2026-05-04,0.328,0.4,,,,,,,
crypto,SHIBUSDT,2023-11-06,9e-06,-2.7,-7.0,1.2,16.0,15.5,19.5,16.0,1.1
crypto,SHIBUSDT,2025-09-08,1.4e-05,-7.0,-12.3,-9.1,-22.0,-26.5,-22.9,-25.8,-27.1
crypto,SKLUSDT,2025-08-11,0.03851,-17.1,-19.3,-24.0,-28.0,-30.4,-29.2,-37.3,-45.7
crypto,SNXUSDT,2024-11-18,2.136,18.7,58.5,39.0,-7.6,-5.9,2.2,-16.4,-24.2
crypto,SNXUSDT,2025-08-18,0.6926,-1.9,-4.0,-0.8,-2.8,57.9,62.7,145.5,125.2
crypto,SNXUSDT,2025-09-22,1.0933,3.1,55.5,42.6,9.8,-3.5,-21.0,-36.3,-46.3
crypto,SOLUSDT,2023-07-10,27.405,-9.7,-11.6,-15.4,-11.7,-20.6,-24.2,-28.7,-33.5
crypto,SOLUSDT,2023-10-16,29.0142,13.1,41.8,94.0,110.3,98.4,117.1,158.1,144.3
crypto,SPELLUSDT,2025-08-18,0.000538,-10.9,-11.9,-8.6,-10.0,-16.8,-16.8,-32.3,-32.2
crypto,STGUSDT,2024-11-18,0.3492,19.9,26.4,2.7,-14.9,24.3,49.5,31.1,-2.5
crypto,STGUSDT,2024-12-23,0.4339,20.3,5.5,-21.5,-16.4,-37.4,-38.1,-35.7,-37.3
crypto,STGUSDT,2025-01-20,0.3627,-25.1,-25.9,-23.1,-25.0,-27.0,-46.8,-43.9,-38.5
crypto,STGUSDT,2025-08-18,0.1812,-10.0,-10.5,-5.5,-5.4,9.2,8.3,-5.4,-11.8
crypto,STGUSDT,2026-01-19,0.1633,-9.9,-9.2,-7.3,-14.0,-3.3,7.8,18.4,6.3
crypto,STGUSDT,2026-03-02,0.1761,9.8,-1.4,36.2,29.8,30.2,11.3,17.7,25.8
crypto,STORJUSDT,2025-07-21,0.3042,-14.8,-6.9,-11.2,-11.9,-16.1,-17.0,-12.4,-17.2
crypto,STORJUSDT,2026-05-04,0.115,-0.9,,,,,,,
crypto,STXUSDT,2025-08-04,0.7534,-4.8,-9.8,-17.7,-16.6,-11.1,-14.3,-22.4,-20.6
crypto,STXUSDT,2026-05-04,0.2685,-1.5,,,,,,,
crypto,SUSHIUSDT,2023-10-23,0.6353,55.0,71.5,72.1,87.1,107.0,112.1,83.4,89.9
crypto,SUSHIUSDT,2025-07-14,0.9926,-5.8,-23.6,-10.4,-16.4,-15.3,-23.5,-24.0,-18.0
crypto,THETAUSDT,2023-10-23,0.6852,15.7,45.1,41.5,43.0,58.6,66.6,52.9,85.0
crypto,THETAUSDT,2025-07-21,0.9317,-19.8,-6.1,-10.3,-9.7,-16.3,-15.6,-9.5,-13.8
crypto,THETAUSDT,2025-08-18,0.8413,-7.3,-6.5,0.2,-4.6,-15.8,-12.7,-32.2,-33.2
crypto,TLMUSDT,2026-05-04,0.002058,-1.2,,,,,,,
crypto,TONUSDT,2026-05-04,2.4831,-5.6,,,,,,,
crypto,UNIUSDT,2023-07-24,6.4161,-7.2,-5.2,-23.7,-27.0,-31.3,-34.3,-33.3,-34.0
crypto,UNIUSDT,2023-08-07,6.081,-19.5,-23.0,-27.5,-30.7,-29.6,-30.4,-23.5,-28.7
crypto,UNIUSDT,2023-11-20,6.1759,-1.9,7.1,-1.8,10.8,17.0,-2.8,2.3,3.2
crypto,VETUSDT,2025-08-04,0.025173,-1.6,3.6,-4.1,-6.5,-2.2,-3.3,-12.1,-9.1
crypto,WLDUSDT,2025-07-21,1.2166,-20.0,-11.1,-17.8,-20.1,-27.5,-15.2,29.5,20.5
crypto,WOOUSDT,2025-08-18,0.07499,-9.5,-12.9,-5.1,5.1,-6.8,-7.2,-36.0,-43.3
crypto,XLMUSDT,2023-06-26,0.10733,-7.8,22.2,45.3,45.7,29.7,28.4,20.7,12.5
crypto,XTZUSDT,2023-10-23,0.745,8.6,25.1,15.4,13.0,14.5,29.5,22.3,31.7
crypto,XTZUSDT,2023-12-04,0.965,-5.6,1.7,4.7,-9.5,15.4,5.9,1.3,-0.7
crypto,XTZUSDT,2025-07-14,1.0697,-15.6,-29.0,-17.7,-19.9,-22.4,-32.8,-33.7,-28.1
crypto,YGGUSDT,2025-09-08,0.2312,-23.1,-30.6,-28.3,-43.0,-37.5,-38.5,-47.1,-49.2
crypto,ZILUSDT,2024-11-11,0.01874,32.2,43.4,86.1,47.4,10.6,11.5,23.5,11.8
crypto,ZRXUSDT,2025-08-04,0.2635,-3.6,-2.9,0.1,4.5,3.6,-3.2,-9.0,-5.0
crypto,ZRXUSDT,2026-05-04,0.126,-0.3,,,,,,,
kr,000080,2023-11-17,23250.0,-1.7,-3.4,-1.5,-0.6,-0.4,-3.2,-4.5,-6.2
kr,000120,2023-08-11,83000.0,-2.3,-5.2,-0.8,-2.3,-3.9,-1.8,-2.7,-0.1
kr,000120,2023-09-01,82300.0,-1.5,-3.0,-1.0,-1.8,0.7,-4.5,-7.7,-9.6
kr,000120,2023-11-17,87400.0,9.6,30.2,35.7,35.2,44.5,45.5,43.1,50.5
kr,000120,2025-06-20,90700.0,-3.5,0.0,3.6,1.8,-0.8,-5.1,-3.9,-8.4
kr,000120,2025-11-14,94500.0,0.0,-3.4,3.2,0.8,1.1,-0.1,0.5,-1.1
kr,000120,2025-12-05,97500.0,-2.3,-2.1,-3.2,-2.6,-4.1,-0.1,5.3,6.5
kr,000155,2023-05-26,56000.0,2.5,5.4,0.0,-3.0,-5.9,-10.4,-8.4,-9.6
kr,000155,2023-08-25,56200.0,1.4,3.0,35.9,27.4,26.5,-6.2,-3.0,-14.9
kr,000210,2023-11-03,45500.0,4.1,7.5,4.0,5.9,7.5,9.5,15.2,13.0
kr,000210,2025-05-16,40450.0,3.0,9.4,19.9,9.5,5.7,11.5,23.4,27.3
kr,000240,2023-08-18,12400.0,-16.0,-12.0,-10.0,-8.5,-9.5,-10.6,-13.0,-11.0
kr,000370,2025-05-16,4250.0,1.6,7.8,14.8,29.6,32.5,34.1,28.9,76.7
kr,000500,2023-06-16,19219.0,-3.1,0.2,3.2,4.2,1.5,10.2,6.7,17.9
kr,000670,2024-02-23,48717.0,-2.5,-3.6,-7.4,-6.6,-8.7,-11.7,-14.2,-26.1
kr,000670,2024-10-11,36749.0,-4.7,-5.4,1.3,15.1,8.1,-1.0,7.4,15.0
kr,000720,2023-05-19,39750.0,-1.8,-3.9,-1.1,-2.9,-3.4,-4.2,-12.8,-5.7
kr,000990,2025-02-07,38900.0,9.3,19.4,11.1,6.9,14.9,26.0,13.1,6.7
kr,001430,2024-12-13,20300.0,-1.5,-2.2,-5.3,-6.4,-7.8,-2.8,-5.0,-7.0
kr,001440,2024-04-05,12790.0,4.2,-0.3,7.9,2.3,14.2,43.5,50.0,30.6
kr,001740,2025-06-13,4325.0,1.3,2.8,6.4,10.5,11.0,5.9,2.5,4.0
kr,001740,2025-12-12,4740.0,-2.2,-4.4,-6.3,-8.8,-5.9,-0.9,18.1,7.2
kr,002020,2023-12-15,17770.0,-1.1,-2.1,-5.7,-5.6,-8.0,-10.4,5.2,1.2
kr,002020,2024-02-02,18690.0,-3.8,-4.3,-4.2,-8.2,-11.2,-11.4,-5.3,-9.1
kr,002020,2024-03-22,17700.0,-4.1,-5.3,-9.0,-10.4,-8.2,-7.9,-7.3,-7.1
kr,002350,2025-05-23,6140.0,9.3,8.5,0.3,2.9,0.0,2.9,4.7,1.5
kr,002380,2023-09-08,224500.0,10.2,12.5,9.8,9.4,4.0,0.4,0.0,7.1
kr,002790,2024-04-26,31450.0,5.6,11.4,11.1,10.7,21.6,9.4,12.4,8.6
kr,002790,2025-05-09,23550.0,-3.6,5.7,11.3,18.9,18.5,35.5,29.9,31.8
kr,003030,2026-02-20,153100.0,-7.3,-14.6,-1.4,31.3,25.1,65.3,51.5,40.8
kr,003030,2026-03-13,151000.0,33.1,26.9,67.5,53.6,42.7,45.7,58.9,35.8
kr,003090,2023-09-29,15640.0,9.8,7.7,-4.6,-4.5,-2.9,0.6,11.9,6.1
kr,003240,2024-01-26,689000.0,31.8,26.3,29.6,18.0,14.1,12.3,9.3,4.5
kr,003470,2023-05-19,2805.0,-0.7,0.9,2.7,-2.1,-6.6,-4.5,-4.8,-2.3
kr,003470,2023-12-08,2680.0,-2.8,-3.5,-4.9,-8.0,-7.5,-9.7,-9.3,1.1
kr,003530,2023-11-10,2710.0,-1.1,2.8,3.7,16.8,15.3,21.8,28.4,17.2
kr,003540,2023-05-19,13260.0,0.3,1.8,3.3,3.6,2.2,1.8,-0.5,1.8
kr,003540,2023-07-14,13500.0,0.1,-0.1,3.4,3.6,4.7,4.7,6.4,5.6
kr,003620,2023-12-15,9121.0,-0.7,1.9,-4.3,-5.8,-8.7,-7.6,-5.2,-3.2
kr,003620,2024-08-30,6541.0,-9.0,-7.4,-10.0,-13.3,-15.2,-14.9,-16.2,-20.8
kr,003620,2025-10-24,3630.0,5.1,-3.9,-6.3,-10.7,-7.7,-0.8,1.4,-1.2
kr,003620,2026-01-16,3500.0,0.7,11.0,13.3,15.4,22.1,15.6,0.1,2.6
kr,003620,2026-04-17,4360.0,-4.1,-0.6,-4.1,-5.7,,,,
kr,003670,2025-07-04,131200.0,5.9,19.6,13.3,4.5,14.6,24.4,15.2,7.7
kr,003670,2025-07-18,156900.0,-5.3,-12.6,-4.1,4.0,-3.6,-9.9,-16.1,-14.9
kr,003850,2023-08-11,9120.0,-2.4,5.6,-0.9,7.1,12.4,13.2,10.7,12.9
kr,003850,2023-09-08,9770.0,4.9,5.6,3.4,5.4,8.3,0.4,-7.6,-6.9
kr,003850,2025-10-31,8830.0,-2.5,-0.9,-5.8,1.2,2.3,4.1,4.8,2.2
kr,003850,2025-11-28,8940.0,1.0,2.8,3.5,0.9,4.6,-1.5,-2.7,2.8
kr,004000,2024-07-19,47750.0,-1.9,-3.6,-8.9,-7.3,1.0,2.0,3.1,-1.3
kr,004000,2024-08-23,48250.0,0.9,2.1,-2.3,-9.7,2.2,-2.2,0.0,-2.4
kr,004000,2024-10-11,48250.0,-2.4,-6.5,-11.6,-16.4,-20.9,-24.0,-28.8,-26.9
kr,004000,2025-07-18,43000.0,-1.5,-5.1,0.0,-3.5,-5.6,-3.0,3.8,6.4
kr,004020,2023-07-28,35850.0,-0.1,-3.2,-4.7,-2.8,6.0,8.6,10.0,10.6
kr,004490,2023-09-01,60100.0,2.0,5.7,2.2,-1.7,-5.7,-7.2,-10.3,-14.8
kr,004490,2025-12-19,66400.0,-2.6,-6.0,-6.8,-4.2,-3.3,-3.9,-5.1,0.8
kr,004490,2026-02-20,69200.0,-0.4,-10.4,-12.4,-11.4,-12.6,-12.9,-12.6,-11.3
kr,004800,2023-11-17,50919.0,2.1,3.8,4.4,2.3,2.6,-4.2,-7.0,-7.0
kr,004990,2023-12-08,27950.0,0.4,1.1,-3.2,-10.4,-8.8,-12.3,-9.1,13.1
kr,004990,2025-04-25,22450.0,2.2,4.0,5.8,14.3,32.7,37.9,30.1,23.4
kr,005070,2025-08-15,51000.0,-7.6,-16.0,-19.3,-18.1,-14.8,-19.0,-21.9,-21.8
kr,005070,2026-01-30,51000.0,-2.7,3.3,6.5,14.5,3.7,-5.9,-2.5,1.4
kr,005070,2026-02-13,52700.0,3.0,10.8,0.4,-8.9,-5.7,-1.9,-2.8,4.4
kr,005090,2023-11-03,27300.0,-1.5,3.7,4.2,6.4,4.6,2.0,2.7,0.0
kr,005090,2024-05-24,27250.0,-2.6,-4.8,-2.9,-3.1,-7.7,-8.4,-8.8,-7.0
kr,005440,2023-11-24,3815.0,-0.8,-3.7,-4.3,-0.3,-4.6,-8.4,-9.2,-9.3
kr,005490,2025-07-04,316500.0,1.4,-1.7,5.1,-8.2,-6.6,-2.8,-5.2,-9.8
kr,005690,2024-03-22,6550.0,-4.6,-13.6,-13.1,-15.3,-12.2,-11.3,-12.7,-15.1
kr,005690,2024-08-16,7040.0,-4.4,-16.9,-28.0,-24.7,-21.6,-21.7,-26.1,-26.7
kr,005690,2024-12-13,7210.0,14.4,14.8,18.0,24.0,17.1,27.2,10.7,23.3
kr,005880,2023-12-01,2020.0,1.5,5.0,5.4,6.7,7.2,27.0,23.5,5.9
kr,005880,2025-06-13,1796.0,-7.0,-10.6,-5.2,5.2,4.9,3.0,-2.1,0.2
kr,005880,2025-07-11,1890.0,-0.3,-2.2,-7.0,-4.8,-6.9,-9.3,-9.3,-8.5
kr,005880,2025-12-05,1953.0,-2.9,-6.9,-9.9,-10.5,-9.9,-6.6,-3.9,0.0
kr,005880,2026-01-16,1824.0,2.9,7.1,12.1,18.7,26.4,19.0,24.7,20.6
kr,005930,2025-05-16,56800.0,-4.6,-1.1,4.0,2.6,4.8,7.0,11.4,10.2
kr,005930,2025-06-20,59500.0,2.2,6.4,5.2,12.8,10.8,15.8,20.7,20.3
kr,005940,2023-05-19,9440.0,2.5,3.5,3.9,3.0,0.5,1.2,-1.3,3.1
kr,006040,2024-01-19,33008.0,-3.7,9.1,5.0,1.1,7.2,7.2,9.2,7.2
kr,006110,2025-08-15,28250.0,-18.2,-20.9,-20.0,-18.6,-18.1,-26.0,-27.4,-29.5
kr,006110,2025-11-14,23950.0,-6.5,-0.4,1.3,7.5,1.3,4.2,-4.2,-3.5
kr,006110,2025-11-28,23850.0,1.7,8.0,1.7,4.6,-3.8,-3.1,-2.5,7.8
kr,006110,2026-01-23,25700.0,33.1,8.9,15.6,24.5,21.2,23.9,31.7,26.8
kr,006280,2023-05-26,126900.0,0.2,-2.9,-9.4,-13.9,-9.5,-14.3,-9.1,-9.5
kr,006280,2023-11-17,116600.0,0.8,-1.5,4.0,3.9,7.2,7.6,0.0,-1.8
kr,006280,2023-12-08,121300.0,-0.2,3.1,3.5,-3.9,-5.6,-10.3,-9.3,-7.6
kr,006280,2024-02-09,115100.0,0.6,3.0,2.4,7.6,3.8,8.1,5.4,-1.0
kr,006280,2024-03-22,124400.0,-2.5,-8.4,-11.0,-12.3,-10.0,-8.8,-7.9,-4.9
kr,006280,2024-07-05,118000.0,7.3,8.4,7.6,20.3,27.0,26.8,42.6,44.8
kr,006340,2023-12-08,1140.0,-1.3,0.0,1.5,2.4,2.3,0.5,7.1,9.6
kr,006360,2023-11-24,16670.0,-3.0,-4.6,-5.6,-7.1,-9.9,-14.2,-11.1,-14.5
kr,006360,2024-03-01,15950.0,-3.1,-3.5,-4.8,-6.3,-5.2,-9.2,-9.7,-5.0
kr,006360,2024-05-03,16080.0,-1.2,-3.2,-5.7,-6.8,-7.8,-9.5,-6.2,-6.5
kr,006360,2024-05-17,15570.0,-2.6,-3.7,-4.8,-6.5,-3.1,-3.5,-3.3,3.1
kr,006360,2024-07-19,17900.0,7.3,6.4,6.9,7.8,14.2,14.5,2.0,7.1
kr,006400,2024-03-22,462593.0,-0.3,-11.0,-15.1,-15.1,-13.5,-7.3,-9.2,-8.8
kr,006400,2025-08-01,190000.0,14.7,17.9,13.7,8.9,5.0,7.4,6.8,6.6
kr,006650,2025-03-07,104500.0,-5.4,-5.3,-9.1,-14.9,-18.5,-17.3,-15.0,-19.6
kr,006650,2025-07-11,104200.0,-3.5,-1.8,-4.7,-5.9,-6.5,-1.1,17.1,17.3
kr,006650,2025-08-01,99300.0,-1.2,-1.9,3.8,22.9,23.1,19.9,14.8,16.5
kr,006650,2025-08-22,103100.0,18.3,18.5,15.5,10.6,12.2,9.9,4.6,19.8
kr,007700,2024-02-02,19680.0,-5.6,-13.2,-7.4,-15.6,-20.1,-20.7,-20.4,-23.8
kr,007700,2024-06-07,15900.0,-3.6,-4.4,-5.7,-4.5,-4.4,-5.7,-8.8,-11.0
kr,007700,2025-05-09,12570.0,1.8,13.1,24.6,31.3,37.6,36.8,76.2,58.9
kr,007810,2023-09-01,17160.0,-7.4,-6.6,-12.2,-14.2,-18.8,-7.6,-14.5,-18.3
kr,007810,2023-12-15,19910.0,3.0,0.4,2.5,-5.9,-2.9,-6.6,-12.5,-14.6
kr,007810,2025-02-14,13060.0,-1.7,-6.1,-8.9,-8.7,-4.8,-14.5,-23.1,-24.8
kr,008770,2025-04-04,40500.0,-4.4,-4.7,-3.5,8.4,7.3,8.6,19.1,22.5
kr,008770,2025-05-02,43900.0,-1.0,0.2,9.9,13.0,10.0,13.9,17.8,17.3
kr,008930,2023-08-11,39100.0,-11.6,-11.1,-16.6,-15.0,-11.9,-18.3,-15.7,-11.5
kr,008930,2023-11-10,34150.0,5.1,4.5,3.7,8.3,5.7,12.2,14.8,9.5
kr,008930,2025-05-09,29550.0,23.4,11.8,19.8,25.4,27.6,46.2,50.9,41.3
kr,009155,2023-09-15,69800.0,-3.7,-3.4,-5.7,-2.9,-3.9,-10.3,-7.7,-9.3
kr,009240,2023-08-11,59300.0,-0.8,-2.7,-2.9,-4.2,-4.4,-2.7,-5.1,-9.4
kr,009420,2025-08-15,29250.0,-2.7,2.1,9.2,16.2,12.0,5.0,17.9,19.5
kr,009540,2023-05-12,85900.0,5.4,12.7,15.0,20.7,32.7,34.9,35.6,40.2
kr,009830,2023-12-22,38550.0,2.5,-5.8,-4.7,-15.4,-14.5,-10.0,-17.4,-12.8
kr,010060,2025-01-10,79800.0,4.9,0.5,-0.9,3.3,-4.1,1.1,-0.3,8.0
kr,010780,2024-03-08,30100.0,-5.3,1.2,-4.5,-11.8,-17.1,-15.8,-12.8,-11.3
kr,010780,2025-05-30,21050.0,11.9,10.5,3.8,1.7,2.4,4.5,-0.2,-1.7
kr,010950,2023-08-04,76800.0,1.2,-4.9,-7.6,-4.7,1.6,5.1,0.8,3.1
kr,010950,2023-09-15,80700.0,-4.1,-1.9,-9.7,-8.4,-12.4,-15.2,-16.1,-17.1
kr,010950,2024-02-23,75100.0,1.7,-0.9,5.6,3.6,4.5,11.2,4.7,2.3
kr,011070,2024-05-31,248000.0,-2.8,6.5,3.0,9.7,8.3,15.9,20.0,4.4
kr,011170,2025-06-13,64500.0,-3.6,-9.1,5.3,8.5,2.3,2.8,-0.8,-3.6
kr,011170,2025-07-04,67900.0,3.1,-2.8,-2.4,-5.7,-8.4,-10.3,-7.7,-6.5
kr,011170,2025-08-29,63500.0,0.2,5.0,4.1,5.5,5.8,3.0,15.1,20.3
kr,011170,2025-10-10,65400.0,11.8,16.8,8.1,5.2,30.3,19.3,10.4,11.5
kr,011200,2023-12-22,20200.0,-3.1,1.7,2.2,-4.9,-2.6,-2.7,-9.0,-11.7
kr,011210,2025-03-21,45850.0,0.5,-6.7,-12.8,-6.5,-5.7,-7.4,-5.8,-7.9
kr,011790,2023-11-17,92489.0,-1.4,-3.3,-6.2,-7.5,-8.3,-7.9,-10.6,-16.1
kr,011790,2024-03-08,97471.0,10.6,10.7,7.2,33.2,23.1,5.4,1.8,9.8
kr,011790,2025-09-19,97941.0,-6.0,-1.0,-0.1,5.4,7.3,22.6,6.4,10.8
kr,011790,2025-10-10,97847.0,5.5,7.4,22.7,6.5,11.0,1.7,6.8,5.7
kr,011790,2026-04-17,113700.0,2.1,3.8,40.6,37.5,,,,
kr,011930,2025-04-11,1281.0,2.3,12.3,5.3,11.9,14.8,8.2,10.6,17.9
kr,012510,2023-09-15,31250.0,-2.4,-7.2,-13.1,-13.3,-12.0,-10.7,-7.5,-8.3
kr,012510,2024-01-12,33250.0,31.9,45.0,47.2,49.8,51.0,54.6,37.0,25.9
kr,012750,2023-08-04,57100.0,-3.2,-4.6,-5.3,-3.0,-1.9,0.9,2.5,-0.9
kr,014680,2025-03-14,137500.0,-2.6,-11.8,-18.5,-20.9,-19.3,-12.4,-16.2,-18.5
kr,014820,2024-01-19,34050.0,-8.7,-6.0,-3.8,1.9,9.1,1.5,27.5,26.4
kr,014820,2026-02-20,28600.0,-7.5,-14.2,-13.6,-9.1,-8.2,-14.5,-9.8,-9.4
kr,014820,2026-04-24,28100.0,0.0,-4.8,-8.0,,,,,
kr,014820,2026-05-08,26750.0,-3.4,,,,,,,
kr,015860,2024-02-09,4155.0,-0.5,1.4,1.3,3.0,5.4,6.5,6.1,4.5
kr,017900,2025-04-25,1843.0,-1.5,0.9,0.1,-0.4,2.4,7.0,5.6,7.7
kr,018260,2023-06-02,125500.0,0.9,-1.0,-3.2,-2.1,-8.2,-2.4,2.5,-2.2
kr,018880,2023-07-14,8765.0,-4.4,-9.7,-10.0,1.9,-0.3,-3.2,-3.3,-4.3
kr,018880,2023-08-11,8932.0,-2.2,-5.0,-5.1,-6.1,-5.3,-3.7,-2.0,0.4
kr,018880,2023-10-06,8970.0,-19.0,-26.3,-26.0,-26.6,-27.4,-25.5,-24.8,-26.2
kr,018880,2025-01-10,4038.0,1.0,-4.7,-1.6,-1.0,0.3,3.7,2.0,-4.7
kr,018880,2025-08-22,3416.0,-2.7,-5.3,-5.2,-10.0,-16.5,-14.4,-16.9,2.0
kr,018880,2025-10-17,3485.0,5.6,16.4,14.0,11.9,1.4,8.0,8.6,3.4
kr,020150,2024-03-22,47800.0,2.5,-0.8,-6.6,-11.7,-4.8,-6.3,-4.0,2.9
kr,020150,2024-04-26,45500.0,-1.5,0.9,8.1,0.4,4.6,8.1,22.9,22.6
kr,020560,2023-12-15,11150.0,-0.6,0.1,0.5,2.2,7.7,6.8,11.6,21.2
kr,020560,2024-01-05,11210.0,1.7,7.1,6.2,11.0,20.5,13.8,7.0,3.8
kr,021240,2023-11-10,51800.0,0.2,-2.9,-2.1,2.5,7.1,7.9,10.4,2.7
kr,022100,2025-03-14,27600.0,0.0,-8.3,-12.3,-8.3,-12.0,-7.8,-12.0,-13.6
kr,022100,2025-04-11,25300.0,-4.0,0.6,-4.0,-5.7,-11.1,-20.0,-12.6,-10.9
kr,022100,2025-07-18,25350.0,1.8,-10.7,-6.7,1.0,-8.3,-11.4,-13.8,-9.7
kr,022100,2025-08-15,25600.0,-9.2,-12.3,-14.6,-10.5,-11.3,-16.4,-16.8,-18.2
kr,022100,2025-10-17,25000.0,8.6,5.2,1.6,3.8,-2.4,1.6,5.6,10.8
kr,023530,2024-11-01,65100.0,-2.9,-4.6,-10.9,-12.1,-15.1,-12.3,-12.4,-15.5
kr,026960,2023-05-12,20750.0,0.7,-0.2,-2.7,-1.7,-5.3,-7.9,-8.3,-9.9
kr,026960,2024-04-19,18520.0,2.1,1.7,2.4,3.6,1.9,1.2,0.6,8.0
kr,028050,2025-03-21,20500.0,-3.1,-6.3,-5.7,-5.9,-7.6,-7.0,-3.3,-1.7
kr,028670,2024-03-01,4865.0,-5.9,-8.5,-8.8,-15.0,-17.4,-16.8,-17.5,-16.3
kr,028670,2025-02-21,3740.0,1.1,5.5,-3.5,-4.1,-9.8,-10.4,-12.0,-10.6
kr,030190,2024-02-02,10380.0,0.9,5.0,3.1,3.1,2.1,2.3,4.6,-3.1
kr,030610,2023-05-19,5460.0,-2.0,-0.9,-1.6,-2.4,-3.5,-3.3,-6.6,-4.2
kr,030610,2023-12-08,5080.0,-1.2,-2.1,-2.6,-4.2,-3.8,-5.3,-6.1,3.5
kr,030610,2024-02-02,5260.0,-1.7,2.9,3.6,0.2,1.1,1.9,2.7,-3.4
kr,032350,2023-08-18,14970.0,9.2,8.0,-0.3,-5.8,-1.5,-6.6,-27.0,-30.2
kr,032350,2024-04-26,9790.0,3.7,1.3,-0.8,1.6,10.7,0.9,2.8,-0.9
kr,032350,2024-09-27,10200.0,-2.5,-1.7,-5.0,-7.1,-6.4,-11.3,-13.7,-16.8
kr,032350,2025-04-04,8900.0,-1.1,7.9,8.0,22.1,21.3,27.0,26.7,33.4
kr,033240,2025-07-04,15810.0,7.3,9.3,12.5,12.0,24.5,16.3,19.4,25.7
kr,034220,2024-01-05,12284.0,-0.2,-2.0,0.5,-3.2,-4.4,-3.6,-6.0,-7.4
kr,034230,2025-03-07,11010.0,-6.3,-2.0,-0.1,5.1,4.7,10.3,9.3,12.3
kr,034730,2023-11-17,163000.0,-1.4,1.3,4.8,9.0,6.4,9.2,4.5,0.2
kr,035250,2023-12-15,16310.0,0.9,-1.9,-5.9,-6.4,-9.1,-6.7,-2.3,6.9
kr,035250,2024-02-09,17440.0,-2.5,-0.1,-0.3,-0.8,-4.8,-3.5,-6.6,-10.9
kr,035250,2024-08-30,15990.0,6.8,11.2,10.9,6.9,4.6,4.1,5.4,1.6
kr,035420,2023-05-12,213500.0,1.4,-5.2,-4.2,-6.1,-5.2,-11.5,-14.4,-8.7
kr,035420,2023-08-04,223500.0,-0.7,-4.9,-5.6,-4.0,-3.8,2.7,-6.9,-9.8
kr,035420,2023-12-08,217500.0,3.9,-1.1,3.0,1.4,6.0,-0.9,-0.5,1.8
kr,035420,2023-12-29,224000.0,-1.6,2.9,-3.8,-3.3,-1.1,-8.0,-8.5,-10.5
kr,035720,2023-11-24,50500.0,-1.6,2.4,8.7,4.6,7.5,10.5,19.6,14.1
kr,035720,2023-12-08,51700.0,6.2,2.1,5.0,7.9,16.8,11.4,9.5,8.9
kr,035720,2024-12-06,44500.0,3.1,-8.3,-12.7,-14.5,-17.9,-18.2,-19.7,-13.8
kr,036460,2023-12-08,25600.0,-1.6,-3.3,-3.5,-5.3,-7.6,-10.5,-7.8,7.6
kr,036460,2024-01-05,24250.0,-2.5,-5.6,-2.7,13.6,14.0,12.0,24.5,19.6
kr,036460,2024-02-02,27550.0,0.4,-1.5,9.6,5.3,6.0,4.7,1.5,-2.5
kr,036570,2024-08-23,192200.0,-2.4,-6.3,-6.5,-4.8,-0.2,8.7,2.0,0.5
kr,036570,2025-06-13,176500.0,7.9,5.2,17.3,19.8,18.7,10.7,8.0,14.4
kr,042700,2025-08-15,93000.0,-6.7,-6.5,-10.9,-2.3,0.3,-3.4,8.2,28.1
kr,047040,2023-08-04,4535.0,2.8,-1.2,-4.2,0.7,-1.9,0.8,-4.4,-7.3
kr,047040,2023-11-17,4475.0,1.9,3.4,-1.0,-2.8,-7.6,-7.4,-8.4,-6.0
kr,047050,2025-03-07,58600.0,-4.9,0.7,-12.6,-18.0,-10.4,-12.3,-15.8,-16.7
kr,051900,2024-03-15,345500.0,10.4,10.0,7.2,6.5,7.4,13.5,25.0,34.9
kr,051900,2025-07-18,330500.0,-1.1,-11.3,-9.8,-7.6,-9.2,-10.6,-10.3,-11.0
kr,051900,2026-05-08,275500.0,-2.5,,,,,,,
kr,051910,2024-02-16,504000.0,-6.3,-10.1,-12.1,-14.5,-10.8,-12.9,-20.6,-22.0
kr,051910,2025-07-04,264500.0,2.8,3.0,16.1,9.6,4.5,6.8,8.7,4.9
kr,051915,2025-07-04,130900.0,10.8,7.7,20.0,12.4,7.3,7.2,9.1,4.3
kr,066970,2025-08-15,90500.0,-8.8,-27.1,-30.7,-27.6,-17.7,-20.0,-18.5,-21.1
kr,068270,2023-05-19,159980.0,-0.5,-0.2,-2.8,-4.9,-5.8,-12.1,-14.5,-9.0
kr,069620,2023-09-29,112800.0,1.2,1.0,-11.0,-10.5,-9.9,-5.1,-4.8,-3.4
kr,069620,2023-11-10,107000.0,0.4,1.9,0.4,3.4,1.9,5.2,9.2,6.4
kr,069620,2023-12-29,116800.0,-2.6,-3.7,-3.7,-5.6,-5.1,1.7,0.4,-0.6
kr,071050,2023-09-15,56500.0,-3.0,-6.0,-8.1,-4.8,-8.8,-12.3,-4.1,0.7
kr,071050,2023-11-10,56900.0,1.8,1.9,3.2,8.1,10.2,9.0,7.7,-4.2
kr,071055,2023-09-15,42550.0,-1.3,-2.4,-3.5,-0.9,-3.3,-7.1,-4.2,-2.4
kr,073240,2025-08-22,4970.0,-0.2,-1.5,0.2,-0.4,-4.4,-5.2,-8.4,-6.6
kr,073240,2025-10-24,4785.0,-1.4,4.7,15.6,9.9,22.5,30.4,27.1,30.8
kr,073240,2025-11-07,5010.0,10.4,5.0,17.0,24.6,21.4,25.0,17.8,15.0
kr,079160,2024-03-01,6180.0,-8.7,-8.3,-7.8,-10.4,-8.7,-8.3,-6.3,-7.8
kr,079160,2024-07-26,5750.0,-0.3,-1.7,6.3,18.1,24.7,17.0,8.9,6.8
kr,079160,2024-08-16,6110.0,11.1,17.3,10.1,2.5,0.5,3.8,-6.5,-6.4
kr,079160,2025-06-06,5250.0,-0.8,1.3,-4.8,-1.1,0.2,-1.1,0.4,-4.2
kr,082640,2023-08-25,4110.0,3.4,3.8,16.2,16.9,14.7,21.2,19.7,17.4
kr,085620,2023-05-26,3045.0,10.0,12.8,14.8,20.9,23.3,16.1,17.7,17.1
kr,089860,2023-12-01,27350.0,-0.7,4.2,2.7,1.5,-3.3,-3.8,-4.8,-2.7
kr,089860,2024-03-15,27550.0,1.5,-0.4,1.3,-0.2,-3.4,-2.7,-1.6,-2.0
kr,090430,2023-08-11,130400.0,-6.4,-2.4,2.2,-0.2,-1.5,-6.6,-6.4,-11.0
kr,090430,2023-09-08,130100.0,-1.2,-6.4,-6.2,-10.8,-12.3,-17.7,-10.1,2.5
kr,090430,2025-04-25,119800.0,4.8,4.8,2.8,12.9,11.6,14.6,10.4,21.5
kr,090430,2025-11-21,134400.0,-7.5,-7.5,-9.4,-9.8,-11.5,-5.6,-11.3,-9.7
kr,090430,2026-01-02,126900.0,-6.1,-4.3,5.0,9.4,8.2,26.9,22.9,19.3
kr,090430,2026-01-23,133300.0,4.1,3.0,20.8,17.0,13.6,-1.3,-1.7,5.6
kr,090460,2024-05-10,22000.0,6.6,5.9,20.2,9.8,3.6,4.5,10.0,4.1
kr,090460,2025-08-08,15310.0,13.1,6.9,20.7,23.5,16.3,16.5,14.7,12.3
kr,093370,2023-07-14,13516.0,-4.5,-6.9,-9.0,-10.8,-14.7,-20.2,-15.3,-15.5
kr,093370,2025-06-13,5270.0,-4.0,-9.4,-6.9,-7.0,-9.1,-9.5,-12.6,-4.9
kr,093370,2025-07-18,4790.0,-0.4,-3.9,4.6,21.9,26.3,25.5,15.2,16.9
kr,096770,2024-09-27,118700.0,-2.1,-0.2,-5.6,-3.6,2.6,-6.4,-19.0,-0.9
kr,096770,2024-11-22,117600.0,-2.6,-2.9,2.5,-1.1,-5.6,1.2,6.0,9.5
kr,096770,2024-12-13,120500.0,-3.5,-7.9,-1.2,3.5,6.9,5.5,5.8,0.5
kr,096770,2025-01-03,119000.0,4.8,8.2,6.8,7.1,1.8,2.5,11.3,5.6
kr,097230,2023-06-16,3945.0,-0.8,3.8,16.7,15.8,7.0,2.5,4.9,2.9
kr,097230,2023-07-07,4605.0,-0.8,-8.4,-12.2,-10.1,-11.8,-16.4,-15.9,-18.6
kr,097230,2023-12-29,4450.0,-11.5,-13.9,-16.5,-20.0,-18.5,-17.6,-19.2,-19.1
kr,097950,2025-07-04,261500.0,-1.0,-2.7,-4.8,-5.0,-3.6,-9.8,-12.0,-12.4
kr,097950,2026-04-10,238500.0,-0.6,-1.0,3.4,-4.0,-5.5,,,
kr,100090,2024-09-13,14760.0,4.7,3.7,1.6,-3.4,-3.3,-15.5,-11.4,-12.5
kr,100090,2025-04-04,13510.0,2.5,2.0,13.0,6.7,12.4,45.8,41.0,42.3
kr,108320,2024-06-28,81300.0,-4.1,2.2,-4.1,-6.3,-13.0,-12.8,-13.0,-12.7
kr,108320,2024-07-12,83100.0,-6.1,-8.3,-14.9,-14.7,-14.9,-14.6,-17.6,-26.4
kr,108320,2025-02-07,62500.0,2.4,4.8,-4.0,-1.9,-7.8,-6.2,-10.4,-17.1
kr,108320,2025-02-21,65500.0,-8.4,-6.4,-12.1,-10.5,-14.5,-20.9,-24.0,-22.9
kr,108320,2025-05-16,61900.0,-5.5,-2.7,0.3,-3.1,1.8,6.3,7.6,4.0
kr,108320,2025-06-13,60000.0,5.0,9.7,11.0,7.3,9.2,-4.5,-10.3,-8.2
kr,108320,2025-10-10,59300.0,-3.4,-1.7,-3.4,-13.3,-14.2,-12.8,-12.6,-9.8
kr,108320,2026-01-30,54700.0,-1.1,1.1,2.9,6.8,-3.7,-5.7,-6.4,-5.7
kr,108320,2026-04-17,54600.0,18.9,14.7,14.3,13.7,,,,
kr,111770,2024-08-16,41350.0,-5.1,-8.2,-12.6,-6.2,-6.5,-1.6,-0.1,2.8
kr,111770,2024-09-13,38800.0,-0.4,4.9,6.4,9.5,9.8,3.4,8.0,6.3
kr,112610,2025-05-09,42750.0,14.3,-4.9,15.4,16.6,14.3,12.5,11.3,12.5
kr,112610,2025-05-30,49350.0,1.0,-1.0,-2.5,-3.5,-2.5,-1.9,-5.0,-2.1
kr,112610,2026-02-20,47800.0,12.3,8.8,15.9,38.3,25.9,60.9,40.6,36.0
kr,120110,2023-06-23,54300.0,-8.0,-8.0,-4.6,-5.7,-8.1,-5.9,0.7,-7.0
kr,120110,2025-02-21,34850.0,-4.2,-1.3,-9.0,-10.5,-12.8,-16.9,-19.4,-14.3
kr,120110,2025-03-07,34400.0,-7.8,-9.3,-11.6,-15.8,-18.3,-13.2,-11.9,-12.2
kr,137310,2023-12-01,12050.0,10.1,-1.9,-5.3,-5.1,-4.2,-3.3,-13.9,-12.5
kr,137310,2024-02-23,12700.0,-1.2,-9.8,-9.6,-0.2,-7.1,-12.2,-13.4,-23.6
kr,137310,2024-03-22,12680.0,-6.9,-12.1,-13.2,-23.5,-20.4,-16.9,-16.1,-15.5
kr,137310,2024-08-09,12750.0,2.6,-9.7,-16.0,-26.0,-23.3,-25.9,-26.0,-28.6
kr,137310,2024-11-22,10350.0,6.4,4.8,9.3,2.8,-1.9,4.6,16.8,13.3
kr,139480,2023-11-10,78500.0,-2.5,-0.8,-4.1,-6.5,-6.5,-1.8,-2.4,-9.0
kr,139480,2023-11-24,77900.0,-3.3,-5.8,-5.8,-1.0,-1.7,-8.3,-11.7,-12.8
kr,139480,2024-02-02,87400.0,-2.6,-11.9,-14.0,-15.3,-18.6,-19.6,-20.6,-22.5
kr,139480,2024-08-30,63700.0,-0.6,0.8,-3.0,-3.3,-8.8,-6.9,-1.6,-2.8
kr,139480,2024-10-18,62700.0,-1.3,1.9,-2.9,-1.8,-1.3,2.6,1.3,2.7
kr,139480,2024-11-29,64300.0,-1.2,0.2,2.3,5.9,-2.5,0.8,2.5,-1.6
kr,161390,2023-05-19,36850.0,-3.3,-4.3,-3.0,-6.0,-9.1,-6.6,-0.5,0.4
kr,161390,2025-03-07,38400.0,4.7,8.6,4.3,1.0,-1.3,1.0,4.9,7.2
kr,161390,2025-04-25,40300.0,2.1,-3.1,-0.4,-6.5,-4.5,-3.2,-3.1,-2.5
kr,178920,2023-12-15,30450.0,-0.2,0.2,1.3,-9.2,-15.3,-18.7,-21.7,-24.5
kr,178920,2024-06-21,25800.0,-3.1,8.3,19.2,20.5,11.6,9.9,1.7,5.0
kr,178920,2025-06-20,17740.0,-1.9,4.5,5.6,20.6,14.1,-2.8,-1.2,-2.2
kr,178920,2025-07-18,21400.0,-5.4,-19.4,-18.1,-18.9,-21.7,-20.6,-19.3,-17.8
kr,178920,2025-10-17,18170.0,5.6,-0.2,-6.4,-1.7,-11.4,-8.3,-8.1,-8.9
kr,178920,2026-02-06,18930.0,6.2,5.7,5.9,1.2,3.0,19.9,27.6,12.8
kr,181710,2024-02-02,25750.0,-1.4,9.3,10.1,3.1,-3.9,-1.6,-0.4,-4.1
kr,185750,2023-05-19,77672.0,1.3,4.0,3.1,-1.4,-3.3,-3.6,-9.6,-7.2
kr,185750,2025-07-04,86300.0,-2.1,1.2,-1.3,-5.0,-4.2,-3.8,-5.9,-7.4
kr,185750,2025-11-14,86700.0,-2.1,0.9,0.3,1.4,0.3,-1.4,-4.5,-4.8
kr,192080,2023-05-12,39843.0,0.5,-4.4,-5.1,-7.1,-10.0,-7.4,-10.4,-12.4
kr,192400,2023-05-12,16510.0,-1.8,-5.7,-6.0,-6.2,-9.6,-11.5,-0.5,-3.7
kr,192400,2023-06-30,16430.0,-3.2,-3.5,-3.6,-7.2,-6.4,-3.5,-6.3,5.3
kr,192400,2023-08-11,15860.0,-3.0,9.1,33.7,23.0,19.7,13.8,13.2,6.5
kr,195870,2025-01-24,26550.0,-6.0,-2.8,14.1,11.1,9.6,6.4,15.1,13.2
kr,195870,2025-02-14,30300.0,-2.6,-4.0,-6.8,0.8,-0.8,-9.7,-19.5,-22.6
kr,195870,2025-06-20,25900.0,8.9,13.5,5.0,1.4,-7.1,-10.4,-5.6,-3.1
kr,195870,2025-09-19,27700.0,2.2,41.9,53.2,43.9,62.3,86.3,88.8,90.3
kr,204320,2024-05-03,39050.0,-2.0,-6.5,-3.2,11.1,21.8,10.2,9.6,12.4
kr,204320,2024-05-24,37800.0,14.8,25.8,13.9,13.2,16.1,12.4,9.7,9.1
kr,214320,2023-08-04,21275.0,-2.4,-2.5,-5.3,-3.6,1.3,0.0,1.4,3.4
kr,214320,2023-09-01,20500.0,5.1,3.8,5.2,7.3,5.9,8.4,7.6,6.7
kr,248070,2024-11-29,20300.0,-3.8,4.9,-6.1,-5.4,-1.8,-3.5,-7.9,-6.7
kr,248070,2024-12-13,21300.0,-10.5,-9.9,-6.4,-8.1,-12.2,-11.0,-11.5,-12.4
kr,248070,2026-02-13,17700.0,1.3,4.4,-1.9,0.3,1.0,-3.9,-10.4,1.6
kr,249420,2023-09-15,21600.0,-2.8,-2.8,-7.9,-17.3,-26.3,-24.8,-22.6,-25.4
kr,249420,2023-12-29,18160.0,-4.1,-9.6,-11.9,-12.9,-13.8,-12.6,-10.6,-12.2
kr,249420,2024-03-22,16870.0,-6.6,-9.3,-10.3,-11.0,-9.4,-8.5,-8.5,-9.9
kr,249420,2024-08-16,16420.0,4.2,-7.7,-17.1,-15.8,-14.4,-14.3,-15.0,-14.6
kr,249420,2025-05-23,11910.0,5.6,6.6,2.9,9.2,5.2,16.6,55.0,94.8
kr,251270,2023-11-24,55500.0,2.9,7.0,-2.0,1.1,4.7,0.0,4.7,0.7
kr,259960,2023-11-24,205500.0,5.8,0.7,1.5,-13.1,-5.8,-1.9,-1.9,-5.8
kr,259960,2026-04-17,263500.0,4.2,0.6,3.6,8.0,,,,
kr,267270,2024-11-08,57200.0,13.3,6.6,7.9,1.2,7.2,6.5,2.4,7.0
kr,271560,2024-06-14,98900.0,-5.0,-6.8,-7.6,-7.0,-8.0,-10.8,-9.4,-10.3
kr,271560,2024-09-27,99600.0,-2.9,-0.6,0.3,-2.8,-0.8,1.2,-2.5,2.9
kr,271560,2024-11-08,100800.0,-3.7,1.7,1.8,3.0,4.3,2.7,3.5,2.1
kr,280360,2025-04-18,119600.0,-0.9,-1.7,-4.0,-5.4,-8.4,-0.3,1.9,0.6
kr,280360,2025-11-07,124900.0,-2.6,-2.2,-3.2,-2.6,-1.9,-4.1,-6.6,-10.2
kr,280360,2025-12-05,121700.0,0.7,-1.6,-4.2,-7.9,-12.2,-10.9,-5.8,-4.4
kr,280360,2026-02-13,131900.0,2.1,-3.7,-14.3,-14.4,-14.0,-11.9,-16.1,-12.1
kr,281820,2025-08-15,34950.0,-10.0,-4.3,-8.9,1.3,10.6,6.7,14.2,17.0
kr,282330,2024-05-10,133600.0,-10.1,-11.8,-12.8,-13.2,-13.9,-17.9,-22.7,-25.2
kr,282330,2024-08-30,118000.0,0.2,0.0,0.8,-1.1,-6.4,-5.1,-5.2,-6.1
kr,282330,2025-04-04,108500.0,-4.8,-3.2,-2.9,-1.7,-6.5,-8.3,-7.6,-5.5
kr,282330,2025-06-06,111500.0,2.1,12.1,6.8,8.7,8.2,8.5,3.9,0.4
kr,285130,2023-12-15,67400.0,-1.0,-0.1,4.9,-1.3,-6.2,-3.1,2.2,1.9
kr,285130,2025-05-09,48850.0,8.9,11.0,17.5,25.3,21.4,30.8,42.7,51.5
kr,294870,2023-11-03,12200.0,7.5,16.0,23.5,24.2,27.8,19.8,21.9,19.7
kr,298020,2025-05-30,243000.0,2.1,2.5,3.9,1.2,9.3,9.7,4.7,4.1
kr,298020,2025-12-19,236000.0,-0.4,-9.3,-3.0,22.0,53.8,60.0,63.1,71.2
kr,298020,2026-01-09,229000.0,25.8,58.5,64.8,68.1,76.4,71.8,85.8,42.8
kr,298050,2023-09-15,450500.0,-10.9,-12.9,-16.1,-16.3,-25.7,-22.4,-16.9,-16.6
kr,298050,2025-05-09,191300.0,6.1,1.3,4.1,5.6,1.4,4.5,7.4,16.6
kr,298050,2026-01-16,201500.0,8.9,17.6,22.1,27.5,26.3,24.6,5.2,8.2
kr,300720,2023-05-19,12660.0,1.6,1.8,4.7,1.2,-1.3,-2.4,-7.3,-6.3
kr,300720,2023-09-15,12700.0,-4.1,-5.4,-6.5,-1.4,-5.5,-4.5,-3.0,0.2
kr,300720,2023-11-10,12720.0,-0.2,-0.2,-0.6,0.4,0.9,2.4,0.6,-5.3
kr,302440,2023-05-19,79400.0,0.4,3.4,0.9,1.9,-2.0,0.1,-7.4,-4.3
kr,302440,2023-06-30,79500.0,-7.5,-4.4,-2.5,-9.2,6.3,3.8,-4.7,-6.9
kr,302440,2023-08-04,84500.0,-2.4,-10.3,-12.4,-14.7,-13.7,-14.0,-19.2,-19.9
kr,302440,2024-10-18,57100.0,-8.4,-7.5,-11.0,-21.7,-16.2,-17.5,-18.5,-1.9
kr,302440,2024-12-13,56000.0,-0.9,-10.8,-11.9,-8.6,-11.6,-11.5,-12.5,-13.8
kr,302440,2025-06-20,51300.0,-6.4,-5.0,-6.1,-7.0,-8.0,-15.5,-11.4,-9.1
kr,307950,2025-05-16,135200.0,4.9,6.1,3.4,5.8,24.8,40.9,22.9,24.6
kr,322000,2024-05-24,35000.0,1.9,-17.0,-19.9,-18.4,-24.1,-26.6,-23.9,-27.0
kr,322000,2025-01-24,24850.0,-2.2,-1.4,0.0,4.4,15.3,9.1,4.2,-1.2
kr,322000,2025-02-28,28650.0,-5.4,-9.6,-14.3,-17.5,-7.5,-9.4,-8.9,0.0
kr,323410,2023-07-14,25700.0,0.0,-1.6,11.7,7.4,-0.4,-4.9,-0.4,-2.9
kr,323410,2023-08-04,28700.0,-3.8,-10.8,-14.8,-10.8,-13.1,-9.2,-17.2,-18.6
kr,323410,2023-12-08,26000.0,4.2,4.6,9.6,-0.4,13.1,9.2,11.9,12.7
kr,323410,2023-12-29,28500.0,-9.1,3.2,-0.4,2.1,2.8,2.1,5.6,5.6
kr,326030,2023-05-26,72300.0,4.1,2.2,18.7,16.9,11.9,4.3,5.8,18.1
kr,330590,2024-03-08,3290.0,1.5,0.0,-2.1,1.1,-2.1,-6.4,-3.5,-2.7
kr,330590,2024-05-10,3360.0,3.3,-0.3,0.4,2.2,-1.2,0.0,-3.0,-3.1
kr,336260,2024-05-24,25000.0,-2.0,-10.0,-12.0,-9.6,-15.4,-19.4,-16.2,-20.2
kr,336260,2025-05-16,18020.0,-7.3,-6.7,1.3,2.9,30.1,25.4,20.4,33.2
kr,336260,2025-06-06,18250.0,1.6,28.5,23.8,18.9,31.5,22.7,30.7,20.5
kr,336370,2024-03-29,16890.0,-4.6,17.9,10.1,7.2,1.4,1.5,-3.2,-4.4
kr,336370,2025-08-15,9340.0,-6.4,-20.2,-18.3,-16.8,-12.5,-16.9,-17.6,-18.5
kr,336370,2025-10-31,9180.0,-8.6,14.1,-4.1,-7.0,-12.1,-11.7,-18.4,-18.4
kr,336370,2025-11-14,10470.0,-16.0,-18.4,-22.9,-22.5,-28.5,-28.5,-32.1,-32.6
kr,336370,2026-02-13,9000.0,1.9,-0.6,-6.9,-6.3,-3.7,2.9,1.6,7.7
kr,336370,2026-03-27,9260.0,-1.3,4.6,15.9,73.1,41.4,39.7,32.6,
kr,352820,2024-11-15,205000.0,4.4,-4.8,-7.8,0.2,-4.0,-6.5,-2.0,5.1
kr,353200,2025-01-24,20000.0,-7.5,-6.5,0.2,-2.2,-10.8,-13.0,-9.4,-7.0
kr,353200,2025-02-14,20050.0,-2.5,-11.0,-13.2,-9.6,-7.2,-16.4,-26.7,-27.9
kr,353200,2025-03-14,18130.0,2.6,-7.5,-18.9,-20.2,-20.5,-18.7,-21.8,-21.2
kr,353200,2025-07-18,20300.0,-0.2,11.8,15.5,15.0,10.6,18.5,15.3,27.8
kr,361610,2025-06-20,26150.0,1.9,10.1,8.8,11.5,10.3,1.1,8.6,21.2
kr,365550,2023-05-19,4181.0,-1.1,0.6,1.2,-3.8,-4.9,-4.6,-7.6,-4.6
kr,365550,2024-02-02,3828.0,0.1,0.8,1.3,3.5,9.1,7.9,14.3,13.2
kr,373220,2024-03-22,413500.0,-4.5,-9.1,-10.2,-11.2,-10.0,-5.4,-7.3,-8.9
kr,373220,2024-08-30,388000.0,1.8,3.0,1.4,6.8,4.0,5.9,0.1,4.9
kr,373220,2025-07-25,363500.0,2.6,4.1,8.4,1.1,-3.2,-5.6,-2.2,-3.9
kr,375500,2023-06-02,36750.0,1.2,2.9,-3.1,-5.4,-16.1,-13.7,-14.3,-17.4
kr,375500,2023-11-10,37100.0,-1.1,2.8,2.3,2.4,1.5,-1.1,-2.8,-0.4
kr,377300,2023-12-15,49650.0,-4.2,-0.7,-7.2,13.0,4.7,3.5,-1.7,-3.8
kr,377300,2023-12-29,49300.0,-6.5,13.8,5.5,4.3,-1.0,-3.1,0.2,-5.1
kr,377300,2024-12-06,30350.0,10.2,-12.0,-12.5,-10.7,-9.7,-15.3,-14.8,-11.0
kr,377300,2025-05-23,30800.0,22.9,23.7,96.1,158.4,173.4,156.8,158.4,91.2
kr,383220,2024-10-04,69800.0,-9.2,-11.9,-18.1,-11.9,-15.8,-26.4,-26.9,-23.4
kr,383220,2025-01-03,59400.0,-3.0,5.9,5.2,8.2,12.8,19.4,23.7,19.4
kr,383220,2025-01-17,62900.0,-0.6,2.2,6.5,12.7,16.9,12.7,15.9,6.8
kr,395400,2024-03-08,4175.0,-2.5,-1.2,-1.8,0.4,-1.9,-3.7,-2.2,0.1
kr,450080,2025-10-17,65800.0,3.0,-4.3,-8.1,-4.4,-15.2,-11.9,-8.8,-5.3
kr,450080,2026-01-30,67500.0,-6.7,-2.5,-0.7,6.5,4.9,-5.9,-7.4,8.7
kr,456040,2025-10-10,56800.0,3.3,10.2,4.0,2.1,6.2,2.5,4.9,7.0
