code,name,close,monthly_ma10,dist_pct,ma10_slope_3m_pct,last_date,n_months
011810,STX,3530.0,3530.0,0.0,0.24137441431208292,2026-06-04,149
027410,BGF,4260.0,4260.5,-0.011735711770918906,4.411224114691827,2026-06-04,146
448730,삼성FN리츠,5090.0,5085.0,0.09832841691248771,7.471203635210822,2026-06-04,39
014915,성문전자우,4670.0,4664.0,0.1286449399656947,1.1055712117927596,2026-06-04,149
005880,대한해운,2045.0,2047.9,-0.1416084769764193,9.029441516264715,2026-06-04,149
096760,JW홀딩스,3775.0,3767.5,0.19907100199071004,4.0171176145775815,2026-06-04,149
002900,TYM,6670.0,6654.0,0.24045686804929364,9.117743522466384,2026-06-04,149
004000,롯데정밀화학,50000.0,50160.0,-0.3189792663476874,10.569822550424336,2026-06-04,149
161000,애경케미칼,11370.0,11408.0,-0.3330995792426367,6.33855331841909,2026-06-04,149
082640,동양생명,7410.0,7440.0,-0.4032258064516129,0.5949161709031909,2026-06-04,149
373220,LG에너지솔루션,417000.0,415200.0,0.4335260115606936,7.900207900207901,2026-06-04,54
032640,LG유플러스,15520.0,15593.0,-0.46815878920028214,2.4372618578373406,2026-06-04,149
000370,한화손해보험,6060.0,6090.0,-0.49261083743842365,2.5770591207680646,2026-06-04,149
001500,현대차증권,9510.0,9559.0,-0.5126059211214562,6.258337038683859,2026-06-04,149
001120,LX인터내셔널,38850.0,38645.0,0.5304696597231208,11.933381607530775,2026-06-04,149
096770,SK이노베이션,117000.0,117640.0,-0.5440326419585175,4.550302168503377,2026-06-04,149
003460,유화증권,3130.0,3110.5,0.6269088570969298,5.280081232018954,2026-06-04,149
004430,송원산업,10250.0,10186.0,0.6283133712939328,2.9200767909467515,2026-06-04,149
175330,JB금융지주,25700.0,25865.0,-0.6379277015271603,3.9172358376858174,2026-06-04,149
003480,한진중공업홀딩스,4985.0,5017.5,-0.6477329347284505,2.586383152729503,2026-06-04,149
025000,KPX케미칼,49500.0,49176.2,0.658448599119092,2.2427361089453655,2026-06-04,149
005500,삼진제약,19570.0,19426.0,0.7412745804591784,0.38238941711451013,2026-06-04,149
030200,KT,54800.0,55225.0,-0.7695789950203712,0.6378132118451025,2026-06-04,149
003475,유안타증권우,4080.0,4112.0,-0.7782101167315175,4.8311026131293815,2026-06-04,149
126720,수산인더스트리,24700.0,24895.0,-0.7832898172323759,5.59915164369035,2026-06-04,47
060980,HL홀딩스,44600.0,44220.0,0.8593396653098146,3.24538874620593,2026-06-04,149
001275,부국증권우,31600.0,31330.0,0.8617938078518992,7.423281330361735,2026-06-04,149
021050,서원,1213.0,1223.7,-0.874397319604482,2.3331660812845034,2026-06-04,149
248070,솔루엠,17840.0,17680.0,0.904977375565611,4.826277718486897,2026-06-04,65
015860,일진홀딩스,7730.0,7656.0,0.9665621734587251,14.064362336114423,2026-06-04,149
025890,한국주강,1874.0,1855.7,0.9861507786818966,1.9223375624759707,2026-06-04,149
010580,에스엠벡셀,2280.0,2257.5,0.9966777408637874,9.827292629530527,2026-06-04,149
000050,경방,8500.0,8587.0,-1.0131594270408757,5.907745436605821,2026-06-04,149
086280,현대글로비스,209500.0,211720.0,-1.0485546948800302,11.1449419917056,2026-06-04,149
014530,극동유화,3430.0,3471.0,-1.181215787957361,1.3726635514018692,2026-06-04,149
000227,유유제약2우B,10510.0,10636.0,-1.184655885671305,0.538803289535873,2026-06-04,149
000240,한국앤컴퍼니,25650.0,25970.0,-1.2321909896033885,2.8311225499901007,2026-06-04,149
004560,현대비앤지스틸,13850.0,14023.0,-1.2336875133708907,7.390105682340328,2026-06-04,149
016450,한세예스24홀딩스,4250.0,4305.5,-1.2890488909534317,1.7728400898238978,2026-06-04,149
004105,태양금속우,3535.0,3490.0,1.2893982808022924,2.9043196225858767,2026-06-04,149
134380,미원화학,10210.0,10077.0,1.3198372531507394,9.639865085409639,2026-06-04,149
010400,우진아이엔에스,3635.0,3688.0,-1.4370932754880694,9.778240809644293,2026-06-04,94
006805,미래에셋증권우,16780.0,16539.9,1.4516411828366467,21.051707102865308,2026-06-04,149
009180,한솔로지스틱스,2785.0,2826.5,-1.4682469485229084,0.9284056418496697,2026-06-04,149
034590,인천도시가스,25850.0,26255.0,-1.5425633212721386,0.40152963671128106,2026-06-04,149
089860,롯데렌탈,30850.0,31335.0,-1.5477900111696186,0.40051265619993587,2026-06-04,59
462520,조선내화,14050.0,14271.0,-1.5485950529044916,1.2199446769274416,2026-06-04,36
013700,까뮤이앤씨,1195.0,1213.8,-1.5488548360520642,3.9301310043668005,2026-06-04,149
383800,LX홀딩스,8220.0,8352.0,-1.5804597701149428,0.16790597265531304,2026-06-04,62
008350,남선알미늄,1391.0,1368.5,1.6441359152356596,11.559468492704,2026-06-04,149
047810,한국항공우주,141400.0,143790.0,-1.6621461854092772,16.081375635747154,2026-06-04,149
002355,넥센타이어1우B,3940.0,3874.0,1.7036654620547238,6.824762167379015,2026-06-04,149
001430,세아베스틸지주,50800.0,51690.0,-1.721803056684078,20.419336051252184,2026-06-04,149
298050,HS효성첨단소재,210500.0,214230.0,-1.7411193576996684,4.6044921875,2026-06-04,96
051910,LG화학,345500.0,351900.0,-1.8186984938903097,9.96875,2026-06-04,149
002020,코오롱,55700.0,56780.0,-1.9020781965480804,7.813538403114023,2026-06-04,149
012800,대창,1352.0,1378.5,-1.922379397896264,2.39174032533611,2026-06-04,149
011780,금호석유화학,130800.0,128310.0,1.9406125789104514,5.379434954007884,2026-06-04,149
460860,동국제강,10060.0,9862.0,2.0077063475968364,7.534619997819212,2026-06-04,37
007980,TP,1810.0,1847.1,-2.0085539494342433,5.893481625867108,2026-06-04,149
004960,한신공영,10830.0,11063.0,-2.1061194974238453,12.887755102040815,2026-06-04,149
403550,쏘카,12240.0,12505.0,-2.1191523390643745,4.356171242593675,2026-06-04,47
001080,만호제강,4760.0,4864.5,-2.1482166718059412,17.827298050139277,2026-06-04,149
267290,경동도시가스,20900.0,21360.0,-2.153558052434457,2.3920233929341834,2026-06-04,110
010690,화신,9960.0,10183.0,-2.1899243837768827,8.50293020777837,2026-06-04,149
009970,영원무역홀딩스,185600.0,189880.0,-2.254055192753318,10.017961643200648,2026-06-04,149
006980,우성,18190.0,18613.0,-2.2726051684306667,5.426224865477202,2026-06-04,149
005720,넥센,6060.0,6202.0,-2.289584005159626,2.8524046434494195,2026-06-04,149
415640,KB발해인프라,9640.0,9870.0,-2.330293819655522,4.577240940877305,2026-06-04,20
017940,E1,86800.0,88890.0,-2.351220609742378,5.294953802416489,2026-06-04,149
006125,SK디스커버리우,38050.0,38975.0,-2.3733162283515075,0.6195946818123145,2026-06-04,149
011170,롯데케미칼,79500.0,81490.0,-2.4420174254509757,11.691337719298247,2026-06-04,149
011760,현대코퍼레이션,25050.0,24430.0,2.5378632828489565,3.080168776371308,2026-06-04,149
015360,INVENI,14620.0,14255.0,2.56050508593476,7.992424242424242,2026-06-04,149
003670,포스코퓨처엠,220000.0,214500.0,2.564102564102564,16.721989443325896,2026-06-04,149
031440,신세계푸드,46500.0,45335.0,2.569758464762325,5.430232558139535,2026-06-04,149
025820,이구산업,5140.0,5276.0,-2.577710386656558,3.6644071126829747,2026-06-04,149
316140,우리금융지주,30550.0,29780.0,2.585627938213566,7.839942060474379,2026-06-04,89
005830,DB손해보험,142500.0,146360.0,-2.6373326045367587,5.022962112514351,2026-06-04,149
002787,진흥기업2우B,7960.0,8177.0,-2.6537850067261832,0.7764357899926053,2026-06-04,149
052690,한전기술,131500.0,128020.0,2.718325261677863,14.836742016505204,2026-06-04,149
005960,동부건설,6640.0,6827.0,-2.7391240662077045,11.443029709435194,2026-06-04,149
031820,아이티센씨티에스,6340.0,6519.0,-2.745819911029299,2.274866645748353,2026-06-04,149
227840,현대코퍼레이션홀딩스,12050.0,12397.0,-2.7990642897475193,0.22637238256932654,2026-06-04,129
180640,한진칼,118300.0,114970.0,2.8964077585457075,0.16553406516814775,2026-06-04,149
000400,롯데손해보험,1885.0,1941.3,-2.9001184773090176,4.691797443779324,2026-06-04,149
155660,DSR,4125.0,4008.0,2.9191616766467066,2.716555612506407,2026-06-04,149
460850,동국씨엠,5420.0,5585.0,-2.954341987466428,0.2873047225713773,2026-06-04,37
012630,HDC,20800.0,21436.0,-2.9669714498973687,1.371417762224534,2026-06-04,149
001750,한양증권,22700.0,22026.0,3.0600199763915374,11.034934717951304,2026-06-04,149
022100,포스코DX,31750.0,30795.0,3.101152784542945,10.495156081808396,2026-06-04,149
005010,휴스틸,4780.0,4636.0,3.106125970664366,7.352089846011347,2026-06-04,149
003465,유화증권우,3090.0,2991.5,3.2926625438743105,6.043956043956044,2026-06-04,149
001560,제일연마,9750.0,10082.0,-3.2929974211465978,2.324165228864305,2026-06-04,149
005725,넥센우,4345.0,4495.5,-3.3477922366811255,0.31239540332477966,2026-06-04,149
499790,GS피앤엘,44800.0,46385.0,-3.417052926592649,4.5531387354896875,2026-06-04,19
030610,교보증권,11560.0,11178.0,3.417427088924673,10.596616206589493,2026-06-04,149
005070,코스모신소재,49100.0,50840.0,-3.4225019669551533,9.628032345013478,2026-06-04,149
024110,기업은행,20550.0,21289.0,-3.4712762459486117,3.2243987587276957,2026-06-04,149
003530,한화투자증권,6000.0,6216.5,-3.4826670956325905,2.675695763481708,2026-06-04,149
200880,서연이화,12960.0,13429.0,-3.4924417305830664,3.4990366088631983,2026-06-04,143
003000,부광약품,4595.0,4772.0,-3.7091366303436715,13.107371415027258,2026-06-04,149
003490,대한항공,24950.0,24055.0,3.7206401995427143,2.536231884057971,2026-06-04,149
072710,농심홀딩스,89900.0,93510.0,-3.8605496738316756,3.9693128752501665,2026-06-04,149
006660,삼성공조,14370.0,13828.0,3.9195834538617293,2.036599763872491,2026-06-04,149
111770,영원무역,83600.0,80430.0,3.941315429566082,8.586472255974078,2026-06-04,149
120115,코오롱인더우,24950.0,25975.0,-3.946102021174206,4.6535052377115225,2026-06-04,149
009680,모토닉,10100.0,10517.0,-3.9650090329941996,0.09517464547444561,2026-06-04,149
003540,대신증권,30750.0,32030.0,-3.996253512332189,7.177513802911159,2026-06-04,149
018500,동원금속,1438.0,1499.3,-4.08857466817848,4.575573690451273,2026-06-04,149
039490,키움증권,371000.0,356400.0,4.09652076318743,15.92128801431127,2026-06-04,149
244920,에이플러스에셋,9430.0,9834.0,-4.108196054504779,12.969557725445146,2026-06-04,68
002960,한국쉘석유,486000.0,466700.0,4.135418898650096,3.8726908524371244,2026-06-04,149
210980,SK디앤디,11940.0,12457.0,-4.1502769527173475,6.47918625523549,2026-06-04,133
014440,영보화학,4440.0,4634.0,-4.186447993094519,0.9916094584286803,2026-06-04,149
037710,광주신세계,35100.0,33685.0,4.200682796496958,4.970395761919601,2026-06-04,149
378850,화승알앤에이,3230.0,3373.5,-4.253742404031422,1.8568840579710144,2026-06-04,64
078520,에이블씨엔씨,11910.0,11423.0,4.2633283725816336,7.64229174519412,2026-06-04,149
044450,KSS해운,9640.0,10082.0,-4.384050783574687,2.867054382205897,2026-06-04,149
001040,CJ,181100.0,189460.0,-4.41254090573208,5.086249930667258,2026-06-04,149
019180,티에이치엔,7580.0,7257.0,4.450875017224749,21.232876712328768,2026-06-04,149
016380,KG스틸,5420.0,5673.0,-4.459721487748986,1.776103336921421,2026-06-04,149
011690,와이투솔루션,4935.0,5165.5,-4.46229793824412,19.516427579824157,2026-06-04,149
306200,세아제강,138400.0,132450.0,4.492261230653076,1.3699678555028318,2026-06-04,93
001290,상상인증권,983.0,940.7,4.496651429786324,15.028124235754476,2026-06-04,149
001340,PKC,6040.0,6326.0,-4.521024343977237,4.56198347107438,2026-06-04,149
009160,SIMPAC,4760.0,4986.5,-4.542264113105385,2.55012853470437,2026-06-04,149
093050,LF,21600.0,20661.0,4.544794540438507,6.144361674800924,2026-06-04,149
047050,포스코인터내셔널,59500.0,62335.0,-4.54800673778776,11.461779168529281,2026-06-04,149
286940,롯데이노베이트,22400.0,21424.0,4.5556385362210605,0.9661152740468448,2026-06-04,96
128940,한미약품,495500.0,473900.0,4.557923612576493,13.890891612593126,2026-06-04,149
003650,미창석유,124200.0,118750.0,4.589473684210526,3.368732590529248,2026-06-04,149
025540,한국단자,76400.0,73030.0,4.614541969053813,7.682099675611914,2026-06-04,149
001060,JW중외제약,26650.0,27945.0,-4.634102701735552,7.336278087190321,2026-06-04,149
030210,다올투자증권,3685.0,3864.5,-4.644844093673179,3.4118276692534115,2026-06-04,149
013520,화승코퍼레이션,2405.0,2522.5,-4.658077304261645,10.408368713616676,2026-06-04,149
005305,롯데칠성우,72500.0,76080.0,-4.705573080967403,1.0492761322884845,2026-06-04,149
077970,STX엔진,35850.0,37680.0,-4.856687898089172,15.035872385895283,2026-06-04,149
081660,미스토홀딩스,39500.0,41530.0,-4.8880327474115095,0.9970817120622567,2026-06-04,149
009290,광동제약,6550.0,6889.0,-4.920888372768181,5.336391437308868,2026-06-04,149
003160,디아이,28450.0,27114.0,4.927343807627056,21.10952295872789,2026-06-04,149
003280,흥아해운,1998.0,2101.6,-4.9295774647887285,9.658231150534824,2026-06-04,149
