symbol,name,price,d_MA10,d_MA20,w_MA10,w_MA20
CENTA,센트럴 가든 앤드 펫 Class A,34.130001068115234,-0.93,0.0,1.33,3.47
RFIL,RF 인더스트리스,17.010000228881836,-4.97,0.01,11.57,32.0
CHSCL,CHS 클래스 B 우선주 시리즈 4 7.5%,25.75,0.0,0.02,0.5,0.38
EWBC,이스트 웨스트 뱅코프,122.54000091552734,0.07,0.04,3.58,6.12
FDSB,피프스 디스트릭트 뱅코프,15.109999656677246,0.14,0.05,0.55,0.87
RANG,레인지 캐피탈 애퀴지션,10.604999542236328,-0.01,0.05,0.24,0.69
EHLD,유로홀딩스,8.569999694824219,-0.38,0.06,3.61,13.29
BCRX,바이오크리스트 파마슈티컬스,8.90999984741211,1.53,0.07,-1.42,7.25
DIOD,다이오즈,105.31999969482422,3.83,0.07,11.6,33.7
WSBK,윈체스터 뱅코프,12.739999771118164,0.22,0.1,-0.52,1.14
CLYM,클라임 바이오,10.960000038146973,1.1,0.1,17.43,44.93
LFST,라이프스탠스 헬스 그룹,7.710000038146973,0.9,0.1,8.67,9.74
OLPX,올라플렉스 홀딩스,2.0399999618530273,0.0,0.1,0.37,15.58
SLAB,실리콘 래보라토리스,217.60000610351562,0.07,0.1,1.58,8.43
WSFS,WSFS 파이낸셜,71.44999694824219,-0.0,0.12,2.41,7.06
XOMA,조마 로열티,41.709999084472656,-0.04,0.12,8.09,29.16
TALK,토크스페이스,5.199999809265137,0.06,0.13,0.31,7.9
SIGI,셀렉티브 인슈어런스 그룹,86.54000091552734,-2.65,0.14,4.38,4.81
FLYW,플라이와이어,16.040000915527344,0.38,0.15,13.51,21.14
GTEN,고어스 홀딩스 X,10.369999885559082,0.18,0.15,0.53,0.56
IMPP,임페리얼 페트롤리엄,5.119999885559082,-2.4,0.16,6.0,15.43
CEPO,칸토 에퀴티 파트너스 I,10.60099983215332,0.07,0.16,0.18,0.72
CAAS,중국 오토모티브 시스템,4.659999847412109,-0.83,0.17,4.16,5.37
APLS,아펠리스 파머수티컬스,41.03499984741211,0.08,0.18,20.98,45.23
CNOBP,커넥트원 뱅코프 우선주 시리즈 A 5.25%,24.920000076293945,0.45,0.18,0.52,0.98
CYCN,싸이클러리온 테라퓨틱스,3.1500000953674316,0.74,0.19,-7.3,31.59
OCCIN,OFS 크레디트 우선주 Series E 5.25%,24.81999969482422,0.16,0.2,0.44,0.65
ABEO,아베오나 테라퓨틱스,5.659999847412109,2.59,0.2,4.2,9.44
SSBI,서밋 스테이트 뱅크,13.579999923706055,0.33,0.21,-0.12,0.43
MBINM,머천트 뱅코프 우선주 8.25%,25.6200008392334,0.07,0.21,0.98,1.02
CNTA,센테사 파마슈티컬스 ADR,39.7599983215332,0.06,0.22,3.2,24.99
FORA,포리안,2.1600000858306885,0.23,0.23,1.89,2.52
DMII,드러그스 메이드 인 아메리카 애퀴지션 II,10.0600004196167,0.07,0.23,0.44,0.68
SZZL,시즐 애퀴지션 II,10.34000015258789,0.14,0.24,0.37,0.58
CVGI,커머셜 비히클 그룹,5.059999942779541,0.52,0.26,11.68,51.72
QUMS,퀀텀스피어 애퀴지션,10.210000038146973,0.17,0.29,0.42,0.86
PHVS,파바비스 NV,30.15999984741211,1.48,0.3,4.17,8.42
SATA,스트라이브 우선주 Series A,100.01000213623047,0.01,0.3,0.79,2.97
CCLDO,케어 클라우드 우선주 시리즈 B 8.75%,27.498899459838867,0.15,0.3,3.22,4.64
FACT,팩트 II 애퀴지션,10.649999618530273,-0.13,0.3,0.59,1.07
ATLO,에임스 내셔널,28.420000076293945,-0.31,0.31,-0.4,2.62
CCNE,CNB 파이낸셜,30.670000076293945,0.64,0.31,1.23,5.08
BPOP,파퓰러,148.52999877929688,-0.1,0.33,2.65,6.33
RZLT,레졸루트,3.2699999809265137,0.28,0.34,-0.88,1.4
BCAX,바이카라 테라퓨틱스,21.75,3.79,0.35,0.91,13.36
ZBAI,ATIF 홀딩스,8.199999809265137,0.76,0.35,13.32,17.37
PECO,필립스 에디슨 & 코,40.150001525878906,-0.16,0.35,2.63,4.76
TDWD,테일윈드 2.0 애퀴지션,10.029999732971191,0.22,0.36,0.48,0.75
SPKL,스파크 I 애퀴지션,11.95009994506836,-1.37,0.36,2.58,3.89
CEPF,캔터 에쿼티 파트너스 IV,10.34000015258789,0.23,0.36,0.75,0.14
DLTH,덜루스 홀딩스,3.299999952316284,-3.23,0.38,-0.63,14.23
DDI,더블다운 인터랙티브 ADR,11.699999809265137,-2.31,0.38,14.83,23.53
APXT,에이펙스 트레저리,10.050000190734863,0.26,0.39,0.55,0.73
FBLA,FB 뱅코프,14.095000267028809,0.22,0.39,0.55,3.46
SATS,에코스타,129.19000244140625,-1.42,0.39,2.2,7.56
SNEX,스토넥스 그룹,113.3499984741211,1.24,0.4,9.99,26.24
CSGS,CSG 시스템즈인터내셔널,80.68000030517578,0.35,0.4,0.57,1.04
APGE,아포지 테라퓨틱스,82.13999938964844,2.21,0.42,-1.57,7.36
ONB,올드 내셔널 뱅코프,24.010000228881836,0.96,0.42,2.58,2.32
MBINL,머천트 뱅코프 우선주 Series E 7.25%,24.899999618530273,0.08,0.42,1.75,1.86
BANR,배너,65.0,0.77,0.43,1.57,3.39
ADI,애널로그 디바이시스,413.8500061035156,0.95,0.44,9.21,18.14
KALV,칼비스타 파머수티컬스,26.8700008392334,0.31,0.44,15.57,37.51
FRME,퍼스트 머천츠,40.29999923706055,0.56,0.44,0.89,1.8
FCCO,퍼스트 커뮤니티,30.079999923706055,0.02,0.45,-0.34,1.39
DMIIU,Drugs Made In America Acquisition II Units,10.154999732971191,0.23,0.51,0.74,0.86
AROW,애로우 파이낸셜,36.70000076293945,0.5,0.51,1.94,5.4
LOKV,라이브 오크 애퀴지션 V,10.550000190734863,0.23,0.51,0.66,1.4
CFFN,캐피톨 페더럴 파이낸셜,7.769999980926514,0.53,0.52,2.64,5.41
BCAL,캘리포니아 뱅코프,18.979999542236328,0.22,0.52,2.25,2.97
RILYN,BRC 그룹 홀딩스 선순위채권 6.50% 만기 26년,25.0,0.41,0.54,1.4,3.96
GTIM,굿 타임스 레스토란츠,1.2799999713897705,-0.39,0.55,1.35,4.36
HBCP,홈 뱅코프,64.37999725341797,0.21,0.56,1.8,4.29
TCBI,텍사스 캐피털 뱅크셰어스,99.48999786376953,0.99,0.58,0.56,1.0
AGNCP,AGNC 인베스트먼트 우선주 시리즈 F,25.1299991607666,0.44,0.59,1.87,1.22
WTFC,윈트러스트 파이낸셜,150.22999572753906,0.82,0.59,2.92,3.06
PRTC,퓨어 테크 헬스 ADR,17.434999465942383,0.82,0.59,3.38,0.76
FBNC,퍼스트 뱅코프(노스 캐롤라이나),58.83000183105469,0.33,0.59,1.6,1.72
NFBK,노스필드 뱅코프,14.180000305175781,0.14,0.61,1.99,5.44
COLB,컬럼비아 뱅킹 시스템,29.639999389648438,0.59,0.62,2.21,2.09
FRHC,프리덤 홀딩,142.82000732421875,-0.73,0.63,-1.81,5.3
NTRS,노던 트러스트,165.4499969482422,-0.72,0.63,5.07,9.72
OBT,오렌지 카운티 뱅코프,34.119998931884766,0.9,0.65,0.24,3.02
HAFC,한미 파이낸셜,30.1200008392334,0.34,0.65,4.39,8.03
MNY,머니히로,1.3600000143051147,0.85,0.68,1.23,1.67
VBNK,버사뱅크,18.040000915527344,1.72,0.69,6.64,11.51
AMZN,아마존닷컴,270.6400146484375,1.37,0.71,8.08,15.73
AACB,아티어스 II 애퀴지션,10.5,0.5,0.72,0.91,1.19
WAFD,WaFd,35.560001373291016,0.72,0.73,3.99,7.31
ADAMI,아다마스 트러스트 선순위채권 9.125% 만기 29년,25.540000915527344,0.86,0.73,1.16,1.57
RRBI,레드 리버 뱅크셰어스,90.91999816894531,0.56,0.73,-1.03,2.55
CVBF,CVB 파이낸셜,20.360000610351562,0.67,0.75,1.29,2.19
HFWA,헤리티지 파이낸셜,27.25,0.93,0.76,1.63,2.54
SYBT,스탁 야즈 뱅코프,71.73999786376953,0.89,0.77,2.28,4.7
QSEA,쿼츠씨 애퀴지션,10.529999732971191,0.62,0.79,0.98,1.54
SMBC,서던 미주리 뱅코프,69.05999755859375,0.64,0.79,2.86,6.33
NECB,노스이스트 커뮤니티 뱅코프,24.190000534057617,0.5,0.8,-0.67,0.72
FONR,포나,19.06999969482422,0.55,0.8,1.11,1.98
RGS,레지스,28.200000762939453,-1.22,0.82,3.5,12.77
SYRE,스파이어 테라퓨틱스,73.5,1.56,0.84,12.08,42.4
FMNB,파머스 내셔널 은행,14.180000305175781,0.71,0.86,2.18,5.04
LKFN,레이크랜드 파이낸셜,60.630001068115234,1.91,0.9,1.52,2.22
CHCO,시티 홀딩,124.30999755859375,0.33,0.9,0.46,1.13
PRCH,포치 그룹,10.420000076293945,4.45,0.9,18.11,24.72
LOOP,룹 인더스트리,1.399999976158142,2.41,0.9,0.86,4.48
FGMC,FG 머저 II,10.390000343322754,0.51,0.91,1.51,2.24
UBSI,유나이티드 뱅크셰어스(Nasdaq GS),43.40999984741211,0.99,0.92,1.1,2.32
SRCE,퍼스트 소스,73.81999969482422,0.76,0.93,1.52,5.06
TH,타겟 호스피탈리티,17.360000610351562,-3.93,0.93,14.99,52.38
ALM,알몬티 인더스트리스,19.65999984741211,4.84,0.96,3.72,16.92
AMAL,아말가메이티드 파이낸셜,41.47999954223633,1.12,0.96,1.34,4.25
JWEL,조웰 글로벌,2.390000104904175,4.04,0.97,-0.06,2.39
OZK,뱅크 오즈크,48.38999938964844,1.03,0.97,1.81,2.21
CPRX,캐털리스트 파마슈티컬스,31.229999542236328,-0.09,0.97,11.45,20.76
SWBI,스미스&웨슨 브랜드,15.220000267028809,-0.44,1.0,1.57,12.18
ALLO,알로진 테라퓨틱스,2.1700000762939453,5.96,1.0,-4.66,0.84
BSRR,시에라 뱅코프,37.97999954223633,-0.38,1.01,4.06,5.74
TCBK,트라이코 뱅크셰어스,50.79999923706055,1.01,1.04,2.35,2.96
UMBF,UMB 파이낸셜,131.25999450683594,1.09,1.07,6.05,7.2
EML,이스턴,21.6200008392334,2.51,1.09,0.44,6.29
COFS,초이스원 파이낸셜 서비스,31.399999618530273,0.43,1.1,3.75,6.59
CRUS,시러스 로직,169.9499969482422,1.09,1.11,4.31,14.02
TACH,타이탄 애퀴지션,10.479999542236328,0.99,1.13,1.23,1.47
MPLT,맵라이트 테라퓨틱스,29.309999465942383,2.39,1.16,8.1,30.76
CWBC,커뮤니티 웨스트 뱅크셰어스,24.010000228881836,1.18,1.17,1.31,1.47
HTO,H2O 아메리카,57.83000183105469,1.2,1.17,-0.38,2.52
ZION,자이언스 뱅코프,62.45000076293945,1.49,1.18,2.61,4.39
WABC,웨스트아메리카 뱅코프,55.4900016784668,0.55,1.2,2.64,5.75
SRBK,SR 뱅코프,18.610000610351562,0.75,1.21,1.9,6.02
IESC,IES 홀딩스,678.3499755859375,1.13,1.22,13.64,28.35
TBLA,타불라,4.880000114440918,-1.29,1.23,19.17,27.9
AGH,아우레우스 그린웨이 홀딩스,4.070000171661377,-9.13,1.24,-0.32,1.42
HYNE,호인 뱅코프,15.915599822998047,0.77,1.26,1.2,5.45
SOLS,Solstice Advanced Materials Inc,84.2300033569336,1.21,1.26,4.52,11.91
IMKTA,잉글스 마케츠,88.45999908447266,0.93,1.28,-1.4,2.88
TDAC,트랜스레이셔널 디벨롭먼트 애퀴지션,10.800000190734863,1.03,1.29,1.35,1.89
UEIC,유니버설 일렉트로닉스,4.190000057220459,3.05,1.29,0.92,2.12
FFBC,퍼스트 파이낸셜 뱅코프,30.760000228881836,0.91,1.3,3.49,6.08
AMTX,에메티스,2.624000072479248,8.28,1.3,-1.26,16.15
CNOB,커넥트원 뱅코프,30.06999969482422,1.39,1.31,4.93,8.13
BOLD,바운드리스 바이오,1.5099999904632568,4.21,1.31,6.41,17.24
TROO,트룹스,4.159999847412109,3.53,1.32,23.48,21.96
SCHL,스콜라스틱,40.5,0.33,1.32,1.51,8.64
COCO,비타 코코 컴퍼니,75.12999725341797,-3.0,1.32,22.59,29.25
ICHR,아이코아 홀딩스,71.5199966430664,3.26,1.32,11.73,37.97
SFNC,시몬스 퍼스트 내셔널,21.450000762939453,1.13,1.34,3.46,5.02
CATY,캐세이 제너럴 뱅코프,57.65999984741211,1.07,1.36,5.61,9.52
PRTA,프로테나,10.180000305175781,4.67,1.36,-0.6,5.12
ILLR,트릴러 그룹,0.23510000109672546,3.79,1.38,0.72,11.9
MCBS,메트로시티 뱅크셰어즈,32.65999984741211,0.71,1.4,3.84,9.23
FCBC,퍼스트 커뮤니티 뱅크셰어스,43.11000061035156,1.82,1.42,1.34,6.41
ARWR,애로우헤드 파마슈티컬스,77.91000366210938,1.7,1.42,10.6,17.07
GABC,저먼 아메리칸 뱅코프,43.720001220703125,1.44,1.45,1.4,3.22
STBA,S&T 뱅코프,45.09000015258789,0.91,1.45,3.26,5.35
INDB,인디펜던트 뱅크 (매사추세츠),79.08000183105469,0.8,1.46,1.98,0.81
EWTX,엣지와이즈 테라퓨틱스,34.15999984741211,3.83,1.47,3.87,10.49
MTSI,M/A-컴 테크놀로지 솔루션스 홀딩스,364.6400146484375,-4.02,1.48,19.29,36.78
OMSE,OMS 에너지 테크놀로지스,4.710000038146973,0.06,1.48,1.68,1.93
LLYVA,리버티 라이브 홀딩스 Series A,96.31999969482422,0.65,1.5,2.88,5.97
SNAL,스네일,0.8300999999046326,-16.49,1.51,11.24,20.05
RSVR,레저보아르 미디어,10.319999694824219,0.9,1.51,3.19,12.49
BIIB,바이오젠,196.0,1.61,1.53,5.43,5.82
JANX,재넉스 테라퓨틱스,14.59000015258789,1.86,1.57,0.42,3.49
SRRK,스칼러 락 홀딩,49.29999923706055,0.66,1.57,2.59,6.03
EFSC,엔터프라이즈 파이낸셜 서비스,60.61000061035156,0.65,1.58,4.16,5.37
CTBI,커뮤니티 트러스트 뱅코프,66.86000061035156,0.95,1.58,3.15,6.1
ESQ,에스콰이어 파이낸셜 홀딩스,109.88999938964844,-0.02,1.59,0.86,1.81
PGC,피팩 글래드스턴 파이낸셜,43.25,1.0,1.59,7.75,18.52
CZFS,시티즌스 파이낸셜 서비시스,65.05000305175781,0.31,1.6,0.63,2.55
MXL,맥스리니어,92.93000030517578,-3.01,1.6,53.93,137.65
ORRF,오스타운 파이낸셜 서비스,37.130001068115234,1.63,1.62,0.71,1.32
HBNC,호라이즌 뱅코프,18.549999237060547,1.52,1.62,4.32,5.99
OSBC,올드 세컨드 뱅코프,21.31999969482422,1.28,1.67,2.28,4.22
NDSN,노드슨,287.3299865722656,1.6,1.69,3.29,3.09
FITB,피프스 서드 뱅코프,49.93000030517578,1.92,1.69,2.42,1.53
NTGR,넷기어,25.989999771118164,2.7,1.69,3.69,12.56
HWC,핸콕 휘트니,68.12000274658203,1.88,1.69,2.43,1.83
ALGM,알레그로 마이크로시스템즈,47.869998931884766,4.11,1.7,14.19,23.57
FSEA,퍼스트 시코스트 뱅코프,16.729999542236328,0.07,1.71,17.78,23.03
HOPE,호프 뱅코프,12.539999961853027,1.56,1.71,3.18,5.46
RMR,RMR 그룹,19.950000762939453,0.36,1.72,11.26,16.2
LYTS,LSI 인더스트리,24.229999542236328,2.85,1.72,11.19,12.9
SENEA,세네카 푸즈 Class A,143.7899932861328,0.83,1.74,-0.93,4.75
FULT,풀턴 파이낸셜,21.690000534057617,1.68,1.74,2.28,3.29
SABR,세이버,1.7599999904632568,9.22,1.75,3.56,18.5
TRS,트리마스,40.93000030517578,3.15,1.75,6.21,9.96
PFG,프린시펄 파이낸셜 그룹,103.62000274658203,0.52,1.76,6.38,9.62
LLYVK,리버티 라이브 Series C,99.0999984741211,0.83,1.78,3.12,6.35
ACNB,ACNB,54.290000915527344,0.46,1.8,5.81,7.56
GP,그린파워 모터 컴퍼니,1.090000033378601,0.65,1.8,4.7,3.82
MSBI,미드랜드 스테이츠 뱅코프,27.799999237060547,1.47,1.81,9.26,16.24
FMBH,퍼스트미드 뱅크셰어스,44.04999923706055,1.58,1.83,2.71,4.13
IBCP,인디펜던트 뱅크,34.31999969482422,1.57,1.83,1.54,0.04
PLXS,플렉서스,268.3599853515625,2.22,1.84,9.96,22.91
KRNY,커니 파이낸셜,8.239999771118164,1.13,1.85,3.5,4.99
RAAQ,리얼 에셋 애퀴지션,11.5,0.74,1.87,4.03,6.99
UVSP,유니베스트 파이낸셜,39.439998626708984,1.04,1.89,5.34,10.66
KSPI,카스피.kz 우선주,90.4000015258789,-0.63,1.89,8.55,14.92
ASRT,어셋티오 홀딩스,23.43000030517578,0.06,1.9,12.71,39.54
QCRH,QCR 홀딩스,92.1500015258789,1.77,1.91,2.94,4.02
PFIS,피플스 파이낸셜 서비스,59.40999984741211,0.88,1.92,4.0,7.68
FFIN,퍼스트 파이낸셜 뱅크셰어스,32.68000030517578,1.65,1.94,3.61,3.15
CYTK,사이토키네틱스,76.76000213623047,-0.09,1.94,10.27,15.76
PEBO,피플스 뱅코프,34.779998779296875,1.36,1.96,2.41,4.79
AIRG,에어게인,7.130000114440918,2.3,1.96,6.0,25.02
WKEY,와이즈키 인터내셔널 홀딩 AG ADR,9.039999961853027,-5.03,1.97,12.03,20.05
XELB,엑셀 브랜즈,2.2200000286102295,3.59,1.97,9.03,21.37
TXN,텍사스 인스트루먼트,305.67999267578125,-0.82,1.98,17.87,31.63
MCRI,모나크 카지노 & 리조트,120.26000213623047,1.47,1.99,9.8,17.52
RVSB,리버뷰 뱅코프,5.579999923706055,0.18,1.99,1.34,3.09
KLIC,쿨리크 & 소파 인더스트리스,101.88999938964844,-0.75,2.02,16.7,34.21
GSAT,글로벌스타,84.20999908447266,1.44,2.07,6.61,21.12
VYNE,바인 테라퓨틱스,0.6872000098228455,1.07,2.1,6.08,11.22
SFST,서던 퍼스트 뱅크셰어스,57.77000045776367,1.66,2.11,2.35,3.22
FSBC,파이브 스타 뱅코프,42.22999954223633,1.25,2.13,4.25,6.53
SVAC,스프링 밸리 애퀴지션 III,10.739999771118164,1.53,2.14,2.82,2.43
SBLK,스타 벌크 캐리어스,27.25,1.59,2.16,8.26,13.0
VIR,버 바이오테크놀로지,9.539999961853027,5.11,2.17,0.72,9.03
MYRG,MYR 그룹,465.05999755859375,1.76,2.18,22.49,44.94
ALLR,얼라러티 테라퓨틱스,1.5800000429153442,-2.14,2.18,11.35,28.41
TSEM,타워 세미컨덕터,255.22999572753906,-5.38,2.2,13.84,43.58
BWB,브릿지워터 뱅크셰어스,18.860000610351562,1.13,2.2,2.31,2.36
NHPAP,내셔널 헬스케어 우선주 Series A 7.375%,22.329999923706055,-0.09,2.22,5.28,10.15
NWBI,노스웨스트 뱅크셰어스,14.149999618530273,1.96,2.23,4.82,8.36
RILYZ,BRC 그룹 홀딩스 선순위 채권 5.250% 만기 2028년,19.8700008392334,0.08,2.23,8.46,15.93
RBKB,라인벡 뱅코프,16.280000686645508,3.1,2.24,2.22,6.68
DWSN,도슨 지오피지컬,3.9000000953674316,-4.67,2.24,15.35,23.61
HBT,HBT 파이낸셜,28.6299991607666,1.5,2.24,2.37,3.35
JRSH,저라쉬 홀딩스,3.424799919128418,3.17,2.26,3.7,7.1
BPYPM,브룩필드 프로퍼티 우선주 6.25%,17.450000762939453,1.45,2.29,3.88,6.93
NBTB,NBT 뱅코프,46.2400016784668,1.35,2.32,3.88,4.92
DFSC,DEFSEC 테크놀로지스,4.220099925994873,0.17,2.34,29.39,59.08
NBN,노스이스트 뱅크,125.73999786376953,2.89,2.34,4.17,7.21
MBWM,머컨틸 은행,52.9900016784668,1.92,2.35,2.35,2.46
MBIN,머천트 뱅코프,47.13999938964844,2.31,2.36,1.97,7.62
CLBK,콜롬비아 파이낸셜,20.1299991607666,0.48,2.36,6.73,11.02
CSQ,Calamos Strategic Total Return Closed Fund,20.670000076293945,2.0,2.37,7.39,8.76
TBLD,Thornburg Income Builder Opportunities Trust,22.690000534057617,1.35,2.38,3.37,4.45
POWW,아웃도어 홀딩,2.059999942779541,0.93,2.39,1.28,4.7
CBNK,캐피털 뱅코프,31.920000076293945,1.93,2.39,2.5,4.17
ROIV,로이반트 사이언시스,29.989999771118164,0.5,2.42,4.89,9.82
FBIZ,퍼스트 비즈니스 파이낸셜 서비스,57.52000045776367,1.8,2.42,2.04,2.55
FTAI,FTAI 애비에이션,260.3399963378906,5.94,2.44,4.73,0.43
AUR,오로라 이노베이션,7.340000152587891,2.44,2.44,26.7,43.51
NEUP,뉴포리아 테라퓨틱스,5.300000190734863,2.21,2.45,5.26,14.36
ASYS,암테크 시스템즈,21.100000381469727,-0.27,2.48,13.44,33.95
SION,시오나 테라퓨틱스,42.81999969482422,4.07,2.49,6.06,9.4
TTMI,TTM 테크놀로지스,173.72000122070312,-1.89,2.51,20.89,44.53
CAC,캠던 내셔널,50.029998779296875,1.69,2.53,1.9,4.05
SEAT,비비드 싯츠,8.630000114440918,3.44,2.54,10.05,20.35
PYPD,폴리피드,4.730000019073486,-1.48,2.55,3.25,5.85
LAMR,라마 애드버타이징,152.4600067138672,0.92,2.56,8.62,11.92
OVID,오비드 테라퓨틱스,2.7300000190734863,8.76,2.59,4.28,25.17
THFF,퍼스트 파이낸셜,69.18000030517578,1.5,2.62,4.27,6.23
SILO,사일로 파마,0.4171000123023987,4.32,2.66,-2.96,9.56
TSAT,텔레샛,54.209999084472656,0.52,2.67,12.3,36.49
ELVR,엘레브라 리튬,92.63999938964844,7.21,2.67,15.8,39.78
PEBK,피플스 뱅코프 오브 노스캐롤라이나,42.099998474121094,0.83,2.68,2.55,6.64
VLGEA,빌리지 슈퍼 마켓,46.459999084472656,0.32,2.68,5.47,12.31
CBC,센트럴 밴컴퍼니,28.399999618530273,1.13,2.74,8.44,12.77
PMCB,파마사이트 바이오테크,0.8109999895095825,2.47,2.75,7.21,8.32
CARE,카터 뱅크셰어스,27.299999237060547,1.72,2.82,8.25,18.41
RELL,리처드슨 일렉트로닉스,16.764999389648438,-1.43,2.84,11.25,24.66
BUSE,퍼스트 뷰지,27.3700008392334,2.02,2.88,3.86,5.86
DRH,다이아몬드락 하스피탈리티,10.989999771118164,1.72,2.89,6.75,10.8
VLY,밸리 내셔널 뱅코프,13.770000457763672,2.69,2.89,4.72,7.39
KRYS,크리스탈 바이오텍,309.0299987792969,2.13,2.89,10.42,12.71
ROKU,로쿠,130.17999267578125,2.96,2.92,13.05,23.66
NCEL,뉴셀X,3.440000057220459,4.31,2.95,5.51,16.38
CMPR,심프레스,98.55999755859375,-1.32,2.95,13.71,22.31
CADL,캔델 테라퓨틱스,8.300000190734863,3.3,2.97,23.16,35.76
HPK,하이피크에너지,7.099999904632568,-3.47,2.98,6.79,19.94
IMTX,이매틱스,11.510000228881836,3.11,3.03,5.76,11.47
KRNT,코닛 디지털,16.1299991607666,6.72,3.06,3.78,7.56
GSBC,그레이트 서던 뱅코프,71.75,2.2,3.06,5.89,10.29
KDP,큐리그 닥터 페퍼,30.030000686645508,2.31,3.09,7.3,6.75
PRAX,프락시스 프리시젼 메디신,349.9700012207031,2.22,3.12,6.24,8.53
PDFS,PDF 솔루션스,48.83000183105469,6.0,3.12,12.7,28.59
XBIO,제네틱 바이오사이언스,3.1500000953674316,4.44,3.16,1.41,12.41
FNWB,퍼스트 노스웨스트 뱅코프,9.989999771118164,2.76,3.18,2.22,2.95
UCTT,울트라 클린 홀딩스,85.56999969482422,2.2,3.19,10.05,32.13
TIGO,밀리콤 인터내셔널 셀룰러,85.36000061035156,2.28,3.21,4.27,14.98
GLUE,몬테 로사 테라퓨틱스,19.709999084472656,5.09,3.23,6.9,5.09
FIVE,파이브 빌로우,227.36000061035156,3.59,3.27,0.65,4.71
JAZZ,재즈 파마슈티컬스,236.49000549316406,0.17,3.27,12.75,23.33
LQDT,리퀴디티 서비스,36.209999084472656,3.98,3.29,7.23,11.67
CGNX,코그넥스,65.8499984741211,1.71,3.29,13.98,24.79
AXSM,액섬 테라퓨틱스,234.47999572753906,1.15,3.3,17.24,25.59
IBKR,인터랙티브 브로커스 그룹,86.97000122070312,3.6,3.31,11.26,15.9
LAKE,레이크랜드 인더스트리스,10.710000038146973,1.38,3.31,6.8,12.8
EXEL,엑셀리시스,50.47999954223633,0.9,3.32,9.24,13.28
BFST,비즈니스 퍼스트 뱅크셰어스,28.479999542236328,2.48,3.32,2.34,2.71
CCD,Calamos Dynamic Convertible And Income Closed Fund,25.520000457763672,4.29,3.35,7.18,10.35
CHY,Calamos Convertible and High Income Closed Fund,13.199999809265137,3.69,3.38,7.95,10.26
AVT,에이브이넷,86.93000030517578,1.8,3.38,14.28,27.05
CHI,Calamos Convertible Opportunities and Income Closed Fund,12.770000457763672,3.93,3.38,7.09,10.04
CIVB,시비스타 뱅크셰어스,25.899999618530273,2.27,3.38,5.9,8.39
KALU,카이저 알루미늄,182.0399932861328,3.96,3.4,14.07,27.32
TFSL,TFS 파이낸셜,15.90999984741211,1.12,3.42,6.29,9.07
XMAX,,8.550000190734863,3.19,3.45,9.83,22.53
FISI,파이낸셜 인스티튜션스,36.22999954223633,2.74,3.5,6.15,9.0
OPRA,오페라 ADR,18.780000686645508,5.54,3.53,11.33,22.65
BWEN,브로드윈드 에너지,3.4609999656677246,-5.83,3.56,18.44,29.55
ADAM,아다마스 트러스트,9.199999809265137,2.69,3.63,11.39,12.6
LCNB,LCNB,16.850000381469727,1.78,3.64,2.06,1.45
LFUS,리틀휴즈,466.8699951171875,2.59,3.65,13.96,26.36
EDRY,유로드라이,22.81999969482422,1.12,3.66,6.81,18.09
CABA,카발레타 바이오,3.7799999713897705,5.73,3.66,15.53,23.17
WATT,에너거스,27.5,2.84,3.76,6.79,48.0
LGND,리간드 파마슈티컬스,231.9600067138672,3.74,3.76,6.09,12.09
CGO,Calamos Global Total Return Closed Fund,14.039999961853027,3.11,3.77,7.34,12.26
QQQX,Nuveen Nasdaq 100 Dynamic Overwrite Fund,31.75,3.54,3.79,7.71,11.06
LBTYK,리버티 글로벌 Class C,12.15999984741211,3.2,3.83,3.17,4.62
TXRH,텍사스 로드하우스,180.6199951171875,1.04,3.86,7.29,3.37
ERIC,텔레폰악티에볼라예트 에릭슨 ADR,13.0600004196167,0.15,3.89,8.85,13.79
MAR,메리어트 인터내셔널,375.6000061035156,1.47,3.9,5.66,9.67
UNTY,유니티 뱅코프,55.86000061035156,2.3,3.93,4.08,4.83
WSC,윌스콧 홀딩스,25.729999542236328,4.17,3.97,15.99,20.22
AGIO,애지오스 파마슈티컬스,29.399999618530273,2.69,3.99,-1.89,1.38
TILE,인터페이스,29.600000381469727,2.36,4.02,6.63,1.46
VNET,브이넷 그룹 ADR,10.079999923706055,-0.89,4.05,11.23,1.36
LBTYA,리버티 글로벌 Class A,12.510000228881836,3.41,4.1,3.31,5.29
ROST,로스 스토어스,231.72999572753906,3.76,4.1,3.41,9.46
ALRS,앨러루스 파이낸셜,28.579999923706055,1.97,4.1,9.51,13.35
CDXS,코덱시스,2.7149999141693115,4.08,4.11,7.63,39.68
SYPR,사이프리스 솔루션스,3.2985999584198,7.87,4.14,-0.64,1.31
ADTN,애드트랜 홀딩스,16.549999237060547,4.24,4.14,6.56,30.02
NBIX,뉴로크린 바이오사이언시스,158.3000030517578,1.27,4.16,12.49,16.24
RBCAA,리퍼블릭 뱅코프,80.94999694824219,2.59,4.21,7.36,10.72
MRDN,메리디안 홀딩스,11.75,7.73,4.25,23.06,33.58
TNYA,테나야 테라퓨틱스,0.8867999911308289,9.88,4.31,11.82,16.34
CHRW,CH 로빈슨 월드와이드,178.64999389648438,2.21,4.32,3.67,0.92
WEST,웨스트락 커피,8.029999732971191,-2.22,4.33,26.92,47.2
HST,호스트 호텔스 & 리조트,22.979999542236328,2.14,4.33,9.28,14.42
CZR,시저스 엔터테인먼트,29.049999237060547,2.97,4.36,5.12,13.72
FGBI,퍼스트 개런티 뱅크셰어스,9.680000305175781,3.54,4.38,3.42,7.73
SLDB,솔리드 바이오사이언스,7.340000152587891,8.89,4.39,-1.41,5.84
MNST,몬스터 베버리지,88.08000183105469,0.7,4.46,10.07,10.05
IOSP,이노스펙,82.94000244140625,3.61,4.47,7.29,6.83
MIDD,미들비,155.00999450683594,4.7,4.62,7.65,4.51
CDNS,케이던스 디자인 시스템즈,374.92999267578125,3.6,4.63,15.03,20.17
ZD,지프 데이비스,45.06999969482422,4.33,4.64,2.66,12.75
ASML,ASML 홀딩 ADR,1612.760009765625,3.01,4.66,9.1,12.59
VC,비스티온,118.29000091552734,4.74,4.67,12.34,19.0
PDLB,폰스 파이낸셜 그룹,18.8799991607666,2.62,4.68,6.69,10.39
SHBI,쇼어 뱅크셰어스,20.65999984741211,3.53,4.69,6.1,8.13
WILC,G 윌리 푸드 인터내셔널,36.900001525878906,3.05,4.71,17.08,24.09
KLAC,KLA,1921.7099609375,2.88,4.73,8.98,18.87
SAIA,사이아,472.3699951171875,1.98,4.73,11.22,19.57
FLWS,1-800 플라워스닷컴,4.480000019073486,4.09,4.75,11.3,17.63
MTC,MMTEC,6.610000133514404,9.23,4.78,6.32,27.7
IPHA,이네이트 파르마 ADR,1.809999942779541,-5.38,4.81,11.8,12.54
TER,테라다인,374.30999755859375,5.18,4.85,5.51,17.78
TACHU,Titan Acquisition Units,10.979999542236328,4.63,4.85,4.74,4.69
IPM,인텔리전트 프로텍션 매니지먼트,1.9982000589370728,3.12,4.87,8.61,12.68
AAPL,애플,312.05999755859375,2.09,4.88,11.41,15.96
TRST,트러스트코 은행 N Y,51.810001373291016,2.94,4.9,9.35,13.25
CHW,Calamos Global Dynamic Income Closed Fund,9.119999885559082,4.71,4.9,11.06,13.52
FIZZ,내셔널 베버리지,36.9900016784668,3.63,4.95,6.86,5.95
NWPX,NWPX 인프라스트럭처,117.95999908447266,3.7,4.95,21.93,39.62
FFIV,F5,383.45001220703125,-0.08,4.97,15.98,26.36
MKSI,MKS,324.260009765625,3.01,4.99,14.71,26.14
LIVN,리바노바,73.80000305175781,0.75,5.04,10.11,12.07
KYIV,키이우스타 그룹,14.279999732971191,2.02,5.05,16.04,18.63
NOVTU,Novanta Tangible Equity Units,66.94000244140625,0.95,5.07,12.58,12.92
SIFY,사이피 테크놀러지 ADR,16.81999969482422,3.29,5.08,12.21,13.47
CODA,코다 옥토퍼스 그룹,12.510000228881836,4.26,5.1,2.78,1.45
AMAT,어플라이드 머티어리얼즈,450.05999755859375,3.55,5.1,11.33,20.62
ACHV,어치브 라이프 사이언스,5.239999771118164,8.6,5.1,21.02,18.24
EGBN,이글 뱅코프,27.290000915527344,4.53,5.11,4.44,5.54
PSMT,프라이스스마트,169.99000549316406,2.56,5.21,6.89,10.76
FDMT,4D 몰레큘러 테라퓨틱스,9.90999984741211,12.46,5.29,3.88,8.78
NTLA,인텔리아 테라퓨틱스,14.069999694824219,8.79,5.31,4.02,6.13
PRSO,페라소,1.0901000499725342,4.41,5.32,6.66,2.16
VEON,베온 ADR,56.13999938964844,0.4,5.34,8.12,6.57
NDLS,누들스,12.600000381469727,8.3,5.37,13.67,48.9
LXRX,렉시콘 파마슈티컬스,2.180000066757202,0.37,5.39,16.52,30.62
GIII,G-III 어패럴 그룹,32.33000183105469,5.57,5.39,7.35,8.71
LNTH,랜티우스 홀딩스,99.30000305175781,2.21,5.4,13.61,25.36
LILA,리버티 라틴 아메리카 Class A,8.09000015258789,5.78,5.42,1.26,2.11
PLPC,프리폼드 라인 프로덕츠,369.82000732421875,4.11,5.45,11.54,25.65
KPRX,키오라 파마슈티컬스,2.7300000190734863,2.48,5.57,10.8,20.0
WHWK,화이트호크 테라퓨틱스,4.639999866485596,3.07,5.57,11.67,26.21
CCEC,캐피털 클린 에너지 캐리어스,22.239999771118164,2.26,5.64,9.05,5.85
AVGO,브로드컴,446.7699890136719,5.85,5.64,13.01,23.59
HYPD,하이페리온 디파이,3.8889000415802,7.86,5.71,3.27,8.06
NXPI,NXP 세미콘덕터,321.3500061035156,3.1,5.77,25.04,34.52
RAPP,라포르 테라퓨틱스,39.5,5.34,5.8,10.31,23.94
DGII,디지 인터내셔널,66.80000305175781,2.97,5.85,14.94,27.5
TAVI,타비아 애퀴지션,11.279999732971191,5.46,5.88,5.76,6.52
RVMD,레볼루션 메디신,157.47999572753906,4.09,5.97,20.4,35.2
NEXN,넥슨 인터내셔널,8.399999618530273,2.6,6.1,12.83,20.62
ENGS,에너지스 그룹,1.5399999618530273,0.98,6.13,14.41,33.69
PKOH,파크-오하이오 홀딩스,32.560001373291016,4.05,6.19,14.93,22.66
DNTH,다이안서스 테라퓨틱스,93.01000213623047,5.98,6.2,6.01,28.21
IAC,IAC,44.88999938964844,6.51,6.21,5.83,12.44
SPRO,스페로 테라퓨틱스,2.825000047683716,2.37,6.21,5.27,12.27
CACC,크레디트 억셉턴스,573.6400146484375,3.53,6.29,13.66,17.06
ETOR,이토로 그룹,41.97999954223633,4.68,6.33,15.38,26.5
HSTM,헬스스트림,24.969999313354492,3.82,6.33,13.18,15.87
RPRX,로열티 파마,55.7599983215332,3.93,6.38,10.29,18.04
LEGH,레가시 하우징,24.010000228881836,3.54,6.39,9.84,12.16
SMSI,스미스 마이크로 소프트웨어,0.8899999856948853,9.2,6.4,10.83,25.35
CNXN,PC 커넥션,69.58999633789062,5.49,6.4,8.89,11.81
AIP,아테리스,35.95000076293945,0.92,6.42,33.32,69.6
TVTX,트래버 테라퓨틱스,47.18000030517578,5.46,6.47,21.34,39.41
CLMT,칼루멧,35.470001220703125,6.2,6.48,7.35,20.2
TITN,타이탄 머시너리,21.81999969482422,9.18,6.52,10.07,16.55
NUVL,뉴베일런트,110.38999938964844,6.06,6.52,6.55,7.77
AVBP,어라이번트 바이오파마,30.270000457763672,10.21,6.55,9.59,20.5
KTCC,키 트로닉,3.4100000858306885,5.34,6.6,10.39,14.08
ATLC,아틀란티쿠스 홀딩스,86.22000122070312,3.89,6.63,18.31,35.78
SCSC,스캔소스,46.27000045776367,5.19,6.76,12.82,17.15
CBIO,크레센트 바이오파마,20.649999618530273,3.18,6.76,4.82,33.55
MAKO,마코 마이닝,8.699999809265137,3.76,6.77,14.28,17.89
AKAM,아카마이 테크놀로지,149.5399932861328,2.05,6.86,23.16,34.88
SIMO,실리콘 모션 테크놀로지 ADR,276.8699951171875,3.12,6.88,42.35,73.94
MOVE,코벡스,20.0,-7.73,6.89,22.44,49.72
FLXS,플렉스스틸 인더스트리스,59.70000076293945,5.69,6.97,12.82,18.0
GFS,글로벌파운드리,79.97000122070312,3.19,6.98,27.38,49.26
CENX,센추리 알루미늄,65.97000122070312,6.31,7.01,8.52,18.92
MGNX,매크로제닉스,4.125,-5.05,7.04,12.97,41.33
QMCO,퀀텀,9.510000228881836,7.58,7.04,18.98,40.12
XWIN,X맥스,8.288100242614746,1.34,7.06,11.78,23.29
NHIC,뉴홀드 인베스트먼트 III,11.449999809265137,5.71,7.06,7.51,8.73
CDNA,케어Dx,22.81999969482422,6.31,7.12,13.23,16.66
NTCT,네트스카우트 시스템즈,41.619998931884766,3.55,7.14,16.5,28.91
NOVT,노밴타,159.3300018310547,1.91,7.17,17.45,18.3
AERT,아에리스 테크놀로지,0.7526000142097473,2.34,7.2,18.77,45.42
WRLD,월드 억셉턴스,165.08999633789062,3.21,7.26,10.67,17.32
RLAY,릴레이 테라퓨틱스,14.050000190734863,5.54,7.29,4.67,25.65
BDSX,바이오데식스,15.989999771118164,6.18,7.31,14.39,15.12
FA,퍼스트 어드밴티지,16.0,4.34,7.32,19.85,26.66
COLM,컬럼비아 스포츠웨어,66.18000030517578,5.58,7.36,10.29,11.84
MIMI,민트,3.305000066757202,-1.18,7.38,6.46,6.47
TEAD,티즈 홀딩,1.1399999856948853,-0.61,7.42,23.52,37.37
HOVR,뉴 호라이즌 에어크래프트,2.7049999237060547,1.22,7.46,19.8,31.76
KPTI,카료팜 테라퓨틱스,9.279999732971191,10.15,7.52,12.1,16.33
POLA,폴라 파워,2.0250000953674316,3.08,7.56,8.96,17.31
CEVA,세바,39.97999954223633,2.64,7.61,35.11,58.45
ZVRA,제브러 테라퓨틱스,11.59000015258789,8.66,7.61,12.95,20.4
SIRI,시리우스 XM 홀딩스,29.520000457763672,4.83,7.73,13.11,24.42
QRVO,코보,103.55999755859375,2.93,7.76,16.12,21.97
AOSL,알파 앤 오메가 세미콘덕터,45.349998474121094,5.74,7.77,27.39,58.51
PLSE,펄스 바이오사이언스,25.0,-1.23,7.77,11.6,21.09
ALOT,아스트로노바,15.6899995803833,7.08,7.83,15.38,38.09
MLTX,문레이크 이뮤노테라퓨틱스,19.18000030517578,7.41,7.86,8.44,11.42
RDWR,라드웨어,30.34000015258789,4.67,7.89,12.26,17.04
TECX,텍토닉 테라퓨틱,31.170000076293945,7.21,7.9,5.7,14.52
BTSGU,BrightSpring Health Services Units,202.02000427246094,3.71,7.93,19.09,33.4
PDEX,프로-덱스,65.17500305175781,2.36,7.95,14.54,30.43
HON,허니웰 인터내셔널,237.86000061035156,5.68,8.08,6.24,4.19
SWKS,스카이웍스 솔루션스,77.8499984741211,2.31,8.11,19.25,26.26
SOTK,소노-테크,5.420000076293945,6.0,8.19,14.06,22.54
USEA,유나이티드 마리타임,2.559999942779541,4.58,8.25,13.37,22.47
CAKE,치즈케익 팩토리,66.04000091552734,6.59,8.26,9.82,9.68
ELTX,엘리시오 테라퓨틱스,11.34000015258789,10.36,8.27,3.03,8.26
FRD,프리드먼 인더스트리스,23.3799991607666,6.15,8.35,13.66,19.44
CRNT,세라콘 네트웍스,2.859999895095825,6.4,8.42,11.37,18.72
NYAX,나약스,75.80999755859375,9.72,8.46,16.04,23.91
SANM,산미나,259.7300109863281,6.36,8.46,30.63,50.29
GTX,가렛 모션,32.7599983215332,1.72,8.48,31.85,50.44
ON,온 세미콘덕터,120.62000274658203,3.91,8.49,30.15,54.97
NVEC,NVE,97.94000244140625,7.77,8.49,17.69,29.7
VACHU,Voyager Acquisition Units,14.5,4.17,8.53,16.75,22.61
LRCX,램 리서치,318.17999267578125,5.58,8.55,18.37,28.62
PSNY,폴스타 오토모티브 홀딩 UK ADR,23.079999923706055,3.97,8.56,15.14,20.68
LOCO,엘 폴로 로코 홀딩스,14.869999885559082,6.2,8.58,7.12,18.03
ATAI,아타이버클리,4.53000020980835,6.8,8.59,11.92,16.99
DNLI,디날리 테라퓨틱스,21.040000915527344,8.75,8.61,8.06,6.17
SPCB,슈퍼컴,11.859999656677246,6.41,8.64,16.92,27.37
APYX,에이픽스 메디컬,4.146599769592285,2.99,8.68,8.01,10.72
IOVA,이오밴스 바이오테라퓨틱스,4.099999904632568,6.44,8.68,11.96,19.22
SGC,슈페리어 유니폼 그룹,12.970000267028809,6.23,8.7,11.65,19.42
ICCC,이뮤셀,10.149999618530273,-0.04,8.73,17.93,35.57
JBHT,J.B 헌트 운송 서비스,276.42999267578125,4.37,8.78,13.63,20.89
MRTN,마텐 트랜스포트,17.239999771118164,3.62,8.79,14.54,23.74
WULF,테라울프,25.559999465942383,8.28,8.82,24.87,45.5
CBRL,크래커 배럴 올드 컨트리 스토어,33.81999969482422,6.03,8.87,11.59,10.08
COHU,코후,52.75,9.23,8.87,22.9,46.15
BTSG,브라이트스프링 헬스 서비스,61.68000030517578,4.67,8.9,20.54,35.29
SATL,스텔로직,9.510000228881836,-3.82,9.03,22.17,66.55
EXTR,익스트림 네트웍스,26.510000228881836,5.32,9.05,28.27,50.25
STGW,스태그웰,7.010000228881836,7.19,9.15,7.58,15.46
ESLT,엘빗 시스템즈,880.8900146484375,9.61,9.15,4.98,9.38
ATRO,아스트로닉스,87.0,4.99,9.17,15.99,16.55
ARKO,아르코,7.760000228881836,4.27,9.22,17.58,25.93
CGEM,컬리넌 테라퓨틱스,16.440000534057617,9.82,9.22,14.1,19.91
BEAM,빔 테라퓨틱스,32.93000030517578,12.81,9.33,15.42,17.08
IPX,이페리온엑스 ADR,41.36000061035156,10.67,9.33,23.68,7.29
STLD,스틸 다이내믹스,260.1499938964844,7.9,9.35,20.29,30.27
GHRS,GH 리서치,23.989999771118164,7.42,9.35,25.17,38.59
BLMN,블루민 브랜즈,8.4399995803833,5.87,9.38,24.34,27.39
TZOO,트래블주,10.399999618530273,4.87,9.42,17.89,40.82
DFTX,데피니움 테라퓨틱스,24.190000534057617,9.17,9.45,11.64,24.9
USAR,USA 레어 어스,28.010000228881836,12.75,9.46,27.15,34.77
FIVN,파이브나인,24.350000381469727,8.47,9.5,29.2,34.53
AAON,에이에이온,140.1999969482422,2.82,9.5,28.26,38.41
WDC,웨스턴 디지털,531.2100219726562,7.43,9.54,29.59,57.46
STRL,스털링 인프라스트럭처,860.8400268554688,9.86,9.59,41.96,71.8
ITRN,이투란 로케이션 앤 콘트롤,65.55000305175781,8.65,9.64,14.81,25.79
MGTX,메이라 지티 엑스 홀딩스,10.649999618530273,10.5,9.65,13.73,26.6
HELE,헬렌 오브 트로이,27.139999389648438,7.07,9.67,28.18,40.63
TOYO,토요,14.510000228881836,-0.08,9.67,21.98,47.52
ACET,에이디셋바이오,9.069999694824219,9.87,9.8,12.0,18.08
RMBS,램버스,145.4600067138672,4.6,9.86,17.76,28.87
APLD,어플라이드 디지털,47.279998779296875,6.78,10.01,34.47,42.15
SYNA,시냅틱스,137.27999877929688,1.94,10.1,34.34,48.92
ILPT,인더스트리얼 로지스틱스 프로퍼티,8.970000267028809,5.23,10.14,24.97,38.55
ODFL,올드 도미니언 프라이트 라인,225.14999389648438,6.11,10.18,8.49,13.79
OKUR,온큐어 테라퓨틱스,4.230000019073486,8.49,10.18,-1.24,14.88
FNKO,펀코,5.579999923706055,6.92,10.19,19.05,26.82
MARA,마라 홀딩스,14.380000114440918,6.81,10.23,25.55,40.46
STX,씨게이트,879.7999877929688,8.34,10.27,36.53,70.07
WERN,웨너 엔터프라이즈,41.5099983215332,4.5,10.3,19.02,23.16
AUDC,오디오코드,9.739999771118164,7.72,10.36,6.95,14.57
CAR,에이비스 버짓 그룹,175.83999633789062,9.4,10.43,-18.63,8.07
PRTH,프라이오리티 테크놀러지 홀딩스,6.389999866485596,7.3,10.46,19.48,17.57
SKYT,스카이워터 테크놀로지,38.97999954223633,6.56,10.46,19.12,24.85
HTLD,하트랜드 익스프레스,14.989999771118164,4.99,10.51,19.1,29.35
PXLW,픽셀웍스,7.0,3.81,10.53,13.34,15.57
INDI,인디 세미컨덕터,4.989999771118164,10.03,10.56,28.11,34.1
XOS,엑소스,2.242000102996826,4.56,10.57,16.27,9.36
JBLU,제트블루 에어웨이스,5.46999979019165,9.71,10.62,10.08,7.62
ASTL,알고마 스틸 그룹,5.619999885559082,9.15,10.62,18.09,23.37
PLUG,플러그 파워,3.950000047683716,5.45,10.63,27.46,51.6
IMVT,이뮤노반트,33.29999923706055,4.65,10.68,18.14,23.03
DGXX,디지 파워 X,7.809999942779541,0.48,10.69,66.88,115.12
CABR,케어링 브랜즈,1.1122000217437744,6.32,10.7,2.52,10.62
FLY,파이어플라이 에어로스페이스,46.4900016784668,-2.18,10.71,21.41,50.09
PPSI,파이어니어 파워 솔루션스,5.079999923706055,0.89,10.72,29.26,32.05
CD,체인스 디지털 홀딩스,8.229999542236328,-7.12,10.81,40.01,48.96
CPIX,컴벌랜드 파마슈티컬스,5.75,0.97,10.89,25.46,39.29
VSAT,비아샛,80.62000274658203,5.13,10.9,25.74,47.29
GRWG,그로우제너레이션,1.75,1.51,10.94,22.55,34.51
BJRI,비제이스 레스토랑,47.04999923706055,5.86,11.06,17.9,18.27
OMDA,오마다 헬스,17.969999313354492,7.32,11.13,23.53,27.44
PETZ,TDH 홀딩스,1.149999976158142,5.31,11.22,6.63,3.47
ARCB,아크베스트,136.69000244140625,7.5,11.24,16.49,28.13
ELVA,일렉트로바야,11.6899995803833,9.47,11.29,22.73,28.63
AYA,아야 골드 앤 실버,21.0,14.31,11.34,19.27,20.74
MRVI,마라바이 라이프사이언시스 홀딩스,4.800000190734863,9.22,11.49,27.15,35.0
PENN,펜 엔터테인먼트,18.829999923706055,8.86,11.52,15.66,25.26
OCC,옵티컬 케이블,13.045000076293945,5.61,11.56,11.74,46.41
TOI,온콜로지 인스티튜트,4.690000057220459,6.74,11.57,25.87,41.78
LSTR,랜드스타 시스템,206.89999389648438,7.46,11.59,16.07,25.08
CSCO,시스코 시스템즈,120.41999816894531,1.84,11.65,24.93,37.86
SMTC,셈텍,152.5399932861328,2.34,11.73,34.5,55.41
WHLRP,휠러 리얼 에스테이트 인베스트 우선주 시리즈 B 9.000%,8.09000015258789,10.99,11.74,9.29,14.46
CORZ,코어 사이언티픽,26.850000381469727,6.49,11.79,27.89,40.69
LINE,리니지,44.40999984741211,8.33,11.87,18.54,18.5
LSCC,래티스 세미컨덕터,147.0800018310547,6.47,11.96,23.6,41.74
ATEX,안테릭스,64.0199966430664,4.64,12.0,30.11,56.82
TUSK,매머드 에너지서비스,3.3980000019073486,4.24,12.06,19.07,31.51
CIFR,사이퍼 디지털,23.649999618530273,8.67,12.17,28.39,39.26
TRNS,트랜스캣,84.5199966430664,12.03,12.19,10.02,14.37
POWI,파워 인티그레이션,84.0,10.29,12.28,26.64,49.34
PTRN,패턴 그룹,18.790000915527344,4.13,12.28,27.93,41.15
BCBP,BCB 뱅코프,11.25,11.06,12.33,13.17,23.89
CGNT,코그나이트 소프트웨어,11.569999694824219,12.75,12.35,20.33,31.1
HLIT,하모닉,15.109999656677246,5.19,12.41,29.36,39.36
QUBT,퀀텀 컴퓨팅,11.960000038146973,8.71,12.46,29.04,31.3
KRRO,코로 바이오,13.34000015258789,12.88,12.47,4.12,9.21
DRTS,알파 타우 메디컬,10.829999923706055,3.27,12.49,26.71,38.34
KOPN,코핀,5.710000038146973,9.91,12.55,44.96,80.01
DAVE,데이브,282.55999755859375,13.68,12.59,21.06,33.17
MITK,마이텍 시스템즈,17.18000030517578,9.69,12.6,16.39,25.52
IREN,아이렌,63.540000915527344,10.71,12.65,30.18,35.06
FABC,패브릭 AI,5.244999885559082,1.44,12.73,41.39,69.23
CRBU,카리부 바이오사이언시스,2.3499999046325684,8.7,12.74,12.12,23.36
IART,인테그라 라이프사이언시스 홀딩스,16.040000915527344,6.17,12.75,33.17,39.49
AFCG,어드반스드 플라워 캐피털,3.7298998832702637,4.06,12.85,18.81,34.33
ILMN,일루미나,162.9600067138672,10.56,12.86,20.18,23.02
DRS,레오나르도 DRS,48.7599983215332,8.48,12.93,11.24,13.51
CROX,크록스,118.66999816894531,9.37,12.99,18.35,27.01
SRTA,스트라타 크리티컬 메디컬,6.309999942779541,7.94,13.15,25.87,29.01
VCYT,베라사이트,46.34000015258789,5.29,13.25,27.01,27.17
RNW,리뉴 에너지 글로벌,6.389999866485596,9.62,13.26,20.54,20.12
RIOT,라이엇 플랫폼즈,27.110000610351562,8.52,13.28,37.86,54.09
POCI,프리시전 옵틱스,5.539999961853027,7.18,13.35,19.24,19.33
NAVN,나반,21.3700008392334,10.55,13.37,30.11,55.49
HIMX,하이맥스 테크놀로지스 ADR,20.56999969482422,3.07,13.4,47.78,86.51
QURE,유니큐어,28.530000686645508,12.36,13.4,36.19,38.76
CMMB,키모맵 테라퓨틱스 ADR,2.0399999618530273,9.03,13.46,15.86,19.1
MRVL,마벨 테크놀로지 그룹,205.0,7.18,13.63,32.45,72.79
PUBM,퍼브매틱,11.680000305175781,11.4,13.67,20.3,35.57
DXCM,덱스컴,73.73999786376953,5.73,13.7,14.6,9.68
LIND,린드블라드 익스퍼디션스 홀딩스,22.950000762939453,11.52,13.8,18.15,22.42
ALKS,앨커미스,42.189998626708984,11.04,13.95,20.45,27.07
CAEP,캔터 에퀴티 파트너스 III,12.109999656677246,11.5,14.05,14.56,16.42
NSYS,노테크 시스템즈,15.25510025024414,13.17,14.12,11.94,32.06
CNTX,콘텍스트 테라퓨틱스,2.809999942779541,9.55,14.16,12.54,11.49
GRPN,그루폰,20.229999542236328,6.56,14.21,33.09,42.85
RUM,럼블,9.1899995803833,11.1,14.25,35.6,48.06
OM,아웃셋 메디컬,4.849999904632568,10.03,14.27,12.57,19.06
CERS,세러스,3.0399999618530273,12.09,14.41,32.12,34.57
FLEX,플렉스,150.77999877929688,9.77,14.42,45.21,80.37
CLFD,클리어필드,47.220001220703125,5.09,14.51,36.67,45.02
LOGI,로지텍 인터내셔널,121.87000274658203,11.91,14.6,19.94,26.51
AVR,안테리스 테크놀로지스 글로벌,8.619999885559082,1.32,14.76,29.74,37.52
NNBR,NN,2.940000057220459,11.32,14.91,24.58,50.96
SEGG,스포 엔터,1.8799999952316284,0.27,14.95,52.07,55.76
OSPN,원스팬,14.4399995803833,9.78,14.99,22.52,25.51
MKDW,MKD웰 테크,8.779999732971191,9.13,15.03,13.47,68.22
LQDA,리퀴디아,61.86000061035156,2.31,15.12,38.0,50.13
LCUT,라이프타임 브랜즈,8.699999809265137,3.01,15.21,18.92,57.74
BLZE,백블레이즈,8.279999732971191,9.29,15.29,54.22,73.24
FCEL,퓨얼셀 에너지,21.65999984741211,-2.52,15.39,62.55,105.64
ALNT,얼라이언트,79.16000366210938,17.56,15.75,14.44,18.9
TWST,트위스트 바이오사이언스,66.87000274658203,14.02,15.87,20.0,32.57
LPRO,오픈 렌딩,2.25,7.6,15.92,23.02,35.75
ENLT,엔라이트 리뉴어블 에너지,107.41999816894531,13.91,16.0,26.78,44.08
PCT,퓨어사이클 테크놀러지,12.390000343322754,1.22,16.01,46.85,46.91
MAAS,마스,11.890000343322754,8.57,16.14,33.82,61.66
RXT,랙스페이스 테크놀로지,5.170000076293945,9.04,16.17,79.65,150.13
PSIG,PS 인터내셔널 그룹,8.529999732971191,8.65,16.18,21.54,36.27
NBIS,네비우스 그룹,231.08999633789062,9.11,16.26,39.53,75.21
SEZL,세즐,118.1500015258789,8.98,16.43,39.69,55.61
RLYB,랠리바이오,17.05500030517578,14.16,16.7,43.07,80.11
SNDK,샌디스크,1694.97998046875,12.6,16.72,48.54,96.15
WYFI,화이트파이버,29.739999771118164,5.33,16.72,54.98,61.72
NVAX,노바백스,10.970000267028809,12.87,16.85,23.65,21.3
EDIT,에디타스 메디신,3.4600000381469727,18.57,16.94,18.94,39.46
IRDM,이리디움 커뮤니케이션스,51.779998779296875,9.47,17.0,29.78,65.96
ULBI,울트라라이프,7.6992998123168945,13.01,17.16,11.49,17.79
STFS,스타 패션 컬처 홀딩스,10.380000114440918,13.79,17.25,50.17,89.21
VICR,비코,334.8399963378906,14.58,17.26,40.27,65.97
AMD,AMD(어드밴스드 마이크로 디바이시스),516.0999755859375,10.81,17.27,46.86,82.83
XMTR,조메트리,95.29000091552734,5.07,17.3,53.25,67.04
OSS,OSS(원 스탑 시스템),18.18000030517578,7.58,17.58,50.34,68.88
CCSI,콘센서스 클라우드 솔루션스,34.349998474121094,16.42,17.6,23.17,26.26
FTNT,포티넷,137.97000122070312,6.14,17.61,38.16,52.22
ADUR,아듀로 클린 테크놀로지스,16.850000381469727,12.64,17.73,32.75,36.84
MNTK,몬탁 리뉴어블스,1.8200000524520874,11.93,17.76,26.13,22.93
CYRX,크라이오포트,15.6899995803833,11.52,18.33,37.66,54.74
QCOM,퀄컴,251.02000427246094,12.5,18.45,43.13,57.91
BGDE,빅 디지털 에너지,7.244999885559082,14.72,18.57,25.49,62.58
CLOV,클로버 헬스 인베스트먼츠,3.9800000190734863,9.16,19.57,48.23,64.63
TOMZ,토미 인바이런먼털 솔루션스,0.9501000046730042,14.19,19.66,29.62,34.19
CHRN,크로노스케일,18.360000610351562,13.05,19.72,42.57,59.57
MRCY,머큐리 시스템즈,111.69999694824219,13.5,19.75,30.12,28.58
NXT,넥스트파워,156.39999389648438,16.42,19.98,24.04,31.59
FROG,제이프로그,79.4800033569336,10.36,20.04,40.27,53.11
IMUX,이뮤닉,15.020000457763672,13.72,20.18,26.76,41.4
YMAT,J스타 홀딩,1.0,4.38,20.31,57.33,95.56
BLRX,바이오라인 RX ADR,3.7699999809265137,18.67,20.39,31.18,32.44
SAFX,XCF 글로벌,0.5350000262260437,19.9,20.52,11.92,48.26
CRDO,크레도 테크놀로지 그룹 홀딩,236.02999877929688,18.4,20.75,41.21,63.85
NVTS,나비타스 세미컨덕터,26.600000381469727,5.21,20.96,57.36,104.78
IMSR,테레스트리얼 에너지,9.130000114440918,21.65,21.12,25.07,18.68
NSIT,인사이트 엔터프라이지즈,106.37999725341797,10.33,21.31,32.83,30.45
LOBO,로보 테크놀로지스,0.7998999953269958,12.7,21.36,24.35,34.01
TACT,트랜스액트 테크놀로지스,4.559999942779541,11.68,21.49,23.58,26.97
RKLB,로켓 랩,143.47999572753906,5.22,21.5,51.11,68.78
HUT,헛 8,124.83000183105469,15.7,21.77,51.86,84.59
BAND,밴드위스,64.97000122070312,11.7,21.86,74.06,150.51
PODC,포드캐스톤,4.940000057220459,9.66,21.87,41.95,63.52
PENG,펭귄 솔루션스,55.83000183105469,9.96,21.98,59.9,106.72
BZFD,버즈피드,1.6640000343322754,-0.98,22.19,48.24,74.91
LTRN,랜턴 파마,3.4800000190734863,4.38,22.23,31.47,33.36
RRGB,레드 로빈 고메 버거스,5.03000020980835,11.11,22.31,24.91,30.41
TENB,테너블 홀딩스,28.229999542236328,12.73,22.37,35.88,34.92
LIXT,릭스트 바이오테크놀로지 홀딩스,6.480000019073486,11.44,22.45,41.73,70.35
RETO,리토 에코-솔루션,2.2200000286102295,-2.46,22.48,61.48,99.06
EZRA,릴라이언스 글로벌 그룹,3.799999952316284,-3.6,22.49,115.01,282.16
FEIM,프리컨시 일렉트로닉스,75.87999725341797,16.47,22.54,31.49,40.57
SIDU,싸이더스 스페이스,4.909999847412109,4.49,22.72,25.22,52.04
QUCY,마인츠 바이오메드,2.505000114440918,-17.72,22.84,72.46,122.23
TXG,10X 제노믹스,28.30500030517578,16.14,22.91,22.82,31.59
ULCC,프론티어 그룹 홀딩스,6.050000190734863,18.4,22.99,36.02,32.5
LPTH,라이트패스 테크놀로지스,16.979999542236328,11.93,23.25,26.52,37.9
CMPS,컴퍼스패스웨이스 ADR,13.0600004196167,14.24,23.3,49.96,70.02
PANW,팔로 알토 네트웍스,281.69000244140625,11.1,23.32,41.81,54.35
CLSK,클린스파크,18.290000915527344,14.33,23.54,45.23,57.16
FBIOP,포트리스 바이오텍 우선주 시리즈 A 9.375%,19.56999969482422,10.53,23.77,27.59,39.64
GH,가단트 헬쓰,129.69000244140625,12.68,23.91,34.65,31.69
FATE,페이트 테라퓨틱스,2.7300000190734863,21.17,24.01,46.15,75.11
ABSI,앱사이,6.75,27.08,24.04,52.92,89.01
BTDR,빗디어 테크놀로지스,17.489999771118164,17.62,24.24,40.8,52.97
HUMA,휴마사이트,1.2899999618530273,19.0,24.28,40.49,34.71
DDOG,데이터도그,247.35000610351562,12.3,24.34,53.19,74.62
IPWR,아이디얼 파워,7.610000133514404,10.08,24.58,55.72,79.29
SWAG,스트란앤컴퍼니,2.299999952316284,14.09,24.68,27.42,27.57
TTRX,턴 테라퓨틱스,5.599999904632568,9.65,24.72,35.68,42.29
AIMD,에이노스,2.390000104904175,13.54,24.95,31.17,40.09
BLIN,브릿지라인 디지털,1.264799952507019,20.86,25.26,26.8,37.37
AIRJ,에어줄 테크놀로지스,4.900000095367432,15.48,25.34,34.91,42.15
OSUR,오라슈어 테크놀로지스,4.190000057220459,14.17,25.41,25.79,34.64
CRWD,크라우드 스트라이크 홀딩스,731.0,12.28,25.55,46.44,58.83
AMPG,앰플리테크 그룹,4.440000057220459,-3.31,25.6,53.85,57.0
ABCL,앱셀레라 바이오로직스,6.170000076293945,23.8,25.93,41.45,56.5
VS,버서스 시스템즈,1.5303000211715698,28.7,26.63,23.61,33.68
TSSI,TSS,16.479999542236328,33.92,26.68,22.33,39.98
EQ,이퀼리움,2.9100000858306885,22.58,26.71,29.79,45.46
INOD,이노데이터,104.9800033569336,9.7,27.6,67.72,88.36
ASTS,AST 스페이스모바일,113.41000366210938,8.42,27.88,29.32,24.15
ACMR,ACM 리서치,86.55999755859375,13.23,28.18,51.6,54.99
IMOS,칩모스 테크놀로지스 ADR,70.26000213623047,27.99,28.72,45.15,62.14
RYOJ,rYojbaba,3.4500999450683594,3.05,29.21,25.43,28.77
MU,마이크론 테크놀로지,971.0,20.34,29.21,66.51,96.66
SHLS,숄즈 테크놀로지스 그룹,12.449999809265137,17.46,29.75,46.13,48.09
KEEL,킬 인프라스트럭처,5.679999828338623,17.37,29.84,66.18,98.71
BITF,비트팜즈,5.679999828338623,17.38,29.86,66.18,98.71
CCCC,C4 테라퓨틱스,4.369999885559082,23.06,30.55,41.31,61.15
DAIO,데이터 I/O,4.151500225067139,20.36,31.29,37.14,41.57
VELO,벨로3D,24.010000228881836,10.79,31.51,57.77,68.76
LUNR,인튜이티브 머신스,43.83000183105469,18.19,32.27,51.79,86.47
ASTI,어센트 솔라 테크놀로지스,6.7600998878479,18.31,32.34,30.78,25.96
BLDP,발라드 파워 시스템즈,6.289999961853027,18.23,33.23,66.76,106.77
PPCB,프로팽 바이오파마,1.7799999713897705,-0.92,33.52,131.36,274.47
DMRC,디지마크,14.6899995803833,14.1,34.09,53.44,96.63
HIVE,하이브 디지털 테크놀로지스,4.519999980926514,16.43,35.17,65.08,74.32
LFVN,라이프밴티지,8.004500389099121,22.76,35.63,43.75,51.42
TMCI,트리스 메디컬 컨셉트,3.498300075531006,17.87,36.01,49.19,68.32
PURR,하이퍼리퀴드 스트래티지스,9.989999771118164,22.85,36.09,51.48,81.34
QXL,퀀텀 X 랩스,5.182300090789795,20.82,36.18,56.74,102.2
NRXP,NRX 파마슈티컬스,4.619999885559082,23.32,36.23,46.11,81.53
TKNO,알파 테크노바,5.460000038146973,29.05,36.41,45.29,74.41
SMCI,슈퍼 마이크로 컴퓨터,46.09000015258789,28.88,36.47,51.98,51.36
NCPL,넷캐피탈,0.9025999903678894,-2.66,36.73,65.29,64.77
ALAB,아스테라 랩스,342.8500061035156,17.38,36.75,67.21,98.41
GRRR,고릴라 테크놀로지 그룹,20.479999542236328,34.58,36.85,50.16,57.31
SPAI,세이프 프로 그룹,6.247000217437744,32.14,37.11,35.23,35.72
SLS,셀라스 라이프 사이언스 그룹,9.3100004196167,14.29,37.12,63.19,84.14
RCAT,레드 캣 홀딩스,14.5,40.18,38.84,23.39,14.48
AEVA,아에바 테크놀로지스,28.18000030517578,18.26,38.94,60.78,77.02
WETO,위투어 로보틱스,0.9700999855995178,8.11,39.11,45.68,60.65
ENPH,인페이즈 에너지,68.36000061035156,13.2,39.63,59.8,60.9
NTAP,넷앱,174.2899932861328,29.89,39.76,47.89,59.59
OUST,아우스터,46.04999923706055,23.25,39.79,64.52,88.16
INM,인메드 파마슈티컬스,1.559999942779541,0.44,39.97,60.33,67.45
ARM,암 홀딩스 ADR,353.2900085449219,25.22,41.92,65.31,112.26
FRGT,프라이트 테크놀로지스,4.239999771118164,6.55,42.07,109.96,163.24
HMR,하이드말 매리타임 홀딩스,1.5299999713897705,19.53,42.46,49.38,56.57
SEDG,솔라에지 테크놀로지스,76.3499984741211,18.15,42.57,49.51,74.03
VIVO,비보파워,6.190000057220459,20.73,42.82,58.6,104.66
OKTA,옥타,123.2699966430664,32.9,43.29,49.87,49.74
IMRN,이뮤론 ADR,1.4595999717712402,28.94,45.7,46.58,61.5
LESL,레슬리즈,3.8299999237060547,12.88,45.77,59.72,113.23
GITS,글로벌 인터랙티브 테크놀로지스,2.313999891281128,37.79,47.14,20.81,5.94
PIII,P3 헬스 파트너스,12.609999656677246,-0.39,49.44,90.75,179.14
GRDX,엔테로 테라퓨틱스,5.829999923706055,24.95,49.74,63.17,89.27
NCI,네오-콘셉트 인터내셔널 그룹 홀딩스,10.069899559020996,8.35,50.79,132.99,122.34
CPSH,CPS 테크놀러지,9.135000228881836,18.89,52.69,60.47,79.92
SLMT,브레라 홀딩스,6.514999866485596,14.58,54.35,128.18,226.67
CRSR,커세어 게이밍,12.140000343322754,44.83,54.44,70.75,91.57
HCWB,HCW 바이오로직스,2.0,-4.44,58.08,93.85,123.95
IOTR,아이오쓰리,3.7300000190734863,51.38,59.1,37.9,35.81
QTTB,Q32 바이오,11.789999961853027,43.99,71.09,71.24,97.32
QH,,5.83050012588501,52.83,73.19,128.51,282.13
FATN,팻파이프,8.149700164794922,49.59,80.96,110.32,184.76
CODX,코 다이어그노틱스,6.829999923706055,18.84,82.46,113.87,143.39
AKTX,아카리 테라퓨틱스 ADR,15.664999961853027,28.44,83.46,83.27,81.19
APPS,디지털 터빈,8.779999732971191,60.57,86.02,113.63,109.12
MNTS,모멘터스,17.4950008392334,43.62,101.57,126.84,169.39
CMND,클리어마인드 메디슨,2.809999942779541,29.1,105.45,96.9,105.52
SBFM,선샤인 바이오파마,2.579900026321411,69.0,113.93,113.94,119.3
NAKA,나카모토,5.710000038146973,16.55,124.68,176.13,386.04
NTCL,넷클래스 테크놀로지,1.055999994277954,101.8,130.22,97.49,139.73
UBXG,U-BX 테크놀로지,3.5899999141693115,36.01,143.15,110.29,104.78
PRTS,카파츠닷컴,5.598299980163574,48.85,145.37,140.98,273.7
LNAI,루나이 바이오웍스,3.0299999713897705,45.89,154.08,183.71,279.98
CUPR,커프리나 홀딩스 (Cayman),2.3499999046325684,72.57,188.76,228.49,323.12
WGRX,웰지스틱스 헬스,3.369999885559082,51.78,191.51,188.11,378.63
TBH,브래그 하우스 홀딩스,4.500100135803223,89.45,196.06,215.75,416.13
SCYX,사이넥시스,5.460000038146973,104.35,208.68,195.27,312.5
CDTG,CDT 인바이어런먼털 테크놀로지 인베스트먼트 홀딩스,5.489999771118164,83.93,233.37,282.41,519.83
SLXN,실렉시온 테라퓨틱스,4.855000019073486,134.75,274.07,207.47,202.96
ASTC,애스트로테크,36.349998474121094,152.92,324.95,229.44,426.58
DAIC,CID 홀드,4.0,141.79,333.75,339.73,570.38
JDZG,지아드,46.21500015258789,137.49,338.03,326.2,169.63
TGHL,그로우허브,2.200000047683716,324.63,404.82,314.62,388.24
ZOOZ,주즈 스트래티지,5.8480000495910645,198.61,418.03,579.53,823.78
