symbol,트리거_A,트리거_B,7일변화_%,최대body_%,최소간격_h,첫_트리거,마지막_트리거,현재_close
LABUSDT,24,2,259.98986736469266,97.78294640598682,1,05-29 14:00,06-03 19:00,16.20066
HUSDT,22,11,162.4410488587059,19.45576941310326,1,05-28 14:00,06-03 20:00,0.55648
EPICUSDT,14,3,147.6778656126482,21.282922684791835,1,05-29 22:00,06-03 19:00,0.5013
ALLOUSDT,21,4,91.32321041214749,21.025043680838685,1,05-28 23:00,06-03 00:00,0.1764
USUSDT,19,4,88.0206097037355,19.384986433524265,1,05-28 18:00,06-04 08:00,0.013137
MAGMAUSDT,6,5,74.13348946135834,12.482505831389554,1,05-30 23:00,06-04 00:00,0.44613
HOMEUSDT,10,3,54.83346872461414,14.793814432989697,2,05-31 15:00,06-03 02:00,0.03812
龙虾USDT,6,2,54.024216524216506,12.567567567567565,1,05-31 00:00,06-03 19:00,0.00865
STGUSDT,20,6,53.80434782608695,13.583617747440274,1,05-30 22:00,06-02 23:00,0.2547
WLDUSDT,7,2,53.22095123419627,7.969453691012328,2,05-30 22:00,06-04 06:00,0.509
MRVLUSDT,3,1,45.487019521030405,14.95610321315567,10,06-01 23:00,06-02 22:00,289.17
LITUSDT,7,2,44.50354609929079,8.864265927977847,1,05-29 23:00,06-03 02:00,1.63
MYXUSDT,13,8,41.262135922330096,13.524424707307228,1,05-30 13:00,06-04 07:00,0.291
PRLUSDT,7,5,37.42574257425743,13.659022931206385,3,05-28 14:00,06-04 02:00,0.2082
USELESSUSDT,5,4,35.72363636363636,6.904255319148931,1,05-30 00:00,06-03 22:00,0.09331
APRUSDT,6,4,34.10721577320189,13.015747587063272,1,05-29 23:00,06-03 11:00,0.2299
ARMUSDT,5,4,29.235080778107488,5.567099835623232,1,05-28 22:00,06-02 23:00,391.97
OPNUSDT,6,4,25.63625077591558,25.82017010935602,1,06-03 22:00,06-04 06:00,0.2024
JCTUSDT,6,4,24.021131137352388,14.501160092807439,1,05-28 21:00,06-03 06:00,0.003991
PIEVERSEUSDT,6,3,22.314061223915065,7.93512096553984,1,06-02 00:00,06-03 01:00,0.86865
SIRENUSDT,6,3,21.67042889390519,12.357289527720742,3,05-31 18:00,06-03 08:00,0.57673
SOXLUSDT,2,1,21.52745731425936,5.650173158119454,96,05-28 23:00,06-01 23:00,263.35
SMCIUSDT,4,1,18.528824950120757,7.208007735932894,6,05-28 23:00,06-02 05:00,45.15
VVVUSDT,4,3,17.683295083947343,8.597910692339216,10,06-01 11:00,06-04 06:00,19.486
ZORAUSDT,4,1,17.566241413150145,8.013937282229955,13,05-31 20:00,06-03 18:00,0.01198
ENAUSDT,3,0,16.825672159583686,9.201640135069962,1,06-03 01:00,06-04 06:00,0.10776
CUSDT,2,0,15.747756148735276,9.495896834701057,1,06-03 16:00,06-03 17:00,0.0993
XLMUSDT,6,4,15.321148226665912,10.112049963262299,3,05-28 21:00,05-31 20:00,0.20127
ARCUSDT,4,4,13.642627468994007,11.286459067211482,12,05-31 02:00,06-03 23:00,0.07422
VELVETUSDT,2,2,12.080968191067809,7.59358288770053,75,05-31 19:00,06-03 22:00,0.10465
STOUSDT,2,0,12.041884816753925,19.175815912167263,1,06-04 02:00,06-04 03:00,0.06848
JTOUSDT,4,1,11.259956553222308,6.902461826114055,1,06-02 00:00,06-02 17:00,0.6146
POETUSDT,5,1,10.473872366319304,10.222640326121043,1,06-01 22:00,06-04 02:00,14.524
INUSDT,5,2,10.319083657189596,8.394833948339476,2,05-29 09:00,06-03 19:00,0.10787
MEMEUSDT,3,1,10.00810372771475,7.2115384615384786,54,05-29 18:00,06-04 06:00,0.000543
INFQUSDT,3,2,9.086848318550185,7.049449546864562,1,05-29 00:00,06-02 00:00,17.095
SUSHIUSDT,2,1,9.004024144869215,7.868525896414333,17,06-03 13:00,06-04 06:00,0.2167
BEATUSDT,4,3,9.002925950934044,9.30822636231957,13,05-29 15:00,06-04 04:00,1.30761
DEXEUSDT,2,0,8.291245791245776,24.536093827432406,5,06-03 10:00,06-03 15:00,18.011
ARUSDT,4,2,4.0301151461470415,7.679671457905537,3,05-29 09:00,06-03 23:00,2.349
FETUSDT,3,2,3.2421052631579004,7.634164777021918,50,05-30 02:00,06-03 13:00,0.2452
IDUSDT,7,1,3.1476121562952217,18.82978723404254,1,05-29 16:00,06-03 09:00,0.02851
USARUSDT,2,1,2.6621672290963527,7.37650200267023,46,06-01 23:00,06-03 21:00,27.38
IOUSDT,4,1,2.097902097902093,32.883435582822074,16,05-29 02:00,06-04 06:00,0.1752
LWLGUSDT,2,1,1.6197122426122221,10.039652408672906,24,06-01 22:00,06-02 22:00,11.795
PARTIUSDT,2,2,0.9712586719524229,6.625141562853906,3,06-04 01:00,06-04 04:00,0.05094
XPLUSDT,3,1,0.4700352526439618,7.768671360960407,2,05-29 02:00,06-04 02:00,0.0855
ONDSUSDT,4,4,0.25616111650914153,11.78522804628999,2,05-28 10:00,05-30 00:00,11.35
WUSDT,2,2,0.16806722689074943,6.40124902419984,50,06-01 12:00,06-03 14:00,0.01192
QUSDT,3,1,0.14592804624797506,9.9764468371467,6,05-31 18:00,06-04 01:00,0.017843
BASEDUSDT,5,3,-0.6455777921239583,6.501182033096928,5,05-30 04:00,06-04 06:00,0.06156
ARKMUSDT,2,1,-1.209103840682793,6.09845701689934,109,05-30 00:00,06-03 13:00,0.1389
TONUSDT,2,0,-1.4481581410715263,8.168376438857583,1,06-02 00:00,06-02 01:00,1.7898
MERLUSDT,2,2,-1.9148104728409567,7.25352112676056,53,06-02 01:00,06-04 06:00,0.0251
ACUUSDT,2,1,-1.919297028558209,5.4569219039320345,8,06-01 09:00,06-01 17:00,0.08483
CTRUSDT,9,3,-2.39589275527667,12.825971261309203,2,05-29 01:00,06-01 20:00,0.01711
ESPORTSUSDT,19,6,-2.5848505282085976,27.190400724473623,1,05-28 17:00,06-03 08:00,0.04334
USTCUSDT,2,1,-3.9808917197452263,13.09523809523809,53,05-29 18:00,05-31 23:00,0.00603
HIVEUSDT,3,1,-5.04540867810292,16.525227588335127,5,05-31 14:00,06-02 09:00,0.05646
PUNDIXUSDT,3,0,-5.096011816838988,13.66691560866319,1,05-31 09:00,05-31 13:00,0.1285
SKYAIUSDT,16,8,-5.268473320989737,26.530219427691513,1,05-28 14:00,06-03 20:00,0.16884
STBLUSDT,2,0,-6.538711776187382,11.649782923299554,97,05-28 22:00,06-01 23:00,0.02873
GRASSUSDT,2,2,-7.3656671362447215,12.602503236944337,116,05-30 02:00,06-03 22:00,0.4603
FFUSDT,3,1,-7.694563942119674,8.91225311977989,55,05-29 18:00,06-03 17:00,0.09441
BUSDT,3,1,-7.879295892707465,8.467917939764295,39,05-28 22:00,06-01 16:00,0.2198
INITUSDT,3,1,-8.022751085166888,5.907825549025679,6,06-01 11:00,06-03 09:00,0.06145
GWEIUSDT,2,1,-8.478619930262433,7.263269434543883,100,05-31 00:00,06-04 04:00,0.09974
AZTECUSDT,3,1,-9.13461538461539,6.495204882301664,16,05-29 03:00,05-30 16:00,0.02079
VTHOUSDT,3,0,-9.58819913952059,9.374999999999991,2,05-30 09:00,05-30 14:00,0.0004413
GOATUSDT,2,1,-10.185185185185178,5.558840922531045,2,06-03 11:00,06-03 13:00,0.01455
ICNTUSDT,4,0,-10.649750096116879,7.953063885267279,1,05-30 02:00,06-01 22:00,0.2324
ZAMAUSDT,2,0,-12.698863636363642,7.264705882352941,103,05-30 19:00,06-04 02:00,0.03073
ETHFIUSDT,2,1,-13.775379079928035,5.5920114122681905,149,05-29 01:00,06-04 06:00,0.3355
XANUSDT,2,2,-13.962229556288964,9.198578760363194,89,05-30 05:00,06-02 22:00,0.009385
EULUSDT,3,2,-15.156507413509058,6.1135371179039355,38,05-28 21:00,06-04 06:00,1.03
BASUSDT,4,1,-18.81701712853363,10.2607774119072,1,05-30 23:00,06-01 13:00,0.023319
GUNUSDT,2,0,-19.884393063583808,15.855181023720355,2,05-31 20:00,05-31 22:00,0.00693
SOXSUSDT,2,0,-20.78907435508346,6.408345752608044,35,05-28 12:00,05-29 23:00,5.22
NILUSDT,4,3,-23.520336605890602,7.8422415105832,9,05-29 18:00,06-02 16:00,0.05453
GENIUSUSDT,7,2,-36.18256910477426,11.349957007738611,2,05-28 11:00,06-03 14:00,0.45274
SLXUSDT,3,0,-42.3469387755102,7.402031930333824,3,06-02 05:00,06-02 23:00,0.2373
BSBUSDT,4,0,-49.90018227584411,15.574807375321043,22,05-29 02:00,06-02 14:00,0.23088
UBUSDT,12,2,-50.33455132159636,17.63463569165788,1,05-29 02:00,06-03 23:00,0.10466
EDGEUSDT,8,3,-55.77388580378756,84.01455767077267,1,05-30 10:00,06-03 23:00,0.6212
