이격_측정시점_일전,과거_이격_이하_pct,현재_근접_이내_pct,보유기간_일,표본수_중복제거,표본수_원본,윈율,평균_숏수익_capped,평균_숏수익_raw,중위_숏수익,p25_숏수익,p75_숏수익,표준편차,최대손실,Sharpe_like
20,0.2,0.03,10,643,1807,0.6127527216174183,0.018955628197216003,0.018955628197216003,0.050333202665621246,-0.07105544010877662,0.1438602542623436,0.1754281286512424,-0.9109042553191491,0.1080535279202601
20,0.2,0.03,20,608,1737,0.6759868421052632,0.031209284068939885,0.028891116627481603,0.07334867191564909,-0.06933702649839307,0.16682629899288426,0.23636308184908086,-2.3025089605734763,0.12223193402905763
20,0.2,0.03,40,532,1529,0.6860902255639098,0.0586655972609436,0.05116927079878873,0.10556220237067038,-0.04709052612553205,0.2516340576166365,0.33177890708439645,-2.6759377392191888,0.1542270159620862
20,0.2,0.03,60,516,1492,0.624031007751938,0.007335579530016987,-0.004554747083190209,0.07919398916262371,-0.13902758053666187,0.2191075255782364,0.37645970047041516,-2.280667570315147,-0.01209889684738819
20,0.2,0.05,10,793,3057,0.617906683480454,0.016799257348290214,0.016767200319581656,0.051053864168618235,-0.06727444199937138,0.14463111760409053,0.18711066490085665,-1.0254212237658886,0.08961114177252272
20,0.2,0.05,20,744,2925,0.6532258064516129,0.02225326883717268,0.018901711265452724,0.06664153172543952,-0.07602232913303825,0.16385217893835993,0.25381334856661814,-2.3025089605734763,0.07447091089652288
20,0.2,0.05,40,651,2543,0.6835637480798771,0.048342512637975794,0.03793143181297848,0.096369515389653,-0.07435001592610302,0.2564948455823267,0.35807733295165334,-2.6759377392191888,0.10593083762188286
20,0.2,0.05,60,626,2484,0.6086261980830671,0.0061594479993854504,-0.013749084469746766,0.07452994369379956,-0.15091615680548787,0.22724794114761787,0.41983935104832004,-2.4669532509403544,-0.03274844160133136
20,0.2,0.08,10,969,5096,0.6212590299277606,0.018310702338523607,0.018310702338523607,0.05110602593440117,-0.07633011398539358,0.14388835418671808,0.1824642245114472,-0.85347127688538,0.10035228761994851
20,0.2,0.08,20,907,4863,0.6449834619625138,0.025137788188475257,0.02257237341129812,0.06026365348399254,-0.07115664639901309,0.15865862319500168,0.2400465816419345,-2.3025089605734763,0.0940333049398229
20,0.2,0.08,40,799,4153,0.6683354192740926,0.0475660638674529,0.04116294613623369,0.10075287865367577,-0.07926529128934867,0.23860520610207359,0.3346858319193682,-2.0709035222052066,0.12298980778532204
20,0.2,0.08,60,765,4040,0.6065359477124183,0.009218075540624879,-0.009335761574106562,0.06928471248246848,-0.17002237136465337,0.23345825794779018,0.4242716511878128,-3.543634302984511,-0.022004207794628
20,0.3,0.03,10,277,613,0.6787003610108303,0.04376580694545214,0.04376580694545214,0.08933333333333326,-0.048524203069657545,0.16323568223805762,0.18168202169251457,-0.9109042553191491,0.24089233782043123
20,0.3,0.03,20,266,598,0.7218045112781954,0.07589285381588412,0.07589285381588412,0.11327151182177625,-0.037754514973901365,0.2280167752618928,0.21082490679054133,-0.8269966828272519,0.35998049268099597
20,0.3,0.03,40,240,532,0.7583333333333333,0.14192855255957293,0.13494547864615966,0.1705383878179707,0.007342895923053039,0.3261200413310824,0.3023042138093096,-2.6759377392191888,0.4463896713371051
20,0.3,0.03,60,236,524,0.7161016949152542,0.07989473430893511,0.07231873951449158,0.12568552316484222,-0.06467789596354706,0.26769560291334327,0.3330014908554696,-2.0311303904057154,0.21717241964505077
20,0.3,0.05,10,364,1019,0.6923076923076923,0.047471020622160895,0.047471020622160895,0.08840123210919032,-0.04281370438345872,0.17125257585422254,0.1886663528052988,-0.8721117678667383,0.25161360208807537
20,0.3,0.05,20,349,995,0.7191977077363897,0.07723296990302211,0.07723296990302211,0.11763357028204546,-0.03343949044585992,0.22151450813871199,0.2158813941282574,-0.8269966828272519,0.35775649038627755
20,0.3,0.05,40,314,884,0.7738853503184714,0.14545370216505063,0.14011632082995767,0.169973546686279,0.014091443718784069,0.3250987914213114,0.2896038655036152,-2.6759377392191888,0.4838206167804364
20,0.3,0.05,60,307,872,0.7003257328990228,0.08423246005089662,0.07007791024865437,0.13262004400534966,-0.06052582988973565,0.2805482634837738,0.37258797048904985,-2.4669532509403544,0.18808419970368828
20,0.3,0.08,10,477,1702,0.6729559748427673,0.04304465316723113,0.04304465316723113,0.07773995915588838,-0.04805443334042092,0.16323568223805762,0.17744574458045942,-0.7599792638672886,0.24257923608708093
20,0.3,0.08,20,459,1655,0.7189542483660131,0.06734321645866169,0.06661804659011511,0.09871307399824514,-0.01811296388126238,0.21516484332317437,0.21839110523929628,-1.2375886524822697,0.305040109198221
20,0.3,0.08,40,407,1455,0.7493857493857494,0.1311788342436186,0.1292110627203592,0.15446608462055067,-0.0006934440213667847,0.3148611604498999,0.27203577424061215,-1.6952092511013213,0.4749782012349364
20,0.3,0.08,60,397,1422,0.672544080604534,0.06454386106438788,0.05494474832484732,0.11994685898652502,-0.07476579208964651,0.25816993464052274,0.35899567127128007,-2.7907396271797955,0.15305128368338333
20,0.4,0.03,10,94,173,0.723404255319149,0.04719495287917976,0.04719495287917976,0.09338491631568158,-0.022144795905702896,0.17074708431835767,0.20844284616183617,-0.9109042553191491,0.22641675523149085
20,0.4,0.03,20,94,173,0.6808510638297872,0.06617586014587289,0.06617586014587289,0.09915992100074733,-0.04690024396855513,0.2599747853346055,0.2503259411377861,-0.8269966828272519,0.2643587789786753
20,0.4,0.03,40,85,153,0.8235294117647058,0.18371991474431662,0.16400300016526734,0.21393880524526476,0.09557932983447726,0.3815373299006988,0.4019449986538596,-2.6759377392191888,0.40802348757796275
20,0.4,0.03,60,84,151,0.8095238095238095,0.14841758311331807,0.13614222132277384,0.1875592995256038,0.046947568920679,0.33595234080088376,0.3622161684034922,-2.0311303904057154,0.3758590399838741
20,0.4,0.05,10,129,291,0.7131782945736435,0.054589772567980026,0.054589772567980026,0.07970205786367701,-0.02450928381962858,0.17297297297297287,0.19860984524589784,-0.8721117678667383,0.27485934798646416
20,0.4,0.05,20,128,290,0.7109375,0.0739061601285391,0.0739061601285391,0.14613011323146452,-0.03602967239776239,0.2588372240884188,0.24967513763308882,-0.8269966828272519,0.29600928962798134
20,0.4,0.05,40,119,259,0.8151260504201681,0.17842321416549273,0.1643397037518861,0.2386962382061022,0.06546669945280159,0.3634062763820132,0.352352439244545,-2.6759377392191888,0.46640716920886294
20,0.4,0.05,60,117,256,0.7777777777777778,0.1463080689190615,0.12495692668533438,0.18639302783244305,0.03356811448376096,0.3387323943661972,0.40308510752865,-2.4669532509403544,0.310001347981959
20,0.4,0.08,10,175,488,0.72,0.06691681065576428,0.06691681065576428,0.08746913088504737,-0.018822266104005725,0.18402247328576576,0.1826607020690805,-0.6885147324113048,0.3663448672745
20,0.4,0.08,20,173,485,0.7052023121387283,0.08046263892911207,0.07991197813616054,0.1282051282051283,-0.016776241215143983,0.24420967086550183,0.24094744357823694,-1.0952643171806167,0.33165729816184036
20,0.4,0.08,40,160,438,0.78125,0.17684895840991066,0.1725039005905274,0.23150673892006468,0.06262353207336216,0.35637754213591666,0.28103421182547067,-1.6952092511013213,0.613818152138917
20,0.4,0.08,60,158,429,0.740506329113924,0.12491321608088315,0.10821744863065695,0.1868628511200523,-0.003184703064173122,0.3059498992020241,0.39879872887230944,-2.7907396271797955,0.2713585595838418
20,0.5,0.08,10,33,78,0.696969696969697,0.04041154335333135,0.04041154335333135,0.027411592383343897,-0.054281126340540276,0.1674924158116987,0.17961578859839541,-0.3283842794759826,0.2249888145617749
20,0.5,0.08,20,33,78,0.696969696969697,0.027347718393387697,0.02446092090306598,0.06026365348399254,-0.01748878923766828,0.22476862053768187,0.3153101735784997,-1.0952643171806167,0.07757732846186195
20,0.5,0.08,40,32,71,0.8125,0.1750124369338492,0.15328714783693292,0.2508589623711412,0.06340660708282284,0.35586790744305863,0.40935790729952753,-1.6952092511013213,0.37445752263134513
20,0.5,0.08,60,31,70,0.8387096774193549,0.18847628667380859,0.16114752441716515,0.1898517227598765,0.06520205115208261,0.36234654468833544,0.4207829747158855,-1.847191629955947,0.3829706383105749
30,0.2,0.03,10,745,2500,0.6630872483221476,0.03854717663250828,0.03785476430798283,0.06272727272727274,-0.04082170134316576,0.13998744507219085,0.1648005497068601,-1.5158471817714583,0.22970047354403375
30,0.2,0.03,20,657,2254,0.6940639269406392,0.04025318837794134,0.035033938769542715,0.07438151041666674,-0.045278592375366467,0.17745477360660888,0.2722741234166438,-4.3467534692479015,0.12867156940923286
30,0.2,0.03,40,569,1956,0.6502636203866432,0.049630375283221576,0.03511774015509999,0.09758833426808744,-0.09057388039688918,0.26184241847179246,0.3858908685211884,-3.8798759394011686,0.09100433054992528
30,0.2,0.03,60,549,1899,0.604735883424408,-0.006833898004960508,-0.04394682016309634,0.08173631955668448,-0.1764433779525283,0.223549621300851,0.5859383612937895,-8.679470356674221,-0.07500246282912582
30,0.2,0.05,10,930,4248,0.6602150537634408,0.03442030783037852,0.03409266088316782,0.05799687819749838,-0.03833201138627701,0.13684716158036384,0.16627411948839593,-1.3047116609059488,0.205038889925062
30,0.2,0.05,20,825,3810,0.68,0.02848483495486438,0.025456799048640646,0.0708604483007953,-0.053259871441689643,0.16559837116356235,0.2553311689097391,-2.7937056576314356,0.09970110252242552
30,0.2,0.05,40,715,3256,0.6307692307692307,0.037348328934560436,0.025470658206658434,0.08995257854179017,-0.1118637211506428,0.24445666266512323,0.3747196741373727,-3.8798759394011686,0.06797256713380055
30,0.2,0.05,60,687,3157,0.5895196506550219,-0.011296458498089731,-0.04966545595358824,0.0755919854280509,-0.18314037181400178,0.22942291622828415,0.5764059981844739,-8.679470356674221,-0.08616401652658241
30,0.2,0.08,10,1203,7058,0.6367414796342478,0.02645573598025345,0.025963927777873715,0.049733291496705245,-0.045874614957077786,0.13216645231424062,0.17219327148621616,-1.3048087845513066,0.15078363721054044
30,0.2,0.08,20,1079,6326,0.6617238183503243,0.024054128770039995,0.022010880959607727,0.06377799415774099,-0.05835913822828953,0.15835635965391248,0.24283126447406103,-2.2234002271866715,0.09064269795440161
30,0.2,0.08,40,943,5348,0.6065747613997879,0.021999734011901428,0.011734199392104936,0.07509254362771023,-0.12005716026723634,0.22064437584539676,0.37216068352737486,-4.291772501380453,0.031529927559480656
30,0.2,0.08,60,894,5149,0.5715883668903803,-0.026193673058420627,-0.06864327383326117,0.05270323964766671,-0.23235281464160268,0.21940296437697968,0.7392436337980742,-17.176918829376035,-0.09285609059706994
30,0.3,0.03,10,369,990,0.7046070460704607,0.051122101672489394,0.051122101672489394,0.08217391304347832,-0.024346431435444904,0.15372507869884577,0.1676251123145712,-0.9109042553191491,0.30497877654841987
30,0.3,0.03,20,335,914,0.7343283582089553,0.07063644497646913,0.07063644497646913,0.10721721027064535,-0.014102514146968614,0.21746618775937032,0.22089506957077476,-0.9518540669856461,0.3197737510109397
30,0.3,0.03,40,289,800,0.7231833910034602,0.1225159578780228,0.1157781001054888,0.179935572940635,-0.02600234859922823,0.3231801755291689,0.3178044525634613,-2.6759377392191888,0.36430609820474263
30,0.3,0.03,60,277,773,0.7220216606498195,0.06891532134527158,0.06115852150988642,0.13495897903372844,-0.04937479961526137,0.26343960902955554,0.35724231563280673,-2.0311303904057154,0.17119618486839197
30,0.3,0.05,10,460,1682,0.7065217391304348,0.05085939718043584,0.05085939718043584,0.08089807004965188,-0.024387144531490823,0.15756698131197552,0.1694445985809432,-0.8721117678667383,0.30015354638844066
30,0.3,0.05,20,416,1554,0.7235576923076923,0.06739631346419461,0.06739631346419461,0.10558650732524438,-0.04242417623603373,0.21761461968369958,0.21654989544804662,-0.9518540669856461,0.31122764259363933
30,0.3,0.05,40,358,1354,0.7374301675977654,0.11964071395708355,0.11449674863737384,0.16636101122371144,-0.011022077135676545,0.32301714004212034,0.30819538069351315,-2.6759377392191888,0.37150702382277384
30,0.3,0.05,60,344,1309,0.7122093023255814,0.07008379032950905,0.057108913179561994,0.13433613134062578,-0.056538129893422495,0.258971106430564,0.3780996671919425,-2.4669532509403544,0.15104195569304912
30,0.3,0.08,10,591,2835,0.6852791878172588,0.04981746905367914,0.04951720618203302,0.07740585774058573,-0.030971384554870918,0.15854673584329831,0.16949944953685997,-1.1774553571428572,0.29213785836670125
30,0.3,0.08,20,538,2619,0.70817843866171,0.0599126420453763,0.059573069717460486,0.09474834479195593,-0.025299659194812973,0.21528120163634526,0.22301289440907693,-1.0952643171806167,0.2671283643724404
30,0.3,0.08,40,466,2266,0.723175965665236,0.10368631328012452,0.10094424039501532,0.14686359476475586,-0.029494660548484986,0.30226328912501643,0.29348733706476904,-1.6952092511013213,0.343947515434842
30,0.3,0.08,60,443,2167,0.6772009029345373,0.04823095982619632,0.03830160196295813,0.1312320916905445,-0.08402097625753746,0.2612729856706787,0.3787457498950846,-2.7907396271797955,0.10112747660816777
30,0.4,0.03,10,151,385,0.6622516556291391,0.03445151360661242,0.03445151360661242,0.09098070106341083,-0.061842365219508366,0.15509667880611722,0.19337306865232887,-0.9109042553191491,0.17816086721235114
30,0.4,0.03,20,147,375,0.7278911564625851,0.08896614070963586,0.08896614070963586,0.1282051282051283,-0.014102514146968614,0.24917696040060133,0.2236262923076355,-0.8269966828272519,0.3978339925577624
30,0.4,0.03,40,132,336,0.7878787878787878,0.19607585184256213,0.18337935381817436,0.26942805171533735,0.08501429642984942,0.36675498782454696,0.3367578471112796,-2.6759377392191888,0.5445436695572464
30,0.4,0.03,60,130,330,0.8076923076923077,0.12826293456205673,0.12033116232816662,0.171992787678849,0.03579998235296997,0.2916072413391859,0.33110253300076725,-2.0311303904057154,0.36342567735018744
30,0.4,0.05,10,192,628,0.6979166666666666,0.04855183152048601,0.04855183152048601,0.09134684770254975,-0.025432267742770243,0.16574317143623105,0.18112130936706228,-0.8721117678667383,0.26806250291670747
30,0.4,0.05,20,185,606,0.7189189189189189,0.08478853695084342,0.08478853695084342,0.13944335113859996,-0.018861194096401634,0.24988558352402745,0.22654862542767687,-0.8269966828272519,0.37426197925844934
30,0.4,0.05,40,169,550,0.7869822485207101,0.18920509922698578,0.17928830787065922,0.2626832018038331,0.06527845900031204,0.3611885605034654,0.3138786462774285,-2.6759377392191888,0.5712026287770826
30,0.4,0.05,60,165,538,0.7818181818181819,0.1249082641369561,0.10976836328031322,0.18284048313202828,0.03305059959052348,0.3035946297098311,0.38140822969750565,-2.4669532509403544,0.28779757418283913
30,0.4,0.08,10,259,1044,0.6833976833976834,0.04823592127041803,0.04823592127041803,0.0858747993579454,-0.03052660253588102,0.16424876737583705,0.17255856848443488,-0.6885147324113048,0.27953361976788194
30,0.4,0.08,20,245,997,0.7142857142857143,0.07722098879974708,0.07683215485207108,0.12513966480446925,-0.018861194096401634,0.23946939725389815,0.231742115194564,-1.0952643171806167,0.33154161377859614
30,0.4,0.08,40,223,914,0.7668161434977578,0.15763691861439488,0.15264945619635,0.2151205259313368,0.0381499520139843,0.34691628963297766,0.3012571870383886,-1.6952092511013213,0.5067080978117816
30,0.4,0.08,60,218,890,0.7431192660550459,0.08329680830304753,0.06621646576265534,0.1753428584894432,-0.004989615811603454,0.27427246928134297,0.4155896132798663,-2.7907396271797955,0.15933137799106606
30,0.5,0.03,10,55,107,0.6363636363636364,0.009695745797814875,0.009695745797814875,0.07911368875009295,-0.07980749635123585,0.15401177423047235,0.23182304555439973,-0.9109042553191491,0.0418239082944826
30,0.5,0.03,20,55,107,0.7272727272727273,0.06771256685255031,0.06771256685255031,0.09958957025591508,-0.027202446207694075,0.26597518274087106,0.2540052484814216,-0.8269966828272519,0.2665794004548018
30,0.5,0.03,40,51,99,0.8431372549019608,0.20719167842849479,0.1743301541300793,0.2938428366075706,0.1366086399849647,0.4011865560594834,0.4651003750635382,-2.6759377392191888,0.3748226479203844
30,0.5,0.03,60,50,98,0.8,0.1251939521027854,0.10457134429467108,0.17130024159894575,0.035716457882357,0.28756464609136856,0.3830202180503186,-2.0311303904057154,0.2730178182942113
30,0.5,0.05,10,69,176,0.6521739130434783,0.023860993844387744,0.023860993844387744,0.07621366386306616,-0.06126434827341165,0.15945367780154684,0.2128175158834293,-0.9109042553191491,0.11211950174936539
30,0.5,0.05,20,69,176,0.7246376811594203,0.07489846329639065,0.07489846329639065,0.13389931486446238,-0.021610145477214848,0.26022988505747136,0.24574326104001268,-0.8269966828272519,0.30478338644735187
30,0.5,0.05,40,64,165,0.875,0.23026436058577326,0.20407783341047342,0.29447481326712605,0.1464583490550368,0.40552913983084127,0.4166764771810871,-2.6759377392191888,0.4897752683115381
30,0.5,0.05,60,63,163,0.8412698412698413,0.15038309864506233,0.13401594959100332,0.18639302783244305,0.05779782500471764,0.2887786691895916,0.34462327553182204,-2.0311303904057154,0.3888766636095317
30,0.5,0.08,10,93,291,0.6666666666666666,0.03522080969339077,0.03522080969339077,0.07911368875009295,-0.05431007262393428,0.15919873484449132,0.19336858050762123,-0.6885147324113048,0.18214339475901883
30,0.5,0.08,20,90,285,0.7333333333333333,0.07404490167150651,0.07298640925838853,0.160444549731031,-0.020579806417328206,0.256443890538423,0.2630563700695779,-1.0952643171806167,0.27745539573546074
30,0.5,0.08,40,85,271,0.8823529411764706,0.230075210256279,0.22189627789038105,0.2938428366075706,0.1374887777350262,0.39776518972608066,0.2892861345591378,-1.6952092511013213,0.767047747478611
30,0.5,0.08,60,84,269,0.8333333333333334,0.14300826737907726,0.11160432384174697,0.20655014298055968,0.0734398232817069,0.2835472266560621,0.43381825542897834,-2.7907396271797955,0.2572605519594554
40,0.2,0.03,10,964,3364,0.6524896265560166,0.02290777690170512,0.02219036884076988,0.05980777920248198,-0.04778807461743806,0.12738467986777152,0.17752432675074015,-1.5158471817714583,0.12499903110139446
40,0.2,0.03,20,844,2964,0.6658767772511849,0.015535195912185619,0.009985187311114748,0.06741409423133327,-0.06662811732471163,0.15652792985240727,0.2848012989245129,-4.3467534692479015,0.03506018880118008
40,0.2,0.03,40,749,2626,0.5941255006675568,-0.011633215533880706,-0.02225028943352401,0.05624296962879649,-0.14784995425434588,0.20527950310559007,0.3707483645194162,-3.5465136200102796,-0.06001453158766061
40,0.2,0.03,60,716,2529,0.5670391061452514,-0.042169990455836026,-0.07036287372863839,0.04673356578895632,-0.23405776811235618,0.18822193292549272,0.4695216319008969,-4.002912455028268,-0.14986077093779154
40,0.2,0.05,10,1167,5646,0.6358183376178235,0.021848453128247423,0.020886925308835447,0.05368098159509205,-0.046283976109718794,0.1277256736210845,0.17897819096105744,-1.8173913043478258,0.11670095220361279
40,0.2,0.05,20,1025,4977,0.6614634146341464,0.0149756001494224,0.010735215485633323,0.06246514221974353,-0.06940063091482651,0.1539741989180191,0.261558656246666,-2.7937056576314356,0.04104324299444844
40,0.2,0.05,40,905,4346,0.594475138121547,-0.00827181781437404,-0.018301238840272026,0.053003533568904526,-0.15701988720688642,0.20571658615136867,0.3645509370687627,-3.6157904311442612,-0.05020214455468535
40,0.2,0.05,60,864,4183,0.5543981481481481,-0.045644557040250174,-0.07560421340747113,0.03633799811746308,-0.2270412813855639,0.19112555427321876,0.4777720729572554,-4.120065490267418,-0.15824326637491676
40,0.2,0.08,10,1397,9310,0.6163206871868289,0.017645330065607555,0.016363434884489974,0.041934653974787794,-0.05358741527049493,0.12745556594948548,0.17851464618692064,-1.8173913043478258,0.09166438291766833
40,0.2,0.08,20,1241,8236,0.6381950040290089,0.012580749742804279,0.007034058284734031,0.057350800582241734,-0.06357927786499218,0.15526552655265524,0.2739029485243977,-2.936778388073086,0.02568084178220329
40,0.2,0.08,40,1107,7132,0.5853658536585366,-0.008242515450971348,-0.023800840844042884,0.05173793226064538,-0.1473421461351272,0.19173662039656747,0.4209594136686115,-7.091357471135522,-0.05653951443114521
40,0.2,0.08,60,1041,6824,0.5523535062439962,-0.04965534207091001,-0.08724370772964697,0.03607947290464264,-0.25145126794989303,0.19171917191719168,0.5225054615309617,-5.647348951911221,-0.16697185800511913
40,0.3,0.03,10,514,1572,0.7023346303501945,0.04533995894781446,0.04531991231935666,0.08059716154681834,-0.025691644822507853,0.14539091638901777,0.16297616021747166,-1.0103039670273057,0.2780769424122081
40,0.3,0.03,20,444,1396,0.704954954954955,0.05307596648650279,0.05307596648650279,0.08999099895874058,-0.03291133664950413,0.19861261992269635,0.21088348508790714,-0.8916311420237828,0.2516838455338406
40,0.3,0.03,40,394,1256,0.6573604060913706,0.059432831868668434,0.05369533204330411,0.10118816409374348,-0.08932519414504414,0.2766437005153999,0.32932894913874056,-2.6759377392191888,0.16304467670919268
40,0.3,0.03,60,372,1197,0.6102150537634409,-0.0009148815280549683,-0.010203784075056432,0.07945462181365387,-0.17725838811687528,0.2189572369637043,0.36717924755400033,-2.0311303904057154,-0.027789653535786447
40,0.3,0.05,10,631,2609,0.6830427892234548,0.0365987883954461,0.03658245881220156,0.07291981845688356,-0.032182366744887725,0.14567333602802485,0.17559878871258391,-1.0103039670273057,0.20832979020190676
40,0.3,0.05,20,544,2306,0.6691176470588235,0.03712543435265976,0.036011267311797615,0.07872138368871995,-0.05513398518466689,0.19205824170177785,0.23339277836214645,-1.6061068702290076,0.15429469396829554
40,0.3,0.05,40,475,2055,0.6484210526315789,0.05247529078517308,0.04733658126996823,0.09502262443438914,-0.09190473743123162,0.2705464597882901,0.32654334575846367,-2.6759377392191888,0.14496262712081714
40,0.3,0.05,60,448,1957,0.5892857142857143,-0.012708435679064089,-0.027465446240731484,0.06723391394334832,-0.1811556574529487,0.21586340880302882,0.39511931576633913,-2.4669532509403544,-0.06951177820163484
40,0.3,0.08,10,818,4381,0.6735941320293398,0.04193301460906788,0.04171607651965118,0.0705785636931035,-0.032904354414583115,0.14311340271922804,0.15858242782425475,-1.1774553571428572,0.26305610963329457
40,0.3,0.08,20,704,3856,0.6647727272727273,0.042068415402418284,0.04132918939764046,0.07262235382522808,-0.03758610282652558,0.1877990407649038,0.22096333931139628,-1.3377251949448778,0.18704093414969897
40,0.3,0.08,40,621,3396,0.6409017713365539,0.048127782466844064,0.045730857448279635,0.09458800585080451,-0.09336686576548248,0.2612950239433687,0.3018877595440859,-1.6952092511013213,0.15148298002324725
40,0.3,0.08,60,580,3205,0.5827586206896552,-0.017898310231024284,-0.029844918437162776,0.0564200382643662,-0.20450916631314392,0.21586340880302882,0.3919601035939032,-2.7907396271797955,-0.07614274555882887
40,0.4,0.03,10,227,645,0.6916299559471366,0.04168068996340471,0.04168068996340471,0.08027644869750139,-0.0463764280023502,0.1552383990354409,0.17911202733671946,-0.9109042553191491,0.23270737640106998
40,0.4,0.03,20,206,599,0.7378640776699029,0.07616547105215464,0.07616547105215464,0.12379776552460042,-0.013680775077483054,0.2326189777360948,0.22392623390341687,-0.8269966828272519,0.34013643566660473
40,0.4,0.03,40,184,557,0.7065217391304348,0.12333747852824864,0.11422912124988349,0.19300559464196843,-0.043505032533013854,0.32130904879198385,0.33242870736553864,-2.6759377392191888,0.34361990622030464
40,0.4,0.03,60,177,533,0.6610169491525424,0.02984245498326071,0.01927704936154285,0.104992808711732,-0.06324727083694337,0.2383875918894902,0.3783981444530615,-2.0311303904057154,0.05094382634831888
40,0.4,0.05,10,273,1037,0.706959706959707,0.04527828119929817,0.04527828119929817,0.08567810917276308,-0.040064102564102644,0.16056218057921623,0.1793545230577155,-0.8721117678667383,0.2524512927099576
40,0.4,0.05,20,244,963,0.7213114754098361,0.07042731496668514,0.07042731496668514,0.1290987748093384,-0.022780239531760116,0.2299062993514359,0.2353906768002623,-0.9909745352960138,0.2991933067359559
40,0.4,0.05,40,221,895,0.7104072398190046,0.1200701313966837,0.11211088477361791,0.17464114832535882,-0.04576466678396174,0.327488718534225,0.331871280618593,-2.6759377392191888,0.33781436153393063
40,0.4,0.05,60,211,859,0.6777251184834123,0.03772462422047105,0.014701776596745464,0.104992808711732,-0.0706084454903938,0.25296384635418545,0.43667921566586626,-2.5207908026216828,0.03366722314531869
40,0.4,0.08,10,377,1708,0.7082228116710876,0.04397685018180347,0.04397685018180347,0.07957353668008171,-0.02450928381962858,0.15757087963443772,0.17079218328398454,-0.7599792638672886,0.2574874876368376
40,0.4,0.08,20,339,1561,0.7079646017699115,0.06651744692644736,0.06623643124154878,0.10534452296819796,-0.03406382455924817,0.2220431406978733,0.22313018082570552,-1.0952643171806167,0.29685106244452103
40,0.4,0.08,40,303,1442,0.7326732673267327,0.12043799095738891,0.11786945955283554,0.15757847533632285,-0.02025153398557522,0.3163414004717444,0.2834759333343206,-1.6952092511013213,0.41580058725417385
40,0.4,0.08,60,288,1382,0.6527777777777778,0.04298634464173719,0.026985416927913848,0.10653650967131878,-0.07435103387350583,0.23708087233134695,0.3956449342498111,-2.7907396271797955,0.06820614796719524
40,0.5,0.03,10,81,206,0.691358024691358,0.03525680969536439,0.03525680969536439,0.08711340206185558,-0.06126434827341165,0.15632076208323575,0.20038987818048146,-0.9109042553191491,0.17594107055452318
40,0.5,0.03,20,78,199,0.8333333333333334,0.11852552838929653,0.11852552838929653,0.17563790223279674,0.07273013898535124,0.2538304950254831,0.21258088212760257,-0.7831846444985131,0.5575549748549405
40,0.5,0.03,40,74,189,0.8378378378378378,0.19959754278847058,0.19959754278847058,0.26808818922305766,0.07752325231608415,0.35269594405363575,0.22732512014328615,-0.4931055772792756,0.8780267779586414
40,0.5,0.03,60,73,186,0.7534246575342466,0.099990387202355,0.099990387202355,0.12466261808367074,0.014149538278224627,0.2680189900733707,0.25718728806075525,-0.9136788352890048,0.3887843289468269
40,0.5,0.05,10,97,337,0.6701030927835051,0.03362514788164127,0.03362514788164127,0.06752855529057367,-0.04880433816339225,0.16138044371405103,0.18411214476078683,-0.8721117678667383,0.18263405667958374
40,0.5,0.05,20,92,322,0.782608695652174,0.09598801811966258,0.09598801811966258,0.1698046617889139,0.01602458737222931,0.24449565512037483,0.22528087812903308,-0.7043488472227657,0.4260815161803656
40,0.5,0.05,40,88,307,0.8068181818181818,0.19781090621267852,0.19781090621267852,0.26016430727809087,0.05165404323877598,0.36625201501332005,0.21981477749298572,-0.35096153846153855,0.8998981254524194
40,0.5,0.05,60,86,302,0.7674418604651163,0.10031075672188551,0.08325316078071861,0.10577967350670625,0.028515543168098095,0.27579482995663784,0.36467382343789495,-2.4669532509403544,0.2282948636012995
40,0.5,0.08,10,131,564,0.6946564885496184,0.03965960731455473,0.039475468861084655,0.07937231080739071,-0.03645804406183473,0.16613909103179492,0.19741769608026413,-1.02412213740458,0.19995912040749939
40,0.5,0.08,20,122,534,0.7704918032786885,0.09225638869377299,0.09225638869377299,0.15820379593858064,0.01315050197633888,0.24275734138966804,0.21628112334335772,-0.7043488472227657,0.4265577470083281
40,0.5,0.08,40,117,512,0.8290598290598291,0.20098500723600124,0.20098500723600124,0.22504592774035526,0.05962638726132208,0.3638956224155141,0.21093489290164075,-0.35096153846153855,0.9528295886528402
40,0.5,0.08,60,114,502,0.7456140350877193,0.09106324086205356,0.07535499851837113,0.12761849532475783,-0.0024074035235540914,0.2482117473442061,0.3725178386891457,-2.7907396271797955,0.20228561076038157
60,0.2,0.03,10,1053,4081,0.6068376068376068,0.009670042028531818,0.00904575692538502,0.04666223845898376,-0.06943685073810824,0.12149122807017543,0.18010674967633294,-1.5158471817714583,0.050224419360412706
60,0.2,0.03,20,933,3617,0.6087888531618435,-0.022184893767376646,-0.0286706795467742,0.05081749889527176,-0.10735840297121624,0.15375527426160351,0.3141139743124418,-4.3467534692479015,-0.0912747661403187
60,0.2,0.03,40,825,3089,0.49696969696969695,-0.0734497009358563,-0.0875783854291303,-0.0017395626242544537,-0.2571892393320965,0.16248256624825663,0.3995243516305042,-3.5465136200102796,-0.21920662675932762
60,0.2,0.03,60,788,2978,0.501269035532995,-0.08155660409637085,-0.10438590665668011,0.001540618299383567,-0.2866465941165242,0.1707217498791941,0.45171534412005765,-4.002912455028268,-0.23108780344848381
60,0.2,0.05,10,1279,6851,0.5973416731821736,0.008527278475698657,0.008255903021194777,0.03559645771835396,-0.06981144073371326,0.12276003619975617,0.1766767805699486,-1.3047116609059488,0.04672885137798942
60,0.2,0.05,20,1138,6104,0.6045694200351494,-0.021837672416311616,-0.02681790997750671,0.049848451261501114,-0.11497172237399661,0.15055981375221392,0.2944231992825211,-2.7937056576314356,-0.0910862664452366
60,0.2,0.05,40,1002,5148,0.5099800399201597,-0.06303940782673369,-0.0784676193256036,0.00804832254619492,-0.245555990772641,0.16508785728756803,0.4024957754294705,-3.6157904311442612,-0.19495265320953292
60,0.2,0.05,60,953,4959,0.5005246589716684,-0.08192272218524854,-0.11547097871271951,0.0002152389151958145,-0.28701535258912325,0.16996258685195087,0.5015243856437367,-4.120065490267418,-0.23024000829890967
60,0.2,0.08,10,1543,11247,0.594296824368114,0.006541026584885281,0.005910104104445367,0.03565705128205121,-0.06840646199917721,0.12413111347297223,0.1801887513946766,-1.4912492456246227,0.03279951749873756
60,0.2,0.08,20,1392,10070,0.5969827586206896,-0.020920781753600157,-0.024493779647626175,0.045710576350420196,-0.10905137024452954,0.14183595892576462,0.27866009564225214,-2.2234002271866715,-0.08789841111327129
60,0.2,0.08,40,1236,8439,0.5210355987055016,-0.05979413167252216,-0.0781029423354651,0.017005686067223413,-0.24093202258187862,0.1698646344315305,0.41828809146734247,-4.119273002650511,-0.18672045398539136
60,0.2,0.08,60,1165,8076,0.5081545064377683,-0.0761341948855368,-0.11052595839137255,0.006772995411841731,-0.29456192329335495,0.19403573305307398,0.5074012434812376,-4.0823551684967825,-0.217827527644716
60,0.3,0.03,10,679,2348,0.6450662739322534,0.02676571511395169,0.02599082387860741,0.06305893143774355,-0.048877291313505156,0.1443706861723359,0.18628188494808678,-1.5158471817714583,0.13952416192186673
60,0.3,0.03,20,595,2084,0.6554621848739496,0.007464379186284713,0.0009247162769273991,0.06546637550692991,-0.08147855325615805,0.17868761140819972,0.316195434890195,-4.3467534692479015,0.0029245086262821114
60,0.3,0.03,40,510,1715,0.5058823529411764,-0.04407716584045698,-0.05709058553210911,0.006982023513825597,-0.22687198832631872,0.20496467020067885,0.3930991130665342,-3.5465136200102796,-0.14523203852267713
60,0.3,0.03,60,481,1635,0.5072765072765073,-0.07111528359446669,-0.08944582946485043,0.0031067251461988077,-0.2861998640380694,0.1707037643207856,0.43928178615070845,-4.002912455028268,-0.20361834313377022
60,0.3,0.05,10,834,3923,0.6354916067146283,0.020193404286160514,0.01977723017787459,0.051433844864627654,-0.05235452010656144,0.13854466260910964,0.18454428265412806,-1.3047116609059488,0.10716793765397203
60,0.3,0.05,20,736,3485,0.6290760869565217,-0.0005885365726800085,-0.006453089845055111,0.06350671320389639,-0.09334068076856272,0.16736962875292863,0.29418059245402245,-2.7937056576314356,-0.021935810895015673
60,0.3,0.05,40,629,2822,0.505564387917329,-0.04891504042701074,-0.06235036981287504,0.008693972179289022,-0.23769269020387873,0.19598906107566094,0.3924232600130832,-3.6157904311442612,-0.15888551002505893
60,0.3,0.05,60,592,2691,0.5,-0.07718397022571771,-0.10503666546859083,0.0007035647279550195,-0.29255511703112924,0.1670591273285215,0.4813405261443761,-4.120065490267418,-0.2182169581895656
60,0.3,0.08,10,1030,6478,0.6339805825242718,0.0201891883207114,0.01910535444674853,0.0472941289561728,-0.05383937028451119,0.13250075682866091,0.18036578702028158,-1.4912492456246227,0.10592560131484464
60,0.3,0.08,20,915,5752,0.6098360655737705,-0.00403393866791913,-0.0071709314582192926,0.05762600558200626,-0.08738915621818333,0.15718178568715968,0.27248501591864305,-2.2234002271866715,-0.026316791894202163
60,0.3,0.08,40,790,4630,0.5139240506329114,-0.04683736186963392,-0.0631389093403612,0.014450760721959777,-0.22457521806738628,0.18335878530944014,0.4066173057155478,-4.119273002650511,-0.1552784607365691
60,0.3,0.08,60,733,4377,0.5020463847203275,-0.07798297603869045,-0.10583001031035327,0.0009405295905079436,-0.2995918367346939,0.19579338076090314,0.48646075765299435,-4.0823551684967825,-0.21755097126630857
60,0.4,0.03,10,335,1036,0.6746268656716418,0.041092281321116836,0.041092281321116836,0.07445174765034701,-0.05168298730820653,0.1539405573432459,0.16795593225726624,-0.9109042553191491,0.2446610891848333
60,0.4,0.03,20,300,934,0.71,0.052004427691447135,0.052004427691447135,0.09790417055589684,-0.030123388585417687,0.21386657122952768,0.23251903548941782,-0.8269966828272519,0.2236566463557944
60,0.4,0.03,40,251,770,0.545816733067729,0.008071741946718388,0.0005835037145566594,0.03133478024959302,-0.14911397605745835,0.2678732979804497,0.3596901657718471,-2.6759377392191888,0.001622239833286902
60,0.4,0.03,60,235,730,0.5702127659574469,-0.028150723585050674,-0.03567483492539596,0.04716157205240168,-0.1883133184769451,0.1979290432657353,0.3736351114992198,-2.0311303904057154,-0.0954804134500364
60,0.4,0.05,10,426,1730,0.6525821596244131,0.030602183451963118,0.030502705645849237,0.05897881856015913,-0.0558760876789785,0.15369102156768832,0.1816806290910072,-1.0423775454045128,0.16789189798858448
60,0.4,0.05,20,385,1554,0.6909090909090909,0.04134881985963988,0.03753205324705599,0.09626628075253252,-0.060975609756097615,0.20883134130146086,0.2652584727147699,-2.4694551458447993,0.14149238236553477
60,0.4,0.05,40,324,1255,0.5216049382716049,-0.006717508629677919,-0.018994043314879274,0.026195960267609675,-0.18073572854570163,0.24263632408586167,0.3843538163446108,-2.6759377392191888,-0.049418120770912954
60,0.4,0.05,60,303,1191,0.5643564356435643,-0.037878764773877305,-0.06526183804462803,0.0435818385650224,-0.18342828074415218,0.20190774201952444,0.47534773006998543,-3.241475409836065,-0.13729283620439195
60,0.4,0.08,10,546,2892,0.663003663003663,0.03503563779213056,0.03413591389904517,0.06726649795228928,-0.0475104887190001,0.14787357089620454,0.1740853239264222,-1.4912492456246227,0.1960872584151484
60,0.4,0.08,20,486,2590,0.6666666666666666,0.03632340600523598,0.0344614168116267,0.08747129566728762,-0.051924328336734105,0.2037009546785201,0.25100945811640063,-1.471937235968618,0.13729130794603725
60,0.4,0.08,40,421,2063,0.5296912114014252,-0.002148315930710264,-0.010647686395821265,0.03404842088515281,-0.16872180451127816,0.23495702005730668,0.35924686572719255,-2.52082076041038,-0.029638912434957695
60,0.4,0.08,60,386,1939,0.5751295336787565,-0.03515914103899576,-0.06027901268815368,0.0338508835372649,-0.18472237572453098,0.21083183700260658,0.46924356863348554,-3.262522631261316,-0.1284599656074053
60,0.5,0.03,10,133,359,0.631578947368421,0.04496914678605832,0.04496914678605832,0.06155383078459997,-0.0584058634906095,0.16236894304335514,0.17293828348129842,-0.7688831504196256,0.26003002852125157
60,0.5,0.03,20,128,344,0.7578125,0.07536005463308673,0.07536005463308673,0.10197200170566262,0.007596620109416308,0.22810638188160492,0.20899551067890576,-0.711018711018711,0.360582169388641
60,0.5,0.03,40,109,294,0.5688073394495413,0.03121689744264931,0.030318652073409405,0.05896226415094341,-0.16283924843423803,0.2836997096640398,0.31986831566592366,-1.0979087452471488,0.09478479295546972
60,0.5,0.03,60,102,280,0.5882352941176471,-0.004149511273739808,-0.006824105784514777,0.06314494932719966,-0.11679533793519381,0.2221762625674658,0.34991160628179435,-1.1501752493933672,-0.019502370490160646
60,0.5,0.05,10,168,581,0.6130952380952381,0.039946929466208,0.039946929466208,0.05599117338896209,-0.061347090894002365,0.1615924440232831,0.16969582630147054,-0.7176887987835785,0.23540313475501096
60,0.5,0.05,20,157,550,0.7261146496815286,0.059146073109330434,0.059146073109330434,0.09499521836149183,-0.04217796553342712,0.22161478106808408,0.22087442441197624,-0.805577689243028,0.2677814476112039
60,0.5,0.05,40,134,469,0.5373134328358209,0.03256221332525085,0.03186054392880187,0.04687306800951885,-0.15900818821358548,0.2733797805302043,0.30909768271094573,-1.094023699124163,0.10307597148373453
60,0.5,0.05,60,125,449,0.624,0.014310544240243474,0.012128075119451093,0.06737533218696268,-0.10554191964862425,0.23023402909550916,0.32690498411848923,-1.1501752493933672,0.037099694738992356
60,0.5,0.08,10,206,960,0.6650485436893204,0.04513625346253707,0.04513625346253707,0.0690915013421754,-0.04789903387732125,0.15970259633248204,0.16066218679713237,-0.7599792638672886,0.28093887156864406
60,0.5,0.08,20,193,897,0.7098445595854922,0.07031543530719021,0.07031543530719021,0.09499521836149183,-0.032511210762331766,0.22476862053768187,0.1968368220179609,-0.6264014466546111,0.3572270400747178
60,0.5,0.08,40,170,760,0.5588235294117647,0.0509816275188222,0.05042854693573889,0.05237073291477495,-0.12963553690673613,0.2728887757081878,0.29778257778042305,-1.094023699124163,0.16934686814660982
60,0.5,0.08,60,153,720,0.6405228758169934,0.029009252924843625,0.02722618991766031,0.0931806350858928,-0.10554191964862425,0.2383875918894902,0.3321850762610088,-1.1501752493933672,0.08196090632400292
