ma,K_days,X_dist_low,Y_dist_now,H_hold,count_dedup,count_raw,win_rate,mean_short,mean_capped,median_short,std,max_loss,sharpe_like
ma100,20,0.2,0.03,10,770,2165,0.5818181818181818,0.01417309672583912,0.01417309672583912,0.03347495527728078,0.16492598035433864,-0.9164531009738597,0.08593610718813759
ma100,20,0.2,0.03,20,747,2115,0.6760374832663989,0.042603627928541776,0.044778719272518856,0.06807286673058477,0.24007070270811304,-1.8371956585508946,0.1774628367724689
ma100,20,0.2,0.03,40,641,1718,0.7410296411856474,0.10030399906915978,0.10672311519006591,0.14157393752513736,0.3128612928236285,-3.069259259259259,0.32060213701700985
ma100,20,0.2,0.03,60,622,1688,0.6688102893890675,0.0577653278883498,0.07370332644482884,0.10586166315523521,0.4155120169713004,-4.7975308641975305,0.13902203914439296
ma100,20,0.2,0.05,10,953,3741,0.577124868835257,0.012441755762066391,0.012441755762066391,0.034028540065861757,0.16969179831502523,-0.7525087260034906,0.0733197236732021
ma100,20,0.2,0.05,20,927,3655,0.6612729234088457,0.035446740940022634,0.03788061099146114,0.06590096027113546,0.24048810496994452,-1.8371956585508946,0.1473949863110804
ma100,20,0.2,0.05,40,792,2970,0.7335858585858586,0.09158330652866555,0.09674697172117609,0.12805066338452725,0.3067932452155967,-3.069259259259259,0.2985180018038078
ma100,20,0.2,0.05,60,766,2916,0.6736292428198434,0.06950409732876364,0.08200309167119017,0.11523547935102096,0.3909842706694085,-4.7975308641975305,0.17776699100903703
ma100,20,0.3,0.03,10,323,682,0.6470588235294118,0.035173068577783295,0.035173068577783295,0.06318289786223286,0.1805724288560229,-0.9164531009738597,0.19478648429671447
ma100,20,0.3,0.03,20,321,679,0.6978193146417445,0.07418706234391684,0.07488331473326346,0.11205726274219419,0.24629867432776606,-1.2234970169802661,0.30120772085517267
ma100,20,0.3,0.03,40,288,603,0.7743055555555556,0.1678593852470912,0.17167815695976174,0.20318282326001574,0.2805051066934049,-1.7064220183486238,0.5984182863043678
ma100,20,0.3,0.03,60,283,595,0.7597173144876325,0.13315249348437075,0.1466349407009828,0.212222687316869,0.38125784931937645,-3.1960244648318046,0.3492452515327233
ma100,20,0.3,0.05,10,443,1215,0.6433408577878104,0.03651563559917292,0.03651563559917292,0.05732283464566923,0.1804524979891059,-0.7525087260034906,0.2023559441187531
ma100,20,0.3,0.05,20,439,1206,0.6742596810933941,0.06251840780785525,0.06346425978924773,0.10049539985845735,0.2485961579743423,-1.2234970169802661,0.25148581666458336
ma100,20,0.3,0.05,40,397,1067,0.7632241813602015,0.1439872242331339,0.14620456442192775,0.18330145155845612,0.2774232978993123,-1.7064220183486238,0.5190163382939542
ma100,20,0.3,0.05,60,389,1054,0.7326478149100257,0.11923082049597745,0.12830532481344112,0.19334916864608076,0.3582961433261328,-3.1960244648318046,0.33277171054406157
ma100,20,0.4,0.03,10,113,184,0.6194690265486725,0.02413186323759431,0.02413186323759431,0.05360721442885763,0.19924801393778868,-0.6968822170900693,0.12111469901591598
ma100,20,0.4,0.03,20,113,183,0.6460176991150443,0.06278741939157877,0.06278741939157877,0.10215492137449034,0.2689714622964679,-0.9553633485211213,0.23343524571529714
ma100,20,0.4,0.03,40,106,171,0.8113207547169812,0.1975211356153205,0.20418549427898675,0.24821473569093477,0.29109449178060376,-1.7064220183486238,0.6785464555069323
ma100,20,0.4,0.03,60,105,168,0.8571428571428571,0.19693596365048643,0.2178504823631703,0.27249004257656906,0.3989188330905736,-3.1960244648318046,0.49367426983767543
ma100,20,0.4,0.05,10,150,311,0.64,0.030580887307575716,0.030580887307575716,0.07254866206481597,0.21687130675147068,-0.705984736912572,0.1410093744794957
ma100,20,0.4,0.05,20,148,306,0.6486486486486487,0.05340578970746862,0.05340578970746862,0.11251901598648167,0.2761968061145182,-0.9553633485211213,0.19336135873101018
ma100,20,0.4,0.05,40,141,288,0.7801418439716312,0.17457068560220326,0.1795807708387183,0.23474939229077452,0.2933052003330759,-1.7064220183486238,0.5951844202010795
ma100,20,0.4,0.05,60,139,282,0.7913669064748201,0.17280430106739703,0.18860303822446037,0.2648272865522485,0.38288996929908076,-3.1960244648318046,0.4513158215759294
ma100,40,0.2,0.03,10,1082,3908,0.6349353049907579,0.01978948953661572,0.020490566213554093,0.040097434390912734,0.15751874986874587,-1.7585649644473174,0.12563259645664734
ma100,40,0.2,0.03,20,1017,3585,0.655850540806293,0.035062666590383214,0.03584948415827823,0.06390977443609025,0.22635929769205293,-1.348194205582749,0.15489828316256612
ma100,40,0.2,0.03,40,877,3056,0.6681870011402509,0.04173825754508267,0.051760427711995335,0.11610135406891009,0.35807277109126073,-2.457450076804916,0.11656361755148645
ma100,40,0.2,0.03,60,835,2920,0.615568862275449,-0.021087027134182756,0.005182207228084986,0.09109619520878143,0.4816740741668675,-3.8320228734810575,-0.043778621821521424
ma100,40,0.2,0.05,10,1326,6656,0.5972850678733032,0.016927603334783537,0.016927603334783537,0.03704614579828375,0.15547421151060736,-0.7525087260034906,0.10887724189312667
ma100,40,0.2,0.05,20,1251,6151,0.6330935251798561,0.026434995380217704,0.02814883235158056,0.05752380952380953,0.23421284593788103,-1.662794674205463,0.11286740176168181
ma100,40,0.2,0.05,40,1093,5215,0.6614821591948765,0.041488454485389396,0.04824518360709582,0.09929503524823746,0.33665308756306944,-2.865122126436782,0.12323800380300046
ma100,40,0.2,0.05,60,1031,4981,0.6100872938894277,-0.01864311451432642,0.006619838398665266,0.08588452845695504,0.47660454363433363,-3.8320228734810575,-0.039116527031328556
ma100,40,0.3,0.03,10,577,1814,0.6533795493934142,0.03267879437958279,0.03267879437958279,0.04844144903117109,0.1586571893288293,-0.9164531009738597,0.2059710909907364
ma100,40,0.3,0.03,20,542,1684,0.6826568265682657,0.06441803104909331,0.06483038716898311,0.08666902107780744,0.22048408359172053,-1.2234970169802661,0.2921663550480081
ma100,40,0.3,0.03,40,484,1542,0.7582644628099173,0.12228232244754222,0.12714549459401056,0.17029674977980264,0.2997608223981019,-2.3591476091476093,0.4079329695898129
ma100,40,0.3,0.03,60,464,1477,0.6853448275862069,0.0603539173287576,0.07156553502916,0.13117390734471102,0.39081207325243755,-3.1960244648318046,0.1544320696811563
ma100,40,0.3,0.05,10,728,3115,0.6236263736263736,0.026881954809787542,0.026881954809787542,0.04418238951312886,0.1647400639426672,-0.7525087260034906,0.16317800398051927
ma100,40,0.3,0.05,20,687,2911,0.6681222707423581,0.04913897720259385,0.0509624315446364,0.08105136917849287,0.23997085891770698,-1.6061068702290076,0.2047706018314709
ma100,40,0.3,0.05,40,610,2639,0.7426229508196721,0.10738548249580664,0.11088425810333569,0.15183590188402007,0.2908678319848533,-2.3591476091476093,0.3691899573872392
ma100,40,0.3,0.05,60,578,2535,0.6695501730103807,0.05336575427484588,0.06373457822413728,0.12420301847153958,0.3824595926300034,-3.1960244648318046,0.13953305212682332
ma100,40,0.4,0.03,10,263,705,0.6197718631178707,0.021459731961165813,0.021459731961165813,0.041734860883797076,0.1799343535932714,-0.9164531009738597,0.11926422905141275
ma100,40,0.4,0.03,20,253,683,0.6956521739130435,0.07965672743097524,0.07965672743097524,0.12580849714648068,0.2327576751505559,-0.9838492597577388,0.34223029328442317
ma100,40,0.4,0.03,40,235,642,0.8170212765957446,0.18974127658973566,0.19067541360376952,0.21872713972201896,0.23813645298052127,-1.2195221982979594,0.7967754378421679
ma100,40,0.4,0.03,60,228,630,0.7280701754385965,0.12041630303538128,0.12519186913771654,0.1730060645668069,0.31370704318208753,-2.088829071332436,0.38384953622315415
ma100,40,0.4,0.05,10,319,1182,0.6394984326018809,0.025236452444351982,0.025236452444351982,0.05145797598627788,0.18532156054103407,-0.7525087260034906,0.13617655911527954
ma100,40,0.4,0.05,20,304,1141,0.7105263157894737,0.07333102421140314,0.07451829287695118,0.12753493039142216,0.25353054088622073,-1.1917320028510336,0.2892394105856958
ma100,40,0.4,0.05,40,282,1068,0.8191489361702128,0.18774302670705326,0.18774302670705326,0.2218309636150606,0.23409893234139514,-0.8925610820244327,0.8019815589473114
ma100,40,0.4,0.05,60,274,1049,0.7481751824817519,0.13428672181222823,0.1372183958579384,0.1803040121847725,0.2981659650616943,-1.80327868852459,0.45037575561128385
ma100,40,0.5,0.03,10,79,193,0.6455696202531646,0.03156487518259034,0.03156487518259034,0.04023792862141362,0.1481155074546823,-0.6383676817389519,0.21310986084457081
ma100,40,0.5,0.03,20,77,188,0.7402597402597403,0.10092330428211642,0.10092330428211642,0.1770449121284442,0.21280954254668613,-0.4299539170506912,0.4742423815885788
ma100,40,0.5,0.03,40,73,179,0.8493150684931506,0.20517744335125718,0.2081845967525991,0.27110002169668035,0.26418268212769436,-1.2195221982979594,0.7766498609930963
ma100,40,0.5,0.03,60,73,179,0.821917808219178,0.15169490151375434,0.15169490151375434,0.1582625118035883,0.19401995617895415,-0.42230252968508,0.7818520553310437
ma100,40,0.5,0.05,10,100,336,0.61,0.00839095481991221,0.00839095481991221,0.039258974798383806,0.18253749871705882,-0.7525087260034906,0.04596838939334082
ma100,40,0.5,0.05,20,97,328,0.6907216494845361,0.06974451770370471,0.07081504020667431,0.16251937532292204,0.2753744282321325,-1.1038406827880514,0.2532715842623998
ma100,40,0.5,0.05,40,94,312,0.8191489361702128,0.20114205519308417,0.20114205519308417,0.26225764375483024,0.2527015015809944,-0.8925610820244327,0.795966996375822
ma100,40,0.5,0.05,60,93,310,0.8064516129032258,0.14196306122931482,0.1517827280948221,0.16043539990534783,0.30275774366759167,-1.9132290184921765,0.46889985210479385
ma100,60,0.2,0.03,10,1212,5067,0.5973597359735974,0.010268725432578642,0.011171276200200251,0.03132324077504006,0.16522228198833827,-1.7787787787787788,0.06215097206624606
ma100,60,0.2,0.03,20,1157,4743,0.6127917026793431,0.004279399370751028,0.006810713361402345,0.05325232308792005,0.25154664465862975,-2.2234002271866715,0.017012349246631923
ma100,60,0.2,0.03,40,988,3805,0.5657894736842105,-0.04493454332104133,-0.023124165151367324,0.059996657868685965,0.4380132172705557,-4.119273002650511,-0.10258718584121124
ma100,60,0.2,0.03,60,942,3656,0.5573248407643312,-0.07637591397879151,-0.04216630352687379,0.04452626152850381,0.5276687099013797,-4.0823551684967825,-0.14474216974712414
ma100,60,0.2,0.05,10,1479,8532,0.5821501014198783,0.008393974547839881,0.00860006568005848,0.029627303182579556,0.1640036135761955,-1.3048087845513066,0.051181643896767375
ma100,60,0.2,0.05,20,1418,8029,0.609308885754584,0.002612970081757451,0.005827276419885131,0.051424035303853866,0.25367672540382996,-2.2234002271866715,0.010300393453904152
ma100,60,0.2,0.05,40,1230,6464,0.5853658536585366,-0.0316616014684427,-0.016214864763814847,0.05908824832426224,0.40477486161882587,-4.119273002650511,-0.0782202761846862
ma100,60,0.2,0.05,60,1162,6203,0.5671256454388984,-0.058569285734137895,-0.030667770666605136,0.05818952643916803,0.49984504737972973,-4.0823551684967825,-0.11717488457906658
ma100,60,0.3,0.03,10,776,2762,0.6069587628865979,0.01733493940995786,0.01931605248112551,0.0338063715441958,0.17827028181367027,-1.7787787787787788,0.09723964776179855
ma100,60,0.3,0.03,20,739,2631,0.638700947225981,0.029100828086085294,0.02987442919916109,0.06581336769960766,0.2353138300346548,-1.348194205582749,0.12366815873847958
ma100,60,0.3,0.03,40,628,2132,0.5843949044585988,0.0007252826167286456,0.012873348624381104,0.08358887487184236,0.38330939924622953,-2.322158102042686,0.0018921597491605993
ma100,60,0.3,0.03,60,598,2055,0.596989966555184,-0.051207348423612686,-0.020596549947537606,0.07388479633016248,0.5167405068795177,-3.8320228734810575,-0.09909683437213507
ma100,60,0.3,0.05,10,944,4686,0.5858050847457628,0.01657723089983968,0.01657723089983968,0.03357743170669042,0.1610082895258521,-0.8210970464135021,0.10295886596061239
ma100,60,0.3,0.05,20,911,4482,0.6344676180021954,0.02483732905169204,0.02592931639344503,0.06180243211727465,0.23997760955536393,-1.348194205582749,0.10349852679052525
ma100,60,0.3,0.05,40,781,3622,0.5992317541613317,0.002682608850013126,0.012495516613550958,0.07633463541666663,0.3693658442973957,-2.322158102042686,0.007262742052167708
ma100,60,0.3,0.05,60,735,3484,0.601360544217687,-0.04632854459176578,-0.017472931748142413,0.07479964381122006,0.5167511539509436,-4.469152360515022,-0.08965349034549781
ma100,60,0.4,0.03,10,384,1076,0.6510416666666666,0.03561719984467406,0.03561719984467406,0.048528528528528514,0.13670070017728464,-0.5407385033602659,0.26054877406247934
ma100,60,0.4,0.03,20,370,1038,0.7297297297297297,0.07738893082464765,0.0779929768164862,0.10461996353728914,0.21139760284732256,-1.2234970169802661,0.36608234806021034
ma100,60,0.4,0.03,40,331,908,0.649546827794562,0.07673409821289578,0.0800169523550448,0.13290851160673645,0.30455437378525996,-1.7064220183486238,0.2519553315198838
ma100,60,0.4,0.03,60,318,875,0.6855345911949685,0.025727131965956888,0.04492414598830277,0.1498628794281356,0.4408626074850973,-3.1960244648318046,0.058356348506663845
ma100,60,0.4,0.05,10,473,1854,0.6131078224101479,0.022722829588115813,0.022722829588115813,0.03826530612244905,0.1631297554029849,-0.705984736912572,0.13929297896623977
ma100,60,0.4,0.05,20,463,1797,0.7019438444924406,0.06438111988176737,0.065229272556618,0.09745596868884554,0.22700651008035436,-1.2234970169802661,0.2836091346410204
ma100,60,0.4,0.05,40,412,1562,0.6480582524271845,0.07375770334973308,0.07547231989912295,0.1231621702215871,0.2989257391316131,-1.7064220183486238,0.24674256410304812
ma100,60,0.4,0.05,60,390,1497,0.6897435897435897,0.04425484569029264,0.058576116405318526,0.14701287174522137,0.4219551835556405,-3.1960244648318046,0.1048804408974799
ma100,60,0.5,0.03,10,133,326,0.6541353383458647,0.039153953608330835,0.039153953608330835,0.05062940932355786,0.14293727979859622,-0.4706525701786366,0.27392401522891835
ma100,60,0.5,0.03,20,130,319,0.7538461538461538,0.10241099497674346,0.10241099497674346,0.1456913059025735,0.24103609292655642,-0.9807130333138516,0.4248782567511499
ma100,60,0.5,0.03,40,120,296,0.7666666666666667,0.1538266071009102,0.1604969880798501,0.2199098311580333,0.31653150636408806,-1.7064220183486238,0.48597565805652304
ma100,60,0.5,0.03,60,120,296,0.7833333333333333,0.1086977325729779,0.13440017308060276,0.1943341173780529,0.4443469007458805,-3.1960244648318046,0.24462358664034325
ma100,60,0.5,0.05,10,165,535,0.6484848484848484,0.03541181248373934,0.03541181248373934,0.04879735542676944,0.15636425605299542,-0.705984736912572,0.2264699962614056
ma100,60,0.5,0.05,20,162,525,0.7407407407407407,0.09604453766995542,0.09604453766995542,0.15861745362536117,0.2509456399715944,-0.9807130333138516,0.38273044983298815
ma100,60,0.5,0.05,40,152,490,0.7631578947368421,0.14074328797598995,0.14600937822252144,0.2045699468087564,0.297193701236356,-1.7064220183486238,0.47357426281406223
ma100,60,0.5,0.05,60,151,489,0.7947019867549668,0.11250318016187157,0.13426235486875637,0.19497071994488457,0.421891240245687,-3.1960244648318046,0.2666639394938745
ma20,20,0.2,0.03,10,1017,2268,0.7472959685349065,0.06450017523437139,0.06466858719267772,0.08007812500000011,0.15619112494702536,-1.1712749615975424,0.4129567237334876
ma20,20,0.2,0.03,20,1011,2249,0.6805143422354105,0.058721722003228116,0.061950901992307204,0.07407407407407407,0.24050400018459014,-2.2234332425068115,0.2441611031756577
ma20,20,0.2,0.03,40,998,2210,0.7535070140280561,0.09311840685498586,0.10313807615445338,0.13154897180068692,0.3345983401896452,-3.2246010120669517,0.2782990698704835
ma20,20,0.2,0.03,60,991,2190,0.6811301715438951,0.09354558631043541,0.10221484371915489,0.13211772232885466,0.3624898276071375,-3.136814024390244,0.25806403155627056
ma20,20,0.2,0.05,10,1304,3725,0.7469325153374233,0.06049831216922192,0.06062965799866788,0.07715560430439034,0.15429705964004864,-1.1712749615975424,0.39208985777405736
ma20,20,0.2,0.05,20,1298,3696,0.6887519260400616,0.06247533154249834,0.06552171974729602,0.08154863503429327,0.24266638962732223,-2.466386554621849,0.2574535832442456
ma20,20,0.2,0.05,40,1282,3624,0.7558502340093604,0.09256465993412294,0.10389495775963534,0.13870922912566058,0.34415745691084965,-3.587394957983193,0.2689602043349037
ma20,20,0.2,0.05,60,1275,3598,0.7003921568627451,0.09698409368630458,0.10962082417618926,0.1410771969147604,0.3973254334824906,-4.979225837864156,0.24409233719637655
ma20,20,0.3,0.03,10,243,419,0.8395061728395061,0.07966844148862166,0.08037327672153335,0.10581655480984342,0.17368520554629419,-1.1712749615975424,0.4586944595427086
ma20,20,0.3,0.03,20,239,408,0.6652719665271967,0.04116371527116143,0.04707322713171671,0.06594613875512756,0.25792645880972576,-2.2234332425068115,0.15959477542987632
ma20,20,0.3,0.03,40,237,399,0.7721518987341772,0.07230741218400322,0.08943331332907352,0.1303639958134667,0.3946269640626008,-3.2246010120669517,0.18322978095468634
ma20,20,0.3,0.03,60,233,386,0.6695278969957081,0.05846431723622743,0.06720720432922993,0.12311722331368691,0.3827839597496368,-2.180615025301674,0.15273450139986672
ma20,20,0.3,0.05,10,353,688,0.8016997167138811,0.07205355719918917,0.07253875539068362,0.09707112970711307,0.16693018200256443,-1.1712749615975424,0.43163888240463466
ma20,20,0.3,0.05,20,349,670,0.6475644699140402,0.03731636788126785,0.04136328288033006,0.06168629882207055,0.2592633779700981,-2.2234332425068115,0.1439322752539763
ma20,20,0.3,0.05,40,345,642,0.7594202898550725,0.07421928321799554,0.08790095336012453,0.13347457627118653,0.37584103691694687,-3.2246010120669517,0.19747519809657313
ma20,20,0.3,0.05,60,341,626,0.6656891495601173,0.05704813355302752,0.06473324457301541,0.11421499292786419,0.3720339536980245,-2.180615025301674,0.1533412017531411
ma20,20,0.4,0.03,10,40,74,0.7,0.05332129703261581,0.057603171072554374,0.1193332150629699,0.2956290582915706,-1.1712749615975424,0.18036554776028316
ma20,20,0.4,0.03,20,37,71,0.6216216216216216,0.06318730137902305,0.06829379035647977,0.12414064180244588,0.30167306938947647,-1.1889400921658986,0.20945622195213184
ma20,20,0.4,0.03,40,35,64,0.8285714285714286,0.150333305772607,0.16744982980157347,0.19542732716385414,0.4129132838628843,-1.5990783410138252,0.3640796061735036
ma20,20,0.4,0.03,60,32,55,0.53125,-0.03226066167770443,-0.010755285333618372,0.06369052095781935,0.5168064892861773,-1.688172043010753,-0.062423097129185534
ma20,20,0.4,0.05,10,59,121,0.6779661016949152,0.0629036052994731,0.0658065707502789,0.09042553191489366,0.24721767822222906,-1.1712749615975424,0.25444622630477
ma20,20,0.4,0.05,20,56,116,0.6071428571428571,0.025550309166272194,0.028924239383520383,0.11345821632827097,0.312676048499118,-1.1889400921658986,0.0817149547876043
ma20,20,0.4,0.05,40,52,99,0.75,0.10609097447242853,0.12408459060819789,0.20204589851117694,0.425478950724558,-1.5990783410138252,0.24934482491263962
ma20,20,0.4,0.05,60,49,89,0.5306122448979592,-0.026969112130528734,-0.01292478472214602,0.03017114192977277,0.4593399628869196,-1.688172043010753,-0.05871274940031289
ma20,40,0.2,0.03,10,816,1800,0.5575980392156863,-0.005186098753446453,-0.004893644957306586,0.02251204816752095,0.17982704112905412,-1.2386422976501303,-0.02883937099162196
ma20,40,0.2,0.03,20,806,1777,0.6538461538461539,0.018688143741052723,0.020428665379269073,0.07359004864526492,0.25728480990899527,-1.8135770234986945,0.07263601666830989
ma20,40,0.2,0.03,40,802,1762,0.5498753117206983,-0.004326398403010229,0.0018332536974118975,0.02334198648226249,0.32699447556691547,-1.9509202453987728,-0.013230799680971624
ma20,40,0.2,0.03,60,791,1731,0.5132743362831859,-0.028005960770206825,-0.020935859330396368,0.009517335146159156,0.36632246905946325,-2.7175245694268755,-0.07645165976881631
ma20,40,0.2,0.05,10,1058,2904,0.5472589792060492,-0.005106548881755984,-0.004667270351062905,0.01905960571164539,0.18303799906402995,-1.2386422976501303,-0.027898845637891957
ma20,40,0.2,0.05,20,1047,2865,0.6666666666666666,0.019894241150962586,0.023987417796511673,0.0764830854714823,0.28180979198322337,-3.8826955074875213,0.07059457022752043
ma20,40,0.2,0.05,40,1042,2844,0.5604606525911708,0.0012829744286253996,0.009771300300088341,0.03005803386675665,0.34739661426392726,-4.6060732113144764,0.0036931114925912514
ma20,40,0.2,0.05,60,1028,2792,0.5252918287937743,-0.011054506254898589,-0.0046041347142985614,0.018760075380877705,0.359856616435601,-2.7175245694268755,-0.030719196896792013
ma20,40,0.3,0.03,10,184,299,0.5869565217391305,0.005815853374358735,0.005815853374358735,0.045979559867717845,0.1698367924910127,-0.4853910094242584,0.03424377774130711
ma20,40,0.3,0.03,20,181,289,0.6961325966850829,0.05480008158091043,0.05673290997252941,0.10317718448857449,0.23310779958392583,-1.349841938883035,0.23508471908157133
ma20,40,0.3,0.03,40,177,279,0.519774011299435,-0.0189699110145911,-0.01746014456403059,0.01962757926522396,0.32076867825711536,-1.26722866174921,-0.05913891318087353
ma20,40,0.3,0.03,60,173,274,0.48554913294797686,-0.07226815851777796,-0.06058466637496545,-0.010513526246621607,0.4117740829798394,-1.96071835645381,-0.17550438821890652
ma20,40,0.3,0.05,10,271,515,0.5830258302583026,0.004847776990639807,0.004847776990639807,0.03033175355450235,0.17449553249421457,-0.8555910543130989,0.027781668225807077
ma20,40,0.3,0.05,20,267,498,0.6853932584269663,0.037864673592489,0.039174943026507855,0.09796642995480964,0.25598334991723193,-1.349841938883035,0.14791850174916427
ma20,40,0.3,0.05,40,263,483,0.5133079847908745,-0.01744668667051079,-0.01630578829624656,0.0079744816586923,0.2953841615941116,-1.26722866174921,-0.05906439457131198
ma20,40,0.3,0.05,60,258,475,0.46124031007751937,-0.0741756538687267,-0.06928324353605321,-0.018701812574554166,0.37536660743159167,-1.6671522871435203,-0.19760855760789742
ma20,40,0.4,0.05,10,40,82,0.7,0.052328220283557346,0.052328220283557346,0.07269437986556293,0.16200053987878205,-0.4381651376146789,0.3230126289869915
ma20,40,0.4,0.05,20,38,69,0.7894736842105263,0.11286039929550504,0.11286039929550504,0.14127201433255587,0.16592268570926927,-0.3169642857142858,0.6801987251656456
ma20,40,0.4,0.05,40,35,63,0.4,-0.07060850917660168,-0.06967057744282219,-0.046936216893903815,0.3705131614270914,-1.0328276106822818,-0.19056950340074716
ma20,40,0.4,0.05,60,33,61,0.42424242424242425,-0.18428595017744423,-0.18025666532977153,-0.16070190040227494,0.486423191729877,-1.076295759333092,-0.3788593005240236
ma20,60,0.2,0.03,10,805,1602,0.6012422360248447,0.020743551819452317,0.02167641571738442,0.048938401996599934,0.18621896480472655,-1.4706840390879479,0.11139333655519178
ma20,60,0.2,0.03,20,801,1589,0.6204744069912609,0.03364917545020467,0.03690385192871734,0.07765500306936768,0.26512190475826086,-1.8235908141962422,0.12691963525566138
ma20,60,0.2,0.03,40,798,1585,0.5714285714285714,-0.004843536629423213,0.002636759607372243,0.05658119397524236,0.3453330057065011,-2.322751322751323,-0.014025698526887233
ma20,60,0.2,0.03,60,602,1054,0.7342192691029901,0.13519466809606973,0.14543380605774456,0.22576674610835196,0.3813555424301002,-2.411262069554815,0.3545108253431244
ma20,60,0.2,0.05,10,1067,2628,0.6035613870665417,0.021145733572971087,0.021932015836119395,0.04507929611123185,0.1833923379034055,-1.4706840390879479,0.11530325538523178
ma20,60,0.2,0.05,20,1063,2608,0.6180620884289746,0.038176160249893086,0.04001293658083742,0.07783278327832799,0.24973930808086015,-1.8235908141962422,0.15286404268218953
ma20,60,0.2,0.05,40,1058,2600,0.553875236294896,-0.015197103021549207,-0.005537520532201184,0.04585150836051244,0.35790028688780123,-2.816746312071473,-0.04246183526059417
ma20,60,0.2,0.05,60,823,1766,0.7023086269744836,0.11910652408943828,0.1307576055950735,0.21971514737931186,0.3948294168486336,-2.6362600771118117,0.3016657802250341
ma20,60,0.3,0.03,10,173,264,0.5433526011560693,-0.025475543543521346,-0.0162511100416312,0.06542384804783685,0.29833612433023304,-2.078078078078078,-0.08539208451780401
ma20,60,0.3,0.03,20,169,258,0.5325443786982249,-0.02117358655722113,-0.017331831217084977,0.028259112157744903,0.3051552430025918,-1.403862689331305,-0.06938627810842266
ma20,60,0.3,0.03,40,169,258,0.5207100591715976,-0.08171299239587207,-0.07593039371133703,0.006493506493506551,0.35804076679111557,-1.4450509461426493,-0.22822259355606903
ma20,60,0.3,0.03,60,115,175,0.782608695652174,0.14732876970386782,0.17343259384090137,0.32901907356948235,0.4856993685171732,-2.411262069554815,0.303333253559004
ma20,60,0.3,0.05,10,240,413,0.525,-0.03366003422520838,-0.027010755075929236,0.03716501582510823,0.283975083780688,-2.078078078078078,-0.11853164642854298
ma20,60,0.3,0.05,20,236,404,0.5127118644067796,-0.02870432001731271,-0.025953232506791483,0.020611804982485826,0.2997411725179991,-1.403862689331305,-0.09576368763817072
ma20,60,0.3,0.05,40,236,404,0.4872881355932203,-0.10377382191865206,-0.08960343745135559,-0.014436298607845677,0.3989560719603754,-2.816746312071473,-0.2601134039863891
ma20,60,0.3,0.05,60,162,278,0.7592592592592593,0.14022280164213602,0.16515080280981412,0.32994200123971745,0.4871481759547284,-2.6362600771118117,0.28784425060675417
ma20,60,0.4,0.05,10,31,59,0.5483870967741935,-0.061025879617605895,-0.061025879617605895,0.08813847297440802,0.3191513387192347,-0.8937282229965158,-0.19121298335299125
ma20,60,0.4,0.05,20,30,56,0.5333333333333333,-0.12853359985077092,-0.12035380107904742,0.011008275121592248,0.3675276078203961,-1.245393963151705,-0.34972501960609964
ma20,60,0.4,0.05,40,30,56,0.36666666666666664,-0.2067028013099909,-0.20032023894991993,-0.08476224240233476,0.4008403143050516,-1.0885135135135133,-0.5156736833428481
ma50,20,0.2,0.03,10,1228,3581,0.6343648208469055,0.026499967408121713,0.026893093568649322,0.05021677913999684,0.18547717827205842,-1.342368045649073,0.1428745447553202
ma50,20,0.2,0.03,20,1225,3572,0.7020408163265306,0.03800341468165163,0.04582156321861348,0.09336609336609325,0.31332413840865275,-5.958748443337484,0.12129105301196332
ma50,20,0.2,0.03,40,1199,3497,0.6930775646371977,0.06968307972059486,0.07506137481289203,0.09701994174322204,0.31416946224070574,-2.1352101506740686,0.22180093260371087
ma50,20,0.2,0.03,60,1181,3435,0.7053344623200677,0.0989635611636586,0.10292192994214891,0.13006274957216213,0.3191846870131409,-2.7961504811898514,0.3100510932706
ma50,20,0.2,0.05,10,1519,5944,0.6267281105990783,0.01960904600858241,0.020140153614608833,0.0401785714285714,0.18791160183035413,-1.459827833572453,0.10435250307900297
ma50,20,0.2,0.05,20,1512,5921,0.6957671957671958,0.03058067136260599,0.03607351683276407,0.08886281528205386,0.2867805324725334,-4.814339761926732,0.10663440470993224
ma50,20,0.2,0.05,40,1482,5813,0.6862348178137652,0.0610482818396102,0.07020588777604814,0.09586442941920525,0.353901730572683,-6.481314016794315,0.1725006592672548
ma50,20,0.2,0.05,60,1464,5725,0.7076502732240437,0.09377004863328352,0.10053039782969078,0.12633220883032126,0.3440824290815846,-4.015686998246746,0.2725220491019317
ma50,20,0.3,0.03,10,371,786,0.6738544474393531,0.0451286041208864,0.04642984111584031,0.07480653482373167,0.21231405622850777,-1.342368045649073,0.21255589442611245
ma50,20,0.3,0.03,20,369,780,0.7073170731707317,0.03354323510977392,0.04406237565163125,0.11301636788776304,0.33327135802760244,-2.5938110749185666,0.10064841847884143
ma50,20,0.3,0.03,40,365,763,0.6547945205479452,0.06551344416724345,0.07037839287317837,0.10854816824966085,0.3438370175613205,-1.621172638436482,0.1905363321026354
ma50,20,0.3,0.03,60,361,756,0.6731301939058172,0.08658221851057621,0.08875354182782925,0.12597547380156082,0.3361851812054406,-1.295984455958549,0.25754323316727745
ma50,20,0.3,0.05,10,479,1295,0.6826722338204593,0.04794847311122222,0.048407085350585896,0.07764952780692547,0.20105392963155816,-1.2196752626552056,0.23848563019429814
ma50,20,0.3,0.05,20,475,1281,0.7221052631578947,0.04190697983674877,0.04846153317345417,0.11567877629063095,0.2981383906870628,-1.846704871060172,0.14056217228574197
ma50,20,0.3,0.05,40,470,1254,0.6787234042553192,0.07313074243865243,0.07997366253691107,0.11700060962274739,0.3433626445333076,-1.8481870552355133,0.21298397948341305
ma50,20,0.3,0.05,60,467,1243,0.6659528907922913,0.09172057746164171,0.09365838958899585,0.1250346164497368,0.3332740860147264,-1.295984455958549,0.2752106488639169
ma50,20,0.4,0.03,10,61,94,0.6229508196721312,0.05084554516432946,0.05084554516432946,0.10060549604098745,0.21726205793769543,-0.6550060313630879,0.234028645622562
ma50,20,0.4,0.03,20,60,93,0.6666666666666666,0.02733392966231939,0.031780033210300124,0.11000821902398639,0.3101641185762503,-1.1800615595075237,0.08812731075338637
ma50,20,0.4,0.03,40,58,87,0.6206896551724138,0.0141221898279602,0.01946501445105341,0.09830194223216199,0.40488414159222175,-1.309883828139406,0.03487958252062966
ma50,20,0.4,0.03,60,56,85,0.6785714285714286,0.04607622755442703,0.053226453310274105,0.1397251409085991,0.42275358681199426,-1.295984455958549,0.10899074305173882
ma50,20,0.4,0.05,10,78,154,0.6153846153846154,0.04852737388834063,0.04852737388834063,0.05597674511970069,0.2074257835198438,-0.6550060313630879,0.23395053915126304
ma50,20,0.4,0.05,20,76,148,0.6973684210526315,0.052948713602168476,0.05645879535057432,0.11711793753975058,0.29056727801673965,-1.1800615595075237,0.18222531443859996
ma50,20,0.4,0.05,40,74,139,0.6081081081081081,0.025067389815284932,0.029255009114466095,0.09830194223216199,0.3947440877389253,-1.309883828139406,0.06350288856476537
ma50,20,0.4,0.05,60,72,137,0.6527777777777778,0.05972466151060057,0.06528594820959273,0.1397251409085991,0.40004606085176775,-1.295984455958549,0.14929446220126844
ma50,40,0.2,0.03,10,1544,5208,0.5686528497409327,0.012897263128942932,0.014257107209895198,0.02641926290899893,0.1921368863812018,-2.1032028469750887,0.06712538842413951
ma50,40,0.2,0.03,20,1533,5172,0.62426614481409,0.014367909947124372,0.016847872862374384,0.05545826036193813,0.25380483527056236,-2.039654295882054,0.05661007179712639
ma50,40,0.2,0.03,40,1514,5071,0.6221928665785997,0.04327099875907539,0.04689121833170746,0.06306342913046831,0.3083434743528121,-1.9237163814180933,0.14033375880549345
ma50,40,0.2,0.03,60,1373,4408,0.6737072104879825,0.061971456967820686,0.07402960272844965,0.11596232179226074,0.3981510602336657,-5.259776911705416,0.1556481023344533
ma50,40,0.2,0.05,10,1864,8644,0.555793991416309,0.011976630817690525,0.013729636622231502,0.020435165459248894,0.1945626505989344,-2.6324531516183987,0.06155667997337676
ma50,40,0.2,0.05,20,1850,8577,0.6313513513513513,0.016334019935380258,0.018794632721414854,0.06244853613906676,0.24842956487624238,-2.039654295882054,0.06574909851618188
ma50,40,0.2,0.05,40,1829,8413,0.6260251503553854,0.04280484136389103,0.046221414102897665,0.06412124744972314,0.30675945903163215,-1.9237163814180933,0.1395387822726507
ma50,40,0.2,0.05,60,1659,7303,0.6763110307414105,0.06415940051134458,0.07686973565761848,0.11960407496952041,0.39900683742206167,-4.820642648490749,0.16079774704080577
ma50,40,0.3,0.03,10,573,1427,0.5846422338568935,0.009908385327017624,0.010862321834934076,0.04076411393484569,0.20751273865546377,-1.342368045649073,0.0477483232654389
ma50,40,0.3,0.03,20,569,1412,0.6309314586994728,0.007128920204009978,0.010147062935767651,0.0635243450173465,0.2750432597376256,-1.7855444602948172,0.02591926888450395
ma50,40,0.3,0.03,40,564,1392,0.6099290780141844,0.03164159422881857,0.035622488530890485,0.055775307472064606,0.33963124053578914,-1.5875238701464038,0.09316455747387081
ma50,40,0.3,0.03,60,534,1258,0.6816479400749064,0.07464231169347088,0.0788377040455304,0.12293250241182074,0.34052830390660965,-2.205603448275862,0.21919561703728932
ma50,40,0.3,0.05,10,769,2423,0.5721716514954487,0.013419621407918497,0.013970873470392175,0.032653061224489854,0.19716458622182365,-1.2196752626552056,0.06806304146739874
ma50,40,0.3,0.05,20,765,2396,0.6379084967320261,0.010283595797833946,0.012997485034925786,0.06746378924856611,0.26745222066953617,-1.9257875066737853,0.038450216536210224
ma50,40,0.3,0.05,40,757,2365,0.6129458388375165,0.041395973877062224,0.04391562010596038,0.062087186261558736,0.3184390145097534,-1.5354026605635815,0.12999655190113119
ma50,40,0.3,0.05,60,716,2121,0.6703910614525139,0.07479102781473985,0.07791999361920883,0.11575581849785432,0.3288444032042546,-2.205603448275862,0.2274359152413034
ma50,40,0.4,0.03,10,128,288,0.5703125,-0.027212383232216857,-0.02369401626492141,0.04002590421082014,0.2852719219618262,-1.342368045649073,-0.09539103268585365
ma50,40,0.4,0.03,20,125,276,0.584,-0.03636355901997399,-0.030036863185991934,0.03556034482758619,0.32549340681370825,-1.7855444602948172,-0.11171826605012058
ma50,40,0.4,0.03,40,124,273,0.5806451612903226,-0.014564355087773017,-0.006456735620098787,0.05032518025934357,0.3941782411141107,-1.5354026605635815,-0.03694865309309851
ma50,40,0.4,0.03,60,121,251,0.6776859504132231,0.06506820572679846,0.06506820572679846,0.12293969362032198,0.3410541485604655,-0.9667933586717343,0.1907855570777862
ma50,40,0.4,0.05,10,180,490,0.5388888888888889,-0.020001124545840503,-0.017395071147571068,0.016761338986189034,0.28949086141493685,-1.2196752626552056,-0.06909069408298947
ma50,40,0.4,0.05,20,175,470,0.5828571428571429,-0.03415496144534317,-0.027784562814825726,0.03986332574031892,0.3295804415012858,-1.846704871060172,-0.10363163933442913
ma50,40,0.4,0.05,40,174,466,0.5574712643678161,-0.012488175231353354,-0.003749972415719617,0.05185633565737824,0.3899453638725891,-1.5354026605635815,-0.03202544866114563
ma50,40,0.4,0.05,60,169,431,0.650887573964497,0.06506459889399661,0.06506459889399661,0.09907529722589181,0.34424996605674557,-0.9667933586717343,0.18900393699173662
ma50,40,0.5,0.05,10,31,102,0.6451612903225806,0.046785227007118894,0.05026854720598161,0.11100478468899522,0.27587631147482,-1.1079829261647443,0.1695876922415251
ma50,60,0.2,0.03,10,1146,4448,0.4607329842931937,-0.016421349667584635,-0.014998493564867902,-0.013333654029830333,0.1856821876476208,-2.1032028469750887,-0.08843793729287769
ma50,60,0.2,0.03,20,1142,4426,0.5183887915936952,-0.03104497372979629,-0.023089972791592753,0.010109427391363057,0.32063356649223307,-5.958748443337484,-0.09682384183737143
ma50,60,0.2,0.03,40,1062,3800,0.5998116760828626,0.021498896111922804,0.026874026068985837,0.059611011195818076,0.3378280707182746,-3.3071400600443805,0.06363857232530391
ma50,60,0.2,0.03,60,874,2974,0.7093821510297483,0.045946495157788356,0.07996046296760324,0.17026208055903186,0.604207901916836,-10.52512726798068,0.07604418117013056
ma50,60,0.2,0.05,10,1401,7229,0.4539614561027837,-0.016438674720095303,-0.015362371857340478,-0.015790660951951363,0.18298669489535643,-2.1032028469750887,-0.08983535513057928
ma50,60,0.2,0.05,20,1396,7188,0.5107449856733525,-0.024646942991461366,-0.021090411372723585,0.0058696090704423165,0.2663976860823314,-2.039654295882054,-0.09251935838453236
ma50,60,0.2,0.05,40,1302,6214,0.5852534562211982,0.011263753189205876,0.017993872911503797,0.06208705259708014,0.3452882504305922,-3.3071400600443805,0.03262130459162568
ma50,60,0.2,0.05,60,1081,4896,0.6854764107308048,0.034411550670857535,0.06936950879952865,0.15813089896332977,0.5940360920389512,-10.52512726798068,0.057928383699287336
ma50,60,0.3,0.03,10,487,1428,0.3737166324435318,-0.05585647337822565,-0.05476504443359478,-0.03526170798898076,0.21051483937980775,-1.342368045649073,-0.26533271261438357
ma50,60,0.3,0.03,20,486,1424,0.4794238683127572,-0.05444656842806543,-0.04886525574259604,-0.017547453816457725,0.30209937340496745,-1.7855444602948172,-0.18022734643371544
ma50,60,0.3,0.03,40,464,1282,0.6012931034482759,0.02858956912510397,0.03434668685696337,0.061796902591772895,0.3575836341001597,-1.847239180572514,0.07995211860589792
ma50,60,0.3,0.03,60,365,1001,0.7342465753424657,0.11671124388990793,0.1278659637506075,0.21908315565031988,0.416994057850552,-2.7961504811898514,0.27988706719589873
ma50,60,0.3,0.05,10,634,2330,0.3753943217665615,-0.053663290653899215,-0.051324527969636595,-0.03867022053454072,0.21964582754160591,-2.078078078078078,-0.24431736880471433
ma50,60,0.3,0.05,20,632,2322,0.4651898734177215,-0.058918637102009654,-0.05472321203036229,-0.02382773243833769,0.29186101561025746,-1.9257875066737853,-0.20187224038405957
ma50,60,0.3,0.05,40,599,2081,0.5742904841402338,0.010919837812797002,0.01658660618439707,0.05555801300482155,0.35180064510797315,-1.9823895027624312,0.031039845903197624
ma50,60,0.3,0.05,60,468,1640,0.7115384615384616,0.10102943820914675,0.11534417651132986,0.21440319061467078,0.4370044943647546,-3.743439226519337,0.23118626813210874
ma50,60,0.4,0.03,10,126,280,0.373015873015873,-0.06793022125214829,-0.06374458437327299,-0.03906124047270376,0.2687217608337339,-1.342368045649073,-0.2527901761338142
ma50,60,0.4,0.03,20,125,278,0.432,-0.06354377310296325,-0.05725941742060471,-0.054750869061413576,0.3407017643686306,-1.7855444602948172,-0.1865084943740136
ma50,60,0.4,0.03,40,121,262,0.6115702479338843,0.04795345537971208,0.04957180528073204,0.05542900531511019,0.346489448805728,-1.148936170212766,0.13839802494707115
ma50,60,0.4,0.03,60,102,220,0.7450980392156863,0.12528455151646262,0.1415430599890659,0.2874833461601276,0.46123763586131555,-2.411262069554815,0.2716269050388877
ma50,60,0.4,0.05,10,165,449,0.3515151515151515,-0.07895797874546795,-0.06997146031018008,-0.05355766760852809,0.29806675686052386,-2.078078078078078,-0.264900318227756
ma50,60,0.4,0.05,20,164,446,0.4329268292682927,-0.08043343817341714,-0.06962555782138082,-0.043703255246944184,0.35885837734097037,-1.9257875066737853,-0.22413699456984687
ma50,60,0.4,0.05,40,159,417,0.5786163522012578,0.020747371652468746,0.024566063570185082,0.05032822757111588,0.3674531954518151,-1.3987583572110793,0.056462624109059875
ma50,60,0.4,0.05,60,129,351,0.7441860465116279,0.14138785810265062,0.153548149724166,0.28449653702717104,0.4291855279088172,-2.411262069554815,0.32943295826295715
ma50,60,0.5,0.03,10,30,54,0.3333333333333333,-0.10220854454319733,-0.09604113784022349,-0.07728985166279956,0.3410805603348489,-1.1079829261647443,-0.29966100807051615
ma50,60,0.5,0.03,20,30,54,0.5,-0.019445848060085327,-0.019445848060085327,0.005057974076329352,0.3399266069386946,-0.8403414767051134,-0.05720601936756414
ma50,60,0.5,0.05,10,36,85,0.3055555555555556,-0.10659430601398695,-0.1014548004281754,-0.07728985166279956,0.3173248205578693,-1.1079829261647443,-0.33591543777316263
ma50,60,0.5,0.05,20,36,85,0.4444444444444444,-0.025267494924527924,-0.025267494924527924,-0.03813353332364522,0.31435098915257625,-0.8403414767051134,-0.08037988044078927
ma50,60,0.5,0.05,40,34,81,0.6764705882352942,0.049194320401029966,0.049194320401029966,0.13047171646547995,0.3853066108417595,-0.9797583081571,0.12767577564671853
ma50,60,0.5,0.05,60,31,77,0.6774193548387096,0.10154114611724045,0.10154114611724045,0.16916299559471382,0.31887505602253474,-0.8384264538198405,0.3184355257629954
