K_weeks_back,X_dist_low_pct,Y_dist_now_pct,H_hold_weeks,count,win_rate,mean_short,mean_capped,median_short,p25,p75,std,max_loss,sharpe_like
4,0.2,0.03,2,307,0.7296416938110749,0.05383519454014671,0.05410325161985353,0.0908521303258144,-0.015923581600479797,0.16672781272893966,0.19534137344065355,-1.082293523469994,0.27559545421391396
4,0.2,0.03,4,258,0.6705426356589147,0.048701704908298775,0.05148463309161592,0.10727754077342194,-0.05876654325422048,0.21328474492176644,0.2669132712898563,-1.497831079356979,0.18246265789987948
4,0.2,0.03,8,227,0.5330396475770925,-0.11377435707204069,-0.08019733909269706,0.026354484786788812,-0.27418311253503114,0.16256340184833568,0.48922089915480577,-2.5469315531247485,-0.23256233997484782
4,0.2,0.03,12,221,0.579185520361991,-0.002045790664307348,0.015832753875285068,0.06913092550790068,-0.16419386745796238,0.2567435017165277,0.43359976569233344,-2.1157966719854113,-0.004718154450662149
4,0.2,0.05,2,531,0.7344632768361582,0.049169727616173824,0.053648574370774436,0.09421241864769325,-0.012159602491701449,0.16740748290540342,0.2372822077387452,-2.7937056576314356,0.2072204573817484
4,0.2,0.05,4,444,0.6554054054054054,0.03688971930035461,0.047219155994151045,0.10554369343891407,-0.06965975414928294,0.21892537391349748,0.34709533246452795,-4.380389303256322,0.10628123126410703
4,0.2,0.05,8,380,0.5473684210526316,-0.08466430298174125,-0.05645569172235441,0.03753510447717545,-0.24928922601695647,0.18024483049089995,0.4861327681332077,-4.055848644715299,-0.1741588070823935
4,0.2,0.05,12,369,0.6016260162601627,0.01906839803922948,0.04199495478518646,0.08219392752203714,-0.15190691661279887,0.2880495159498492,0.461075644404046,-3.1671820993269053,0.04135633332763858
4,0.3,0.03,2,141,0.7092198581560284,0.0582169824326365,0.05880062444306199,0.0914664051005396,-0.028357159596906545,0.20238095238095244,0.2254337308369703,-1.082293523469994,0.2582443284618219
4,0.3,0.03,4,123,0.7642276422764228,0.1063242342604177,0.11037164140966145,0.15877147319104634,0.013831284885541528,0.25363199418880933,0.2616442041547688,-1.497831079356979,0.40636953760888345
4,0.3,0.03,8,106,0.6415094339622641,-0.04698000384608267,-0.020925998868845202,0.07317878088220964,-0.20075894128204647,0.21451204097621487,0.4731277252840809,-2.5283218634197984,-0.09929666205436255
4,0.3,0.03,12,101,0.5742574257425742,0.030538534595362824,0.04664225199206579,0.0829646017699115,-0.15190691661279887,0.26614248272575647,0.40922456956098746,-1.7167799390672598,0.07462536921506031
4,0.3,0.05,2,249,0.7188755020080321,0.0633177321869299,0.06364822826512265,0.09823434991974322,-0.018861194096401634,0.19092987804878048,0.2092503525686524,-1.082293523469994,0.3025931923634688
4,0.3,0.05,4,218,0.7339449541284404,0.09347409240447571,0.09575772120886554,0.1479803444720898,-0.0063639931656162,0.2542001932796908,0.2635225649249974,-1.497831079356979,0.35471001290185483
4,0.3,0.05,8,184,0.6413043478260869,-0.01250163100252151,0.0025077414300174595,0.08128420988042867,-0.17882684215874678,0.21351136025841802,0.42044786813285767,-2.5283218634197984,-0.029734081083676964
4,0.3,0.05,12,175,0.6228571428571429,0.060060241338128956,0.07735255695475804,0.09908869208060589,-0.1010920099202709,0.29255101269649336,0.41796542004406817,-2.39967977584309,0.1436966755091761
4,0.4,0.03,2,52,0.5961538461538461,0.03194362875878077,0.03194362875878077,0.07727183686093436,-0.1003250834681324,0.23119201393661348,0.2691728012765095,-0.8269966828272519,0.11867331545866876
4,0.4,0.03,4,47,0.7021276595744681,0.06969684425903719,0.08028899488365378,0.12116016573796251,-0.07093620200071238,0.31983573492947986,0.34435488387712937,-1.497831079356979,0.20239830338490566
4,0.4,0.03,8,41,0.6829268292682927,-0.010070656507135083,0.01979634540350664,0.05138558066577581,-0.060758679811401706,0.21483841602184794,0.45112869718899107,-2.22454707833631,-0.022323245162380323
4,0.4,0.03,12,37,0.5135135135135135,0.051095260881350434,0.051095260881350434,0.005744125326370697,-0.14874418604651174,0.20721649484536075,0.25972597094547806,-0.4352195238664913,0.1967275767430913
4,0.4,0.05,2,86,0.6162790697674418,0.04438515543016718,0.04438515543016718,0.08285010104661605,-0.0804243133467073,0.23252682697496072,0.25226256605714625,-0.8269966828272519,0.17594824362530428
4,0.4,0.05,4,78,0.7051282051282052,0.09024700368578294,0.09662945342112882,0.11649959620543426,-0.03097711120486424,0.328479637266957,0.3166979540686482,-1.497831079356979,0.28496238300996657
4,0.4,0.05,8,69,0.6956521739130435,0.029109589496034524,0.046856648602357866,0.05981412005457021,-0.060758679811401706,0.23483961601498482,0.4177107319152199,-2.22454707833631,0.06968839264092146
4,0.4,0.05,12,64,0.609375,0.0957130132006019,0.0957130132006019,0.10192333865304276,-0.08636078753100968,0.2672163157444336,0.3175789861241876,-0.7906189671331418,0.30138333259611144
8,0.2,0.03,2,486,0.668724279835391,0.005472593102295541,0.006258812403044743,0.05911158738370331,-0.0551837872967787,0.14176931352936598,0.22666778597859336,-1.2910170749814402,0.024143673873500384
8,0.2,0.03,4,419,0.5155131264916468,-0.06777601465643156,-0.06296889357103512,0.01079489695780178,-0.2001601802672699,0.15738275818897068,0.3246367184955306,-1.9636228656273205,-0.20877494995183254
8,0.2,0.03,8,367,0.4332425068119891,-0.17761505530225455,-0.13804179688621587,-0.048128342245989275,-0.36165797289926727,0.14433929214110314,0.512969017412837,-2.5469315531247485,-0.3462490896585868
8,0.2,0.03,12,359,0.5571030640668524,-0.03762150375478859,-0.012610629295037258,0.045870206489675436,-0.18997390475291032,0.2372699575432956,0.4824192010176819,-4.313956948715405,-0.07798508781454921
8,0.2,0.05,2,815,0.6650306748466258,-0.00098205247061802,0.002764511853734289,0.06372165754495696,-0.060237458540131184,0.14594141067837169,0.25644170815580264,-2.7937056576314356,-0.0038295348977373384
8,0.2,0.05,4,704,0.5397727272727273,-0.06676730170692965,-0.052903343531632355,0.03149962031128223,-0.17926589134449067,0.1553030752774892,0.3803528673051197,-4.380389303256322,-0.1755404190324371
8,0.2,0.05,8,609,0.4663382594417077,-0.14235097243252953,-0.1075530341005915,-0.029649595687331498,-0.3322724379376194,0.1644494034846794,0.5107075015955312,-4.055848644715299,-0.27873287936402447
8,0.2,0.05,12,596,0.5771812080536913,-0.02519765699739171,0.007429965810470201,0.06380584568051162,-0.19441147194196923,0.2650306467059055,0.5158825488680409,-4.313956948715405,-0.04884378634765002
8,0.3,0.03,2,287,0.6759581881533101,0.01862407597274361,0.018910812988318506,0.06688068485821297,-0.056368968470284386,0.1615961574185676,0.22200499629680448,-1.082293523469994,0.08389034608862848
8,0.3,0.03,4,249,0.5421686746987951,-0.03249370750496165,-0.029875564964064585,0.024532224532224478,-0.1731768650461023,0.1899192425508215,0.31098659083640917,-1.497831079356979,-0.10448587965663955
8,0.3,0.03,8,210,0.38571428571428573,-0.19440454313753272,-0.16006466895251695,-0.09180513919712041,-0.39679476806903985,0.10078455661784022,0.49657183756858286,-2.5283218634197984,-0.39149329146295575
8,0.3,0.03,12,203,0.5369458128078818,-0.01963938057055554,-0.006944429288668188,0.028823654541586752,-0.1648447869686377,0.20261298280494788,0.3930441430157852,-2.1157966719854113,-0.049967366056811575
8,0.3,0.05,2,488,0.6782786885245902,0.015646742889203636,0.019491003506214764,0.06993969299541858,-0.055240353663893016,0.1596007648511908,0.2508613435067095,-2.7937056576314356,0.06237207642470092
8,0.3,0.05,4,421,0.5700712589073634,-0.03506990983168259,-0.02388928492071965,0.03969816272965876,-0.15010752688172047,0.188062827225131,0.3799220983405223,-4.380389303256322,-0.09230815997507362
8,0.3,0.05,8,348,0.4281609195402299,-0.14938344917072469,-0.11569668456014548,-0.049805100845547345,-0.3531966391965814,0.14285791828122507,0.5103840885611114,-4.055848644715299,-0.2926882959691603
8,0.3,0.05,12,339,0.584070796460177,-0.010050133184860722,0.018152931309580088,0.06517690875232773,-0.15376094493741543,0.23578408149083235,0.47870491763432826,-3.510543130990416,-0.020994422272757576
8,0.4,0.03,2,132,0.6893939393939394,0.025986606960988003,0.026610042744851594,0.06767344444538975,-0.04629002367083712,0.18611866645970318,0.2413877890167035,-1.082293523469994,0.10765501878469001
8,0.4,0.03,4,121,0.5702479338842975,-0.009766911422526317,-0.00565260498155955,0.036694320357370636,-0.12241054613935964,0.20227497527200788,0.300811423285703,-1.497831079356979,-0.03246855227718515
8,0.4,0.03,8,97,0.4020618556701031,-0.1634536051039778,-0.1349822182216358,-0.04992076069730578,-0.3533374157991429,0.12458745874587462,0.46446959641925967,-2.5283218634197984,-0.35191454158483654
8,0.4,0.03,12,94,0.574468085106383,0.017900711133246254,0.021814748730534017,0.044367161021399426,-0.14191260926275628,0.19871729977849095,0.28122703439624397,-1.36791953414505,0.06365217046674278
8,0.4,0.05,2,201,0.6716417910447762,0.024848419835304825,0.02525784035008092,0.07616753150481848,-0.06269716088328092,0.18123167155425224,0.2342375317940892,-1.082293523469994,0.10608214509854161
8,0.4,0.05,4,179,0.6201117318435754,0.009375506153293191,0.01316261332962953,0.06172124022022618,-0.0923912444883378,0.21597158879241735,0.29815942883047325,-1.497831079356979,0.03144460730310794
8,0.4,0.05,8,142,0.4507042253521127,-0.12870070060824618,-0.10925193632946328,-0.039545081562865736,-0.335249632650218,0.14184978143782825,0.42906509041261465,-2.5283218634197984,-0.29995612200582406
8,0.4,0.05,12,138,0.5797101449275363,0.03149828532072205,0.03416436890148328,0.051675497184801855,-0.12683910699408046,0.20283275402496537,0.29450314417017415,-1.36791953414505,0.10695398655072166
8,0.5,0.03,2,49,0.7142857142857143,0.07157739564127501,0.07157739564127501,0.10727969348659006,-0.021610145477214848,0.2185628742514969,0.20261027635539058,-0.711018711018711,0.3532762351882091
8,0.5,0.03,4,47,0.6595744680851063,0.023670740763482207,0.023670740763482207,0.0468188666125855,-0.08793162292357248,0.20335162625819386,0.2468777911726852,-0.741790661877886,0.09588039754829579
8,0.5,0.03,8,39,0.46153846153846156,-0.057574673731434864,-0.057574673731434864,-0.009573542210617791,-0.17875709943338725,0.08502268498386578,0.2684324138711092,-0.8342198581560285,-0.21448480420505392
8,0.5,0.03,12,37,0.6216216216216216,0.0556297345780823,0.0556297345780823,0.05125442511928602,-0.08095665843251743,0.20017108639863124,0.20104650877802113,-0.3192624651686726,0.27670082368604587
8,0.5,0.05,2,70,0.6714285714285714,0.049521910935282354,0.049521910935282354,0.09394600948496129,-0.08125568556965751,0.21224755528795042,0.21460612021088749,-0.711018711018711,0.23075721646064215
8,0.5,0.05,4,66,0.6666666666666666,0.043521221225685226,0.043521221225685226,0.05478553590778967,-0.07160890970731404,0.21904366796664979,0.2417720670640812,-0.741790661877886,0.1800093027874474
8,0.5,0.05,8,54,0.5,-0.03202304518810565,-0.03202304518810565,-0.003002016062899071,-0.1635574115966647,0.14326049043094463,0.26788471199143976,-0.8342198581560285,-0.1195403983678208
8,0.5,0.05,12,52,0.6538461538461539,0.06452874153447849,0.06452874153447849,0.06460650915095667,-0.08392120034117373,0.21058887395341525,0.24145900885613666,-0.7457910447761193,0.2672451189134354
12,0.2,0.03,2,536,0.6380597014925373,-0.009318873456894168,-0.008014328567508208,0.04753974862217991,-0.06762953243212577,0.1252293465320806,0.23368422156012342,-1.2910170749814402,-0.03987806020740071
12,0.2,0.03,4,463,0.5075593952483801,-0.08783489598779853,-0.07674236692887064,0.007102107346606212,-0.21667739119660534,0.14813456214741727,0.36478812442354275,-2.258306669948314,-0.24078332080190337
12,0.2,0.03,8,415,0.44819277108433736,-0.15764658164227685,-0.11563135410331274,-0.04474623487420559,-0.3170342713766878,0.1451704036464111,0.5375358762903786,-4.579046032076651,-0.2932763906480461
12,0.2,0.03,12,405,0.6246913580246913,0.020295592542478858,0.03908925326669726,0.09908869208060589,-0.15172772148610036,0.29678452630282126,0.4535798731617983,-2.7113101437200586,0.04474535521385257
12,0.2,0.05,2,889,0.6321709786276716,-0.015702291455444186,-0.011689581424743764,0.05202626568753155,-0.07719076241695677,0.12935383137160705,0.2590040794701974,-2.7937056576314356,-0.06062565303049981
12,0.2,0.05,4,762,0.5275590551181102,-0.08057643832602507,-0.0664564326071615,0.01825479456917134,-0.19642004228532978,0.14708088945421993,0.38670194963689947,-4.380389303256322,-0.2083683270841632
12,0.2,0.05,8,673,0.4769687964338782,-0.13753231404168198,-0.09710064927088173,-0.025423728813559254,-0.31181844974948425,0.1503553854565336,0.5436741180598295,-4.579046032076651,-0.25296829382366703
12,0.2,0.05,12,659,0.6388467374810318,0.022768553038984535,0.05279603504000473,0.10957910014513772,-0.14581829817944147,0.3353127474267617,0.5077226306625681,-3.5281430825881115,0.044844471496714694
12,0.3,0.03,2,360,0.6333333333333333,-0.02245129746983996,-0.020508975078976418,0.04556260177330318,-0.07321507501725694,0.11911098632414122,0.25229557025605664,-1.2910170749814402,-0.08898807635446779
12,0.3,0.03,4,298,0.4664429530201342,-0.10626747252025816,-0.092398706218216,-0.015030703644464016,-0.21635901201634916,0.13360009671179887,0.37123196434649075,-2.258306669948314,-0.28625625680517375
12,0.3,0.03,8,257,0.377431906614786,-0.2020169254927816,-0.15883041608498735,-0.08810368770251498,-0.3533374157991429,0.10007147962830598,0.511666247128909,-2.5469315531247485,-0.3948216764860895
12,0.3,0.03,12,248,0.6088709677419355,-0.00019923083966798215,0.01838421468600902,0.08550753018732088,-0.1558571374198336,0.2709527502831535,0.43949629675900637,-2.1157966719854113,-0.000453316310369797
12,0.3,0.05,2,592,0.6300675675675675,-0.025808696958654016,-0.02104333597128006,0.05060099474242352,-0.0799677899806901,0.12570417531407838,0.27111779010010484,-2.7937056576314356,-0.09519366821751044
12,0.3,0.05,4,486,0.5,-0.10083162920253219,-0.08196714324730658,0.00028985507246387376,-0.2031726291644213,0.13555012933402052,0.41262139018909283,-4.380389303256322,-0.2443684006694948
12,0.3,0.05,8,413,0.41404358353510895,-0.17449003168927876,-0.1362513362503056,-0.0608695652173914,-0.32407331753683577,0.10504201680672265,0.5090556277649555,-4.055848644715299,-0.34277203152706415
12,0.3,0.05,12,400,0.6375,0.019813861276757137,0.042292232647121786,0.09282390005911584,-0.12376506586315389,0.2910845979888865,0.45462221459371366,-3.1671820993269053,0.043583134833092944
12,0.4,0.03,2,185,0.6432432432432432,-0.029602789249381492,-0.02814617930457585,0.05153821757056776,-0.09330459910858613,0.13243590807267913,0.275681299417451,-1.187179316319051,-0.10738047633965699
12,0.4,0.03,4,150,0.47333333333333333,-0.10692013884026262,-0.09427630995210068,-0.013032499871265757,-0.2068462440082573,0.1404025176760249,0.37777492791399087,-2.135908691834943,-0.2830260320097406
12,0.4,0.03,8,127,0.36220472440944884,-0.16976020994039664,-0.13935813013332132,-0.07042718126340097,-0.31209020936935783,0.09361943911492054,0.4595889641797348,-2.5283218634197984,-0.3693739910473727
12,0.4,0.03,12,121,0.6033057851239669,0.048853438792949136,0.05189409609993302,0.07520803893860895,-0.14516129032258074,0.26752336448598124,0.32805331301547397,-1.36791953414505,0.1489192056738801
12,0.4,0.05,2,305,0.6360655737704918,-0.026363561919234724,-0.02548004441172966,0.05754102045403464,-0.09413067552602428,0.1339409856326278,0.2610879632373674,-1.187179316319051,-0.10097578453000672
12,0.4,0.05,4,246,0.5,-0.0966569397106704,-0.08821533223737155,6.907202860167994e-05,-0.20020562770562766,0.13533373067638282,0.36235040049060646,-2.135908691834943,-0.2667499182553715
12,0.4,0.05,8,205,0.3951219512195122,-0.13905770547761206,-0.12022324628005808,-0.0608695652173914,-0.3091598569302667,0.10057471264367812,0.4150257823080551,-2.5283218634197984,-0.3350579925523657
12,0.4,0.05,12,198,0.6515151515151515,0.07137997915484898,0.07323815862022802,0.08742312509738254,-0.08429413283844944,0.2784527119594037,0.3148045805076782,-1.36791953414505,0.22674377558209638
12,0.5,0.03,2,77,0.5714285714285714,-0.06706909845024117,-0.06463819823830544,0.042739596282483694,-0.21900937081659966,0.14727954971857415,0.3123944238170455,-1.187179316319051,-0.21469364795551005
12,0.5,0.03,4,66,0.3787878787878788,-0.15592923036386758,-0.14500036297317953,-0.05692906084915905,-0.30991798369692536,0.05577163081660838,0.3453409891784795,-1.497831079356979,-0.45152251035940616
12,0.5,0.03,8,55,0.3090909090909091,-0.1721635321399924,-0.1468828723006415,-0.08483853311439504,-0.247446221815526,0.03209338821912844,0.42100937816600575,-2.22454707833631,-0.4089303969663773
12,0.5,0.03,12,50,0.56,0.042941358500335626,0.042941358500335626,0.027348618481221,-0.07941675938295012,0.2301350661613769,0.2360513299099986,-0.4352195238664913,0.1819153423821347
12,0.5,0.05,2,124,0.5645161290322581,-0.061673351584035314,-0.06016384096855911,0.045862827292065644,-0.21401630209501293,0.13957041300777948,0.2942165719068807,-1.187179316319051,-0.20961889122804025
12,0.5,0.05,4,105,0.4,-0.14835122862386543,-0.13976678716679267,-0.030557677616501078,-0.3125710786457878,0.09441282979824106,0.3560148746744425,-1.497831079356979,-0.41669952346661104
12,0.5,0.05,8,88,0.4090909090909091,-0.10513435241303272,-0.08933394001343843,-0.04539919435915851,-0.23092520661157023,0.10019728788214902,0.3885357147775415,-2.22454707833631,-0.27059121829566696
12,0.5,0.05,12,83,0.6265060240963856,0.06976518443331996,0.06976518443331996,0.061419472247497775,-0.07787686033338281,0.266042509758113,0.29209313266919296,-0.7457910447761193,0.23884568526413044
