rank,label,_ret_th_key,ret_th,base_lookback,fresh_big_th,max_prior_extension,n,win_pct,mean_pct,median_pct,total_pct,mdd_pct,sharpe,profit_factor,avg_held_bars
203,p203,big,"[0.05, 0.08, 0.12, 0.18]",30.0,0.12,0.5,2881,47.55293300937174,7.418728550586441,-1.8132408575031507,1.866426363246955e+57,-94.67346376374111,0.5529680785774194,2.0113591339797843,74.82158972578965
107,p107,loose,"[0.05, 0.07, 0.1, 0.15]",30.0,0.12,0.5,2946,47.75967413441955,7.447958752176724,-1.7332659605752638,2.561484229203977e+58,-97.61786658575126,0.5521588239312585,2.0069857819762,75.03088934147998
57,p057,tight,"[0.02, 0.04, 0.06, 0.08]",30.0,0.12,0.2,3327,48.93297264803126,7.660832021160456,-0.9793478260869511,7.81137621665214e+69,-98.68683879184434,0.5517871986878322,2.0713793214082723,81.93748121430718
9,p009,default,"[0.03, 0.05, 0.07, 0.1]",30.0,0.12,0.2,3143,48.55233853006681,7.603719415847578,-1.1333333333333302,4.399421474316307e+65,-98.52942419947523,0.5514312427976683,2.061451461300636,80.80209990454979
202,p202,big,"[0.05, 0.08, 0.12, 0.18]",30.0,0.12,0.3,2759,47.408481333816596,7.386056243667515,-1.820270270270274,6.860840845332902e+54,-96.46432929903067,0.5463589554083639,2.010842317809473,76.55889815150417
11,p011,default,"[0.03, 0.05, 0.07, 0.1]",30.0,0.12,0.5,3419,47.85024861070488,7.385757549543759,-1.6757523645743784,1.8442758199889633e+68,-97.80726306549408,0.5456701871538259,2.019758205736992,77.71278151506289
215,p215,big,"[0.05, 0.08, 0.12, 0.18]",60.0,0.12,0.5,2669,47.13375796178344,7.360801494975903,-1.8831134564643799,9.189424851060065e+52,-97.57205520463921,0.5439408620743583,2.007332389941081,76.83476957662046
59,p059,tight,"[0.02, 0.04, 0.06, 0.08]",30.0,0.12,0.5,3631,48.16854860919857,7.418871418274852,-1.4689691817215684,3.419265865525162e+72,-98.28010669298254,0.5438620209022498,2.022936104317257,78.75819333516938
119,p119,loose,"[0.05, 0.07, 0.1, 0.15]",60.0,0.12,0.5,2736,47.404970760233915,7.378079150134487,-1.778631577714534,9.122842756893365e+53,-98.43265475911491,0.5428718108192256,2.000565496384859,76.8344298245614
106,p106,loose,"[0.05, 0.07, 0.1, 0.15]",30.0,0.12,0.3,2831,47.651006711409394,7.368963570987155,-1.7897579143389182,2.837889648495804e+55,-98.26215184623312,0.5427308261362069,1.9971288569116183,76.50194277640409
200,p200,big,"[0.05, 0.08, 0.12, 0.18]",30.0,0.08,0.5,2714,47.531319086219604,7.389120929106702,-1.7329540413222262,3.753064818930096e+53,-96.33938340554286,0.5426605119074098,2.008945183149568,77.09801031687546
58,p058,tight,"[0.02, 0.04, 0.06, 0.08]",30.0,0.12,0.3,3475,48.31654676258993,7.440923825913422,-1.457024793388428,8.002287653100019e+69,-98.74527875290356,0.5415731279392955,2.0298103855537817,80.28489208633094
10,p010,default,"[0.03, 0.05, 0.07, 0.1]",30.0,0.12,0.3,3280,47.92682926829268,7.387568639952054,-1.5065445872746381,3.9865762768453405e+65,-98.40032308411688,0.5412619037142848,2.0218143629229917,79.27378048780488
23,p023,default,"[0.03, 0.05, 0.07, 0.1]",60.0,0.12,0.5,3187,47.88202070913085,7.380553573389852,-1.4689691817215684,5.5828732884781025e+63,-97.47141002339694,0.5388570336727293,2.021848466545436,79.96799497960464
199,p199,big,"[0.05, 0.08, 0.12, 0.18]",30.0,0.08,0.3,2636,47.30652503793627,7.345570920129342,-1.8167555638867123,6.031926379630782e+51,-97.28138532836267,0.5368229675392816,2.0033932985007454,78.17754172989378
104,p104,loose,"[0.05, 0.07, 0.1, 0.15]",30.0,0.08,0.5,2774,47.6928622927181,7.372056814946884,-1.7332659605752638,6.124853379744572e+53,-98.29140676831571,0.536594742024743,1.9913816449309723,77.43619322278299
71,p071,tight,"[0.02, 0.04, 0.06, 0.08]",60.0,0.12,0.5,3381,48.06270334220645,7.354137888872024,-1.43278791692889,1.775189359728537e+67,-97.16586263900984,0.535761774306122,2.020154849700057,80.81573498964804
118,p118,loose,"[0.05, 0.07, 0.1, 0.15]",60.0,0.12,0.3,2522,47.58128469468675,7.312918203146773,-1.6963809223170252,2.2899893660166185e+49,-98.54931797509074,0.5323114925052211,1.9919909688185484,78.9817605075337
214,p214,big,"[0.05, 0.08, 0.12, 0.18]",60.0,0.12,0.3,2462,47.400487408610886,7.314815393107852,-1.73797797265775,2.694957041566418e+48,-98.73370050034369,0.5322706961806087,1.9966785999298793,79.24248578391551
227,p227,big,"[0.05, 0.08, 0.12, 0.18]",90.0,0.12,0.5,2436,47.3727422003284,7.343245423393075,-1.6963809223170252,1.1621476771762663e+48,-96.49912649550093,0.5314823940568728,1.9989807480131343,79.65927750410509
105,p105,loose,"[0.05, 0.07, 0.1, 0.15]",30.0,0.12,0.2,2703,47.57676655567887,7.2864992187676005,-1.8706806282722472,9.808431453816752e+51,-98.26215184623312,0.5303807517111366,1.9811518797352734,78.08176100628931
155,p155,stretched,"[0.03, 0.06, 0.1, 0.15]",30.0,0.12,0.5,3252,47.6629766297663,7.242247226709911,-1.778631577714534,3.515467283447665e+62,-96.5303504746507,0.5294341989935197,1.9853200533969766,78.82380073800738
56,p056,tight,"[0.02, 0.04, 0.06, 0.08]",30.0,0.08,0.5,3409,47.96127896743913,7.330038697286937,-1.5720156555772964,6.095548701701358e+66,-98.57155702496247,0.5287087922567947,2.0086926077929856,81.4828395423878
54,p054,tight,"[0.02, 0.04, 0.06, 0.08]",30.0,0.08,0.2,3211,48.302709436312675,7.3832903958252025,-1.3460251046025102,8.783120864601781e+63,-98.68683879184434,0.5286754254583603,2.022653858054483,83.30146371846777
103,p103,loose,"[0.05, 0.07, 0.1, 0.15]",30.0,0.08,0.3,2702,47.48334566987417,7.280210751603372,-1.8167555638867123,4.228713530537493e+51,-98.54991117598793,0.5285720210093144,1.9785599979121002,78.25832716506292
131,p131,loose,"[0.05, 0.07, 0.1, 0.15]",90.0,0.12,0.5,2502,47.561950439648285,7.30466131775257,-1.6963809223170252,4.302970167523737e+48,-96.4704489427177,0.5279733540335232,1.9860793925462479,79.45483613109512
8,p008,default,"[0.03, 0.05, 0.07, 0.1]",30.0,0.08,0.5,3216,47.57462686567165,7.250611525222582,-1.7965637679522468,2.9238601278817436e+62,-98.30085750694654,0.5276338684761236,1.9977391208240165,80.3594527363184
201,p201,big,"[0.05, 0.08, 0.12, 0.18]",30.0,0.12,0.2,2634,47.15261958997722,7.207515032531258,-2.021642969500736,2.7900337548480763e+50,-96.23273633813771,0.5272961784181883,1.9776529118119528,78.15907365223994
6,p006,default,"[0.03, 0.05, 0.07, 0.1]",30.0,0.08,0.2,3032,47.85620052770449,7.304837707410168,-1.4629969875549982,5.5857403360429975e+59,-98.45566780798437,0.5263376598547115,2.007768443969687,82.188654353562
153,p153,stretched,"[0.03, 0.06, 0.1, 0.15]",30.0,0.12,0.2,3004,48.06924101198402,7.3017686922689675,-1.4775853568347093,5.178649133962493e+58,-98.20892449085889,0.5256286865252717,2.0002434929715642,81.77563249001332
154,p154,stretched,"[0.03, 0.06, 0.1, 0.15]",30.0,0.12,0.3,3136,47.704081632653065,7.210861532772133,-1.6838551749474346,1.0437382925572617e+60,-97.46877148618984,0.5238099062322897,1.9824874065909492,80.1890943877551
55,p055,tight,"[0.02, 0.04, 0.06, 0.08]",30.0,0.08,0.3,3317,47.934880916490805,7.26027429412493,-1.6541666666666672,2.5545596440057046e+64,-98.57155702496246,0.5233695986402725,1.9989869146128008,82.20681338558938
143,p143,loose,"[0.05, 0.07, 0.1, 0.15]",120.0,0.12,0.5,2307,47.55093194625054,7.2912699328261565,-1.5121212121212086,1.1198478807370515e+45,-98.24392101038535,0.5226596674557559,1.9951913528639387,81.54312960554833
167,p167,stretched,"[0.03, 0.06, 0.1, 0.15]",60.0,0.12,0.5,3045,47.520525451559934,7.187609240468386,-1.6843111404087003,2.0904336864540752e+58,-97.72912137124,0.5212654030330133,1.982606266836607,80.77733990147783
83,p083,tight,"[0.02, 0.04, 0.06, 0.08]",90.0,0.12,0.5,3133,48.03702521544845,7.264932495940315,-1.4842105263157874,1.0525298075543739e+61,-96.94173927494641,0.5208073531445334,2.0008991313226945,83.08203000319183
7,p007,default,"[0.03, 0.05, 0.07, 0.1]",30.0,0.08,0.3,3138,47.482472912683235,7.168395857156024,-1.803564510030908,1.2225924103749968e+60,-98.45906115304919,0.5204403022840506,1.9833881545119338,81.06819630337795
22,p022,default,"[0.03, 0.05, 0.07, 0.1]",60.0,0.12,0.3,2958,47.8025693035835,7.184826178652705,-1.5266026546767837,1.096675833845491e+57,-98.85349731192528,0.5190447104776068,1.9901933171642663,82.26470588235294
198,p198,big,"[0.05, 0.08, 0.12, 0.18]",30.0,0.08,0.2,2542,46.970889063729345,7.158605038119081,-2.021642969500736,9.125019240761761e+47,-97.10331104640001,0.5189219286105405,1.9687313131477222,79.30841856805665
117,p117,loose,"[0.05, 0.07, 0.1, 0.15]",60.0,0.12,0.2,2377,47.37063525452251,7.139859182715858,-1.8033696215655755,1.7734104667594484e+45,-97.60556647681126,0.5172118923859005,1.9670629354421927,80.44173327724022
35,p035,default,"[0.03, 0.05, 0.07, 0.1]",90.0,0.12,0.5,2943,47.536527353041116,7.170197023235094,-1.76750524109015,2.6626135704606134e+56,-98.03504325200466,0.516763064760423,1.984554438795012,82.16139993204213
213,p213,big,"[0.05, 0.08, 0.12, 0.18]",60.0,0.12,0.2,2321,47.13485566566135,7.122944136105018,-1.8831134564643799,2.027882845256049e+44,-96.16118996575203,0.516332333374878,1.9696694347916157,80.7914691943128
70,p070,tight,"[0.02, 0.04, 0.06, 0.08]",60.0,0.12,0.3,3145,48.04451510333863,7.1608003715950455,-1.4842105263157874,1.691505544207665e+60,-98.6207103101435,0.5159159015222634,1.9872386362515457,83.07821939586645
95,p095,tight,"[0.02, 0.04, 0.06, 0.08]",120.0,0.12,0.5,2900,48.10344827586207,7.259403608551447,-1.3842099077393195,9.75979919859382e+56,-96.50021551296643,0.5155859215227884,2.0110451331903447,85.59655172413792
47,p047,default,"[0.03, 0.05, 0.07, 0.1]",120.0,0.12,0.5,2726,47.68892149669846,7.2035033637491726,-1.5504471519053926,1.6908266971438579e+53,-96.27769382765109,0.5155148978779671,2.0041639886931355,84.38848129126926
102,p102,loose,"[0.05, 0.07, 0.1, 0.15]",30.0,0.08,0.2,2605,47.216890595009595,7.154027467757524,-1.9898608349900644,2.7571171131730365e+48,-98.31928655224374,0.5154796880412977,1.9565793283460364,79.34395393474088
69,p069,tight,"[0.02, 0.04, 0.06, 0.08]",60.0,0.12,0.2,2938,48.23008849557522,7.194048696146322,-1.4425203051464992,2.0160089134087014e+57,-97.19105636329512,0.5146867098252162,2.002045652184824,85.31586113002042
239,p239,big,"[0.05, 0.08, 0.12, 0.18]",120.0,0.12,0.5,2249,47.08759448643842,7.161519383760444,-1.8033696215655755,1.31981773866346e+43,-97.48331202126545,0.5134067948241954,1.9765527459119843,82.02979101823033
226,p226,big,"[0.05, 0.08, 0.12, 0.18]",90.0,0.12,0.3,2206,47.23481414324569,7.169619855135998,-1.73797797265775,1.6204549678126195e+42,-95.91969198840951,0.5131078401771595,1.9718250129144228,81.95920217588396
21,p021,default,"[0.03, 0.05, 0.07, 0.1]",60.0,0.12,0.2,2772,47.87157287157287,7.125088637589448,-1.504268593717933,2.1356173085477217e+53,-97.36089046602775,0.5122150395040789,1.9890111916053521,84.17243867243867
130,p130,loose,"[0.05, 0.07, 0.1, 0.15]",90.0,0.12,0.3,2258,47.475642161204604,7.167336421057881,-1.6800317524915394,6.751118864975145e+42,-96.33784933406523,0.5111700047237114,1.9639400494168548,81.9074402125775
34,p034,default,"[0.03, 0.05, 0.07, 0.1]",90.0,0.12,0.3,2665,47.87992495309569,7.186582945688341,-1.457024793388428,3.2338452474510826e+51,-97.20645407594499,0.5104016532452043,1.9891412502102486,84.906191369606
152,p152,stretched,"[0.03, 0.06, 0.1, 0.15]",30.0,0.08,0.5,3079,47.32055862292952,7.072273782703011,-1.961129568106312,9.456853202694815e+56,-97.57514731459173,0.5094045342163129,1.9546779632646722,81.09710945112049
150,p150,stretched,"[0.03, 0.06, 0.1, 0.15]",30.0,0.08,0.2,2908,47.420907840440165,7.092487512208183,-1.8167555638867123,2.8786459400688276e+54,-98.11909351009967,0.5074352906784146,1.9638943656511778,82.91093535075653
151,p151,stretched,"[0.03, 0.06, 0.1, 0.15]",30.0,0.08,0.3,3008,47.273936170212764,7.049902374717047,-1.908249043418286,4.3317594876859267e+55,-97.7673789114347,0.5068246101505836,1.9533389016562714,81.86569148936171
166,p166,stretched,"[0.03, 0.06, 0.1, 0.15]",60.0,0.12,0.3,2825,47.75221238938053,7.079553063812642,-1.5448132780082942,9.742897659257586e+52,-98.41525747933613,0.5067298198459024,1.9637541265331762,83.29132743362833
82,p082,tight,"[0.02, 0.04, 0.06, 0.08]",90.0,0.12,0.3,2854,47.93272599859846,7.131303363928783,-1.6775313547009836,2.6053815270654033e+54,-97.2102697547422,0.5052132653212136,1.9793571731263577,85.70672740014015
225,p225,big,"[0.05, 0.08, 0.12, 0.18]",90.0,0.12,0.2,2050,47.21951219512195,7.094959276966659,-1.6963809223170252,4.213794348926218e+38,-94.74314732889708,0.502908107700003,1.9596918644852663,83.48634146341463
179,p179,stretched,"[0.03, 0.06, 0.1, 0.15]",90.0,0.12,0.5,2807,47.31029568934806,7.004759131170946,-1.8037593984962403,3.860493187594383e+51,-96.89593502879684,0.5001588556981962,1.9465139204741608,83.07018168863556
142,p142,loose,"[0.05, 0.07, 0.1, 0.15]",120.0,0.12,0.3,2064,46.94767441860465,7.003989251665928,-1.992388044613674,4.094604711043929e+38,-97.81475428328467,0.49911971469195077,1.952159734856552,83.68168604651163
221,p221,big,"[0.05, 0.08, 0.12, 0.18]",90.0,0.05,0.5,888,48.873873873873876,7.523104414985614,-0.48379846842922486,3.2318933801980114e+20,-90.39133844187803,0.49904783403155667,2.101994915063723,103.74211711711712
220,p220,big,"[0.05, 0.08, 0.12, 0.18]",90.0,0.05,0.3,875,48.8,7.5035634773630715,-0.5068252326783871,1.503445574695041e+20,-90.39133844187803,0.498024259809149,2.100292226670248,103.75885714285714
178,p178,stretched,"[0.03, 0.06, 0.1, 0.15]",90.0,0.12,0.3,2535,47.57396449704142,7.084095737083623,-1.6757523645743784,4.202844134054521e+47,-95.54605847397409,0.49768000811038043,1.9612069645922583,85.89664694280079
125,p125,loose,"[0.05, 0.07, 0.1, 0.15]",90.0,0.05,0.5,899,49.165739710789765,7.525766311915129,-0.40416666666667184,3.755579024508093e+20,-90.39133844187803,0.49554860501626363,2.089919590891002,103.9766407119021
123,p123,loose,"[0.05, 0.07, 0.1, 0.15]",90.0,0.05,0.2,858,49.06759906759907,7.485197931841949,-0.5726173540718524,4.6388221939840295e+19,-90.39133844187803,0.4946376051355035,2.091687834309072,104.18531468531468
124,p124,loose,"[0.05, 0.07, 0.1, 0.15]",90.0,0.05,0.3,886,49.09706546275395,7.506507039048718,-0.45549594967252943,1.7470590767039087e+20,-90.39133844187803,0.49449069411248303,2.0880696103540552,103.99661399548533
68,p068,tight,"[0.02, 0.04, 0.06, 0.08]",60.0,0.08,0.5,2870,47.386759581881535,7.011784870475125,-1.8141961863273321,3.1255562720283654e+53,-97.65417909345761,0.49427249591619404,1.961518967807331,87.07177700348431
33,p033,default,"[0.03, 0.05, 0.07, 0.1]",90.0,0.12,0.2,2466,47.688564476885645,7.0291013379885765,-1.5065445872746381,1.3407169476309884e+46,-97.89127484343079,0.4939455052462245,1.9618173341348464,86.88848337388484
129,p129,loose,"[0.05, 0.07, 0.1, 0.15]",90.0,0.12,0.2,2097,47.21030042918455,6.9697053931546,-1.8033696215655755,1.4888471988443174e+38,-95.04985127857437,0.4934016474045035,1.9328428224271952,83.36003814973772
165,p165,stretched,"[0.03, 0.06, 0.1, 0.15]",60.0,0.12,0.2,2664,47.56006006006006,6.9386854532982545,-1.7511898608159544,5.402935784856469e+48,-97.71199921427876,0.4932840049660572,1.9436340237612648,84.97972972972973
219,p219,big,"[0.05, 0.08, 0.12, 0.18]",90.0,0.05,0.2,847,48.642266824085006,7.41148288059708,-0.6676470588235282,2.1763235450001654e+19,-90.39133844187803,0.49324335105672185,2.0886856254733686,103.93978748524204
238,p238,big,"[0.05, 0.08, 0.12, 0.18]",120.0,0.12,0.3,2016,46.77579365079365,6.933956588692889,-2.134194044610482,1.7950577386270997e+37,-96.94797938288949,0.4928954611620206,1.9394835625569957,84.14781746031746
191,p191,stretched,"[0.03, 0.06, 0.1, 0.15]",120.0,0.12,0.5,2613,47.41676234213548,6.955313125265541,-1.7492753623188357,9.040650955318211e+47,-96.64298828800176,0.4928055857994721,1.9474890599349957,85.33141982395713
212,p212,big,"[0.05, 0.08, 0.12, 0.18]",60.0,0.08,0.5,2266,46.8667255075022,6.97169933433691,-2.000193575389769,8.844904450921342e+40,-97.70255029602907,0.4927387894137149,1.928440909274696,82.95013239187996
116,p116,loose,"[0.05, 0.07, 0.1, 0.15]",60.0,0.08,0.5,2304,47.00520833333333,6.98171815375257,-1.9321396862977176,3.0739131922972028e+41,-98.7060475654702,0.4917077368558827,1.9266055870793137,83.21397569444444
211,p211,big,"[0.05, 0.08, 0.12, 0.18]",60.0,0.08,0.3,2155,47.053364269141525,6.98203464674908,-1.9898608349900644,1.7233531759654864e+39,-98.03048177047188,0.4904273353467718,1.9325275270470563,84.31415313225058
94,p094,tight,"[0.02, 0.04, 0.06, 0.08]",120.0,0.12,0.3,2629,47.43248383415747,6.957304757025164,-1.7897579143389182,9.353352680420735e+48,-95.07974928996708,0.4897027125065079,1.9619341733419948,88.13503233168505
20,p020,default,"[0.03, 0.05, 0.07, 0.1]",60.0,0.08,0.5,2711,46.80929546292881,6.843431915627594,-2.037451737451734,1.67846557949061e+49,-97.69579940031308,0.4881146046820028,1.9385089983867712,85.74769457764663
115,p115,loose,"[0.05, 0.07, 0.1, 0.15]",60.0,0.08,0.3,2190,47.12328767123288,6.965137150628986,-1.9706184908895248,3.1727166542488714e+39,-98.23050533013145,0.4878402871429773,1.9266804000316458,84.4986301369863
46,p046,default,"[0.03, 0.05, 0.07, 0.1]",120.0,0.12,0.3,2453,47.04443538524256,6.872197956098702,-1.8706806282722472,1.290274521973745e+45,-94.09444242547474,0.486961236905783,1.9497677540238758,87.00244598450877
197,p197,big,"[0.05, 0.08, 0.12, 0.18]",30.0,0.05,0.5,2094,46.99140401146132,6.979708844018435,-1.8014993859210344,2.17782175638716e+38,-97.33404230793377,0.4865569597206309,1.9348334684250539,86.33142311365808
67,p067,tight,"[0.02, 0.04, 0.06, 0.08]",60.0,0.08,0.3,2745,47.46812386156648,6.930235789325347,-1.8151515151515136,2.8171190491545236e+50,-98.37006379643086,0.48648727278678255,1.9505361696112486,88.28233151183971
3,p003,default,"[0.03, 0.05, 0.07, 0.1]",30.0,0.05,0.2,2540,47.36220472440945,6.933587133127506,-1.7967586564175793,1.0939119125932816e+47,-98.80898418511651,0.485843572244884,1.9520833314297101,88.61496062992126
53,p053,tight,"[0.02, 0.04, 0.06, 0.08]",30.0,0.05,0.5,2745,47.35883424408014,6.951213789563244,-1.8132408575031507,6.257088379852619e+50,-99.01815622937971,0.4851034616452453,1.9553074131550554,89.44007285974499
177,p177,stretched,"[0.03, 0.06, 0.1, 0.15]",90.0,0.12,0.2,2366,47.4218089602705,6.952494824683979,-1.7511898608159544,2.0737852855648165e+43,-97.79818728635355,0.4850869194873095,1.9422823976809553,87.54649196956889
196,p196,big,"[0.05, 0.08, 0.12, 0.18]",30.0,0.05,0.3,2086,46.88398849472675,6.932850253459291,-1.851691863367327,6.449354171166697e+37,-97.33404230793377,0.48299252165706846,1.927722721844567,86.49952061361458
4,p004,default,"[0.03, 0.05, 0.07, 0.1]",30.0,0.05,0.3,2572,47.161741835147744,6.877518909584333,-1.8454754492712606,1.1484128028307433e+47,-98.80898418511651,0.48239227056530976,1.9437624019246693,88.54393468118197
52,p052,tight,"[0.02, 0.04, 0.06, 0.08]",30.0,0.05,0.3,2732,47.32796486090776,6.912894406395412,-1.8085001279996955,1.4967758635194402e+50,-99.01815622937971,0.48238469321922417,1.9504210818702625,89.59040995607613
5,p005,default,"[0.03, 0.05, 0.07, 0.1]",30.0,0.05,0.5,2582,47.134004647560026,6.867115899293544,-1.9036438069935764,1.3241919403819077e+47,-98.80898418511651,0.48196887829930773,1.941342407219224,88.41711851278079
81,p081,tight,"[0.02, 0.04, 0.06, 0.08]",90.0,0.12,0.2,2635,47.47628083491461,6.848115568427347,-1.8151515151515136,2.3451478559349598e+47,-97.67371055721834,0.48079026858455404,1.9329881147214583,87.72333965844402
51,p051,tight,"[0.02, 0.04, 0.06, 0.08]",30.0,0.05,0.2,2700,47.40740740740741,6.896057823919014,-1.799543250649987,2.4132307429847285e+49,-99.01815622937971,0.4806329114475758,1.9469260906631163,89.76481481481481
19,p019,default,"[0.03, 0.05, 0.07, 0.1]",60.0,0.08,0.3,2591,46.85449633346198,6.774777009923036,-2.037451737451734,3.427655580670957e+46,-98.45439590633143,0.48062909736648357,1.9288289816971396,87.15052103434967
101,p101,loose,"[0.05, 0.07, 0.1, 0.15]",30.0,0.05,0.5,2146,46.97110904007455,6.88402505566066,-1.937016396956381,1.1921753895883634e+38,-98.49638893994091,0.47778664578938923,1.9113019857015712,86.31453867660764
156,p156,stretched,"[0.03, 0.06, 0.1, 0.15]",60.0,0.03,0.2,477,51.57232704402516,7.738494653061712,0.652380952380949,2982522652042.688,-81.94176109677814,0.47655648457819544,2.187581748294395,125.25366876310272
61,p061,tight,"[0.02, 0.04, 0.06, 0.08]",60.0,0.03,0.3,553,51.89873417721519,7.762488838846152,1.0975155279503106,212554287646579.56,-87.77036794719092,0.4761940992343567,2.22535144788269,129.06871609403254
62,p062,tight,"[0.02, 0.04, 0.06, 0.08]",60.0,0.03,0.5,553,51.89873417721519,7.762488838846152,1.0975155279503106,212554287646579.56,-87.77036794719092,0.4761940992343567,2.22535144788269,129.06871609403254
157,p157,stretched,"[0.03, 0.06, 0.1, 0.15]",60.0,0.03,0.3,477,51.57232704402516,7.740895799870308,0.652380952380949,3008803146855.961,-81.94176109677814,0.4759466708248365,2.1879502383241367,125.62683438155136
158,p158,stretched,"[0.03, 0.06, 0.1, 0.15]",60.0,0.03,0.5,477,51.57232704402516,7.740895799870308,0.652380952380949,3008803146855.961,-81.94176109677814,0.4759466708248365,2.1879502383241367,125.62683438155136
66,p066,tight,"[0.02, 0.04, 0.06, 0.08]",60.0,0.08,0.2,2630,47.338403041825096,6.79161678892464,-1.9393422962065694,1.3551986113937926e+47,-97.92766433600958,0.47568591323843606,1.929569299991115,89.3148288973384
100,p100,loose,"[0.05, 0.07, 0.1, 0.15]",30.0,0.05,0.3,2139,46.89107059373539,6.852132535797352,-1.9898608349900644,4.943260290464859e+37,-98.49638893994091,0.47544935292763313,1.9069131831180122,86.42636746143057
60,p060,tight,"[0.02, 0.04, 0.06, 0.08]",60.0,0.03,0.2,552,51.81159420289855,7.742573946115732,1.0368088080586872,179273631691740.66,-87.7703679471909,0.47513093489854147,2.2199976321749735,128.82608695652175
18,p018,default,"[0.03, 0.05, 0.07, 0.1]",60.0,0.08,0.2,2484,46.94041867954911,6.715851390689828,-2.0324306199200888,1.4112511038329406e+44,-97.74359078384329,0.4748307008574013,1.9206268912506081,88.12761674718196
210,p210,big,"[0.05, 0.08, 0.12, 0.18]",60.0,0.08,0.2,2075,46.554216867469876,6.702116571428651,-2.219385796545103,5.366757083927906e+35,-97.5613496796863,0.47186939678018114,1.8891580451016834,84.81831325301205
147,p147,stretched,"[0.03, 0.06, 0.1, 0.15]",30.0,0.05,0.2,2400,47.5,6.853758093946554,-1.716793251363768,1.0788476342565536e+43,-98.49386358288842,0.4713138440070201,1.9223183873087524,90.29916666666666
237,p237,big,"[0.05, 0.08, 0.12, 0.18]",120.0,0.12,0.2,1833,46.208401527550464,6.719660833646185,-2.3308692120227454,2.2314475321089302e+32,-96.38279872061865,0.47044416818639967,1.9037111883938278,86.6999454446263
114,p114,loose,"[0.05, 0.07, 0.1, 0.15]",60.0,0.08,0.2,2106,46.67616334283001,6.704748350869248,-2.2140017473182447,1.0967141437416837e+36,-97.55184864392209,0.47012601778986873,1.886680762506494,85.04415954415954
148,p148,stretched,"[0.03, 0.06, 0.1, 0.15]",30.0,0.05,0.3,2432,47.368421052631575,6.8160143201381125,-1.753366370368969,1.7234483485180134e+43,-98.3117458115143,0.46923817437654713,1.9165152205659355,90.16282894736842
141,p141,loose,"[0.05, 0.07, 0.1, 0.15]",120.0,0.12,0.2,1875,46.29333333333333,6.680535755491909,-2.2635343618513377,5.262839625873682e+32,-97.45331973223135,0.4689056748083351,1.8986258403433438,86.45813333333334
149,p149,stretched,"[0.03, 0.06, 0.1, 0.15]",30.0,0.05,0.5,2437,47.353303241690604,6.803862332212682,-1.76750524109015,1.5328172319671e+43,-98.3117458115143,0.4684304919690152,1.9135471849595955,90.10709889208043
195,p195,big,"[0.05, 0.08, 0.12, 0.18]",30.0,0.05,0.2,2048,46.58203125,6.74903058122681,-2.0723689562443743,3.0304046291973316e+35,-96.91004380558714,0.46807383593110435,1.8930198550727206,86.9345703125
190,p190,stretched,"[0.03, 0.06, 0.1, 0.15]",120.0,0.12,0.3,2339,46.94313809320222,6.694425281254794,-1.9949152542372834,5.553808282048644e+40,-97.14064462298795,0.4676655680381996,1.9020769555416597,88.09491235570756
45,p045,default,"[0.03, 0.05, 0.07, 0.1]",120.0,0.12,0.2,2240,46.69642857142857,6.695292664456091,-2.117855212162189,3.318253083439551e+39,-96.12934535470464,0.46683884670182146,1.9136364212260664,89.40982142857143
12,p012,default,"[0.03, 0.05, 0.07, 0.1]",60.0,0.03,0.2,498,51.00401606425703,7.482242453819634,0.422106360792496,3280348965313.024,-82.59809612569829,0.46585442025739165,2.1572597151820117,124.77309236947791
13,p013,default,"[0.03, 0.05, 0.07, 0.1]",60.0,0.03,0.3,498,51.00401606425703,7.484542347449555,0.422106360792496,3309253756332.5728,-82.59809612569829,0.46528420147036126,2.15761543397401,125.13052208835342
14,p014,default,"[0.03, 0.05, 0.07, 0.1]",60.0,0.03,0.5,498,51.00401606425703,7.484542347449555,0.422106360792496,3309253756332.5728,-82.59809612569829,0.46528420147036126,2.15761543397401,125.13052208835342
164,p164,stretched,"[0.03, 0.06, 0.1, 0.15]",60.0,0.08,0.5,2584,46.71052631578947,6.617843142039237,-2.0351056803318666,9.023913361015504e+43,-98.02464515116583,0.4649306207498314,1.8888022207146307,87.2000773993808
93,p093,tight,"[0.02, 0.04, 0.06, 0.08]",120.0,0.12,0.2,2408,46.96843853820598,6.661767597858205,-2.0602292751883184,1.3654153564750031e+42,-97.89775308220976,0.4646346479430829,1.9114570569035585,90.17857142857143
163,p163,stretched,"[0.03, 0.06, 0.1, 0.15]",60.0,0.08,0.3,2475,46.909090909090914,6.608111675852503,-2.02880450597328,1.7431418884333436e+42,-98.3451316918019,0.46229416990166877,1.8893708606041548,88.46020202020202
99,p099,loose,"[0.05, 0.07, 0.1, 0.15]",30.0,0.05,0.2,2098,46.56816015252622,6.669653549436104,-2.2143468362200434,2.025138241801528e+35,-98.25725204760609,0.460505129083511,1.8731421651804772,86.95948522402288
144,p144,stretched,"[0.03, 0.06, 0.1, 0.15]",30.0,0.03,0.2,1270,48.89763779527559,7.1229777957195095,-0.8243456633504728,5.288263314288584e+25,-95.54514814209664,0.4598458342657818,1.9860785264273353,105.95433070866142
145,p145,stretched,"[0.03, 0.06, 0.1, 0.15]",30.0,0.03,0.3,1271,48.85916601101495,7.1045469388660685,-0.9810442678774175,4.441060847192073e+25,-95.54514814209664,0.4586965748285081,1.9826402673564043,105.94964594807239
146,p146,stretched,"[0.03, 0.06, 0.1, 0.15]",30.0,0.03,0.5,1271,48.85916601101495,7.1045469388660685,-0.9810442678774175,4.441060847192073e+25,-95.54514814209664,0.4586965748285081,1.9826402673564043,105.94964594807239
49,p049,tight,"[0.02, 0.04, 0.06, 0.08]",30.0,0.03,0.3,1490,48.7248322147651,7.073705400222684,-1.228438560017508,5.166469595558423e+29,-97.5614300002315,0.45836491238379595,1.9817510201292874,105.89664429530201
50,p050,tight,"[0.02, 0.04, 0.06, 0.08]",30.0,0.03,0.5,1490,48.7248322147651,7.073705400222684,-1.228438560017508,5.166469595558423e+29,-97.5614300002315,0.45836491238379595,1.9817510201292874,105.89664429530201
48,p048,tight,"[0.02, 0.04, 0.06, 0.08]",30.0,0.03,0.2,1488,48.723118279569896,7.073331593994156,-1.228438560017508,4.696010421559909e+29,-97.5614300002315,0.4581353477244476,1.9817997284251363,105.98051075268818
162,p162,stretched,"[0.03, 0.06, 0.1, 0.15]",60.0,0.08,0.2,2383,46.705832983634075,6.490365245269611,-2.055264228278219,4.1638860781640005e+39,-98.02094506018733,0.45290521308806,1.8712759173969888,89.2308015107008
173,p173,stretched,"[0.03, 0.06, 0.1, 0.15]",90.0,0.05,0.5,1068,48.59550561797753,6.957596067460028,-1.1299310133701719,4.632464985209946e+21,-93.20471777955976,0.4499599342936712,1.9838439610536045,109.55805243445693
171,p171,stretched,"[0.03, 0.06, 0.1, 0.15]",90.0,0.05,0.2,1037,48.5053037608486,6.9457336990980805,-1.2536473374748054,1.199047656947647e+21,-94.5548571343099,0.4499458514967347,1.9876761157071856,109.73770491803279
128,p128,loose,"[0.05, 0.07, 0.1, 0.15]",90.0,0.08,0.5,1915,46.579634464751955,6.522626851335139,-2.5455089820359262,4.425276243767424e+31,-96.44625638590557,0.4492924728408578,1.8565368301226555,88.57180156657964
172,p172,stretched,"[0.03, 0.06, 0.1, 0.15]",90.0,0.05,0.3,1055,48.530805687203795,6.930128419907194,-1.2536473374748054,2.067191904257561e+21,-93.20471777955976,0.4480100668688638,1.9799451697545114,109.77251184834124
209,p209,big,"[0.05, 0.08, 0.12, 0.18]",60.0,0.05,0.5,1326,47.66214177978884,6.8213383295029395,-1.299589930109823,2.0087782824594737e+24,-94.40288026182294,0.44719090249020554,1.9189924209915035,98.93288084464555
224,p224,big,"[0.05, 0.08, 0.12, 0.18]",90.0,0.08,0.5,1891,46.218931782125864,6.4513439322882045,-2.6474178403755873,8.625775891066946e+30,-95.04874097576023,0.44715974109307005,1.8470887916933765,87.98307773664727
208,p208,big,"[0.05, 0.08, 0.12, 0.18]",60.0,0.05,0.3,1313,47.6009139375476,6.80142094570105,-1.4002444987775027,8.430673871127107e+23,-94.40288026182294,0.4456585447818659,1.9127179780428958,98.74333587204875
189,p189,stretched,"[0.03, 0.06, 0.1, 0.15]",120.0,0.12,0.2,2145,46.526806526806524,6.464563147270044,-2.217653694303445,1.7905457742973628e+35,-97.41448200219544,0.4456508995223493,1.8581569995769893,89.95151515151515
0,p000,default,"[0.03, 0.05, 0.07, 0.1]",30.0,0.03,0.2,1356,48.15634218289085,6.826403446455549,-1.4161599852378077,4.86317321993354e+25,-96.69940774050418,0.4446844535551462,1.9345849525916312,104.28834808259587
2,p002,default,"[0.03, 0.05, 0.07, 0.1]",30.0,0.03,0.5,1357,48.12085482682388,6.809359198326249,-1.4320754716981128,4.084072009388081e+25,-96.69940774050418,0.4436121329565356,1.931480426267635,104.28518791451732
1,p001,default,"[0.03, 0.05, 0.07, 0.1]",30.0,0.03,0.3,1357,48.12085482682388,6.809359198326249,-1.4320754716981128,4.084072009388081e+25,-96.69940774050418,0.4436121329565356,1.931480426267635,104.28518791451732
113,p113,loose,"[0.05, 0.07, 0.1, 0.15]",60.0,0.05,0.5,1344,47.69345238095239,6.770010761574411,-1.3634602646331813,1.570840667878195e+24,-94.50758449650621,0.4423087605552202,1.9054300249224152,99.10714285714286
207,p207,big,"[0.05, 0.08, 0.12, 0.18]",60.0,0.05,0.2,1294,47.44976816074188,6.701067973000888,-1.4303887763851604,1.4219826454154892e+23,-94.40288026182294,0.44119454372418687,1.8994541285029833,98.43817619783617
112,p112,loose,"[0.05, 0.07, 0.1, 0.15]",60.0,0.05,0.3,1330,47.59398496240602,6.731297716311564,-1.4845730027548183,5.010309369112102e+23,-94.50758449650623,0.43957357558908783,1.8960597920948568,98.90601503759399
232,p232,big,"[0.05, 0.08, 0.12, 0.18]",120.0,0.05,0.3,611,46.9721767594108,6.841135393062888,-1.4037527593818928,9989185077978.91,-89.19088690348036,0.4390995158580239,1.9792713504261978,111.2127659574468
111,p111,loose,"[0.05, 0.07, 0.1, 0.15]",60.0,0.05,0.2,1310,47.48091603053435,6.677813636667825,-1.5639553429027115,1.4707469916432973e+23,-94.50758449650621,0.4380045567092271,1.8909361866460406,98.66259541984734
77,p077,tight,"[0.02, 0.04, 0.06, 0.08]",90.0,0.05,0.5,1206,48.507462686567166,6.688897757991379,-1.2496369075080889,1.3375127415398295e+23,-93.53805153736671,0.43397392880065966,1.9452179936260965,110.86401326699834
233,p233,big,"[0.05, 0.08, 0.12, 0.18]",120.0,0.05,0.5,622,46.78456591639871,6.754915867351271,-1.5397525619781356,10051638251496.01,-89.19088690348036,0.43391012420730934,1.965798638574196,111.43086816720258
223,p223,big,"[0.05, 0.08, 0.12, 0.18]",90.0,0.08,0.3,1780,45.84269662921348,6.278529485533435,-2.7961059190031166,1.2872154971368586e+28,-94.30751417184473,0.4332456716222198,1.823688320777614,89.34269662921348
29,p029,default,"[0.03, 0.05, 0.07, 0.1]",90.0,0.05,0.5,1122,48.03921568627451,6.664283369044431,-1.2995304554582083,1.9688984685373804e+21,-94.22565511440543,0.4310493839298898,1.931462965521936,109.82352941176471
27,p027,default,"[0.03, 0.05, 0.07, 0.1]",90.0,0.05,0.2,1086,47.974217311233886,6.633876725636072,-1.2738415613815386,3.850705959162326e+20,-93.47475443950033,0.4303255896333395,1.9326861358805303,109.86279926335175
193,p193,big,"[0.05, 0.08, 0.12, 0.18]",30.0,0.03,0.3,923,47.020585048754064,6.617540530842628,-2.209307875894983,1.0080993454901749e+17,-96.33823213264387,0.4289063345558111,1.8849039396400704,102.34886240520044
194,p194,big,"[0.05, 0.08, 0.12, 0.18]",30.0,0.03,0.5,923,47.020585048754064,6.617540530842628,-2.209307875894983,1.0080993454901749e+17,-96.33823213264387,0.4289063345558111,1.8849039396400704,102.34886240520044
127,p127,loose,"[0.05, 0.07, 0.1, 0.15]",90.0,0.08,0.3,1800,46.0,6.271470751231324,-2.748508642456304,1.155572170750436e+28,-96.57007263370286,0.42890549185151433,1.8175249653494472,90.12
222,p222,big,"[0.05, 0.08, 0.12, 0.18]",90.0,0.08,0.2,1679,45.97974985110185,6.242628327217548,-2.7922118380062306,1.8906000333825976e+26,-95.3803550799243,0.4281148825106855,1.8164154677479896,90.25729600952948
32,p032,default,"[0.03, 0.05, 0.07, 0.1]",90.0,0.08,0.5,2279,46.20447564721369,6.14888166970114,-2.586282306163023,1.5103514583634364e+35,-99.24748530222192,0.42780645315482807,1.8217610162302287,91.19394471259324
192,p192,big,"[0.05, 0.08, 0.12, 0.18]",30.0,0.03,0.2,920,46.95652173913044,6.5896451164841015,-2.213480785099214,7.004676859688527e+16,-96.33823213264385,0.4269395199939643,1.8802875697597852,102.40108695652174
75,p075,tight,"[0.02, 0.04, 0.06, 0.08]",90.0,0.05,0.2,1174,48.21124361158432,6.558724081675303,-1.300796230175621,1.0158724932539119e+22,-92.93217948590723,0.4268762981259218,1.9276009065380653,111.07155025553662
28,p028,default,"[0.03, 0.05, 0.07, 0.1]",90.0,0.05,0.3,1107,47.87714543812105,6.592708060291068,-1.3269576379974275,5.2949339241322453e+20,-93.25670313566845,0.42649398371716085,1.9196594138754326,109.99638663053297
80,p080,tight,"[0.02, 0.04, 0.06, 0.08]",90.0,0.08,0.5,2435,46.40657084188911,6.135035076452197,-2.6359288097886564,2.469249486105089e+37,-99.5016867135373,0.4264933009203779,1.8196211812988845,91.83080082135524
136,p136,loose,"[0.05, 0.07, 0.1, 0.15]",120.0,0.05,0.3,617,47.00162074554295,6.6864311463709525,-1.70845070422535,3776838002869.184,-89.19088690348036,0.4247422213060131,1.9401224395033836,112.0713128038898
97,p097,loose,"[0.05, 0.07, 0.1, 0.15]",30.0,0.03,0.3,941,47.18384697130712,6.566576122327711,-2.217653694303445,9.153630141023843e+16,-96.64992275026097,0.4232829640999434,1.8709574497305317,102.70456960680127
98,p098,loose,"[0.05, 0.07, 0.1, 0.15]",30.0,0.03,0.5,941,47.18384697130712,6.566576122327711,-2.217653694303445,9.153630141023843e+16,-96.64992275026097,0.4232829640999434,1.8709574497305317,102.70456960680127
96,p096,loose,"[0.05, 0.07, 0.1, 0.15]",30.0,0.03,0.2,939,47.177848775292865,6.5652072180728105,-2.217653694303445,8.338226735626046e+16,-96.64992275026096,0.4231130144557175,1.8708287574610223,102.71671991480298
76,p076,tight,"[0.02, 0.04, 0.06, 0.08]",90.0,0.05,0.3,1189,48.107653490328005,6.514652189855062,-1.3989010989010948,9.9194321955152e+21,-93.53805153736671,0.4226260061953306,1.9144677610877499,111.17830109335576
31,p031,default,"[0.03, 0.05, 0.07, 0.1]",90.0,0.08,0.3,2147,46.017699115044245,6.117035510193418,-2.6359288097886564,1.1170122404076138e+33,-99.10549842318309,0.42207082651725697,1.8180838830653643,92.89287377736376
126,p126,loose,"[0.05, 0.07, 0.1, 0.15]",90.0,0.08,0.2,1698,46.113074204947,6.189972643455722,-2.788341943847838,9.219434354766173e+25,-95.78322749949788,0.42183043834112793,1.8042698864275157,90.84864546525324
137,p137,loose,"[0.05, 0.07, 0.1, 0.15]",120.0,0.05,0.5,628,46.81528662420382,6.60374516185023,-1.7109391330314023,3800451092155.412,-89.19088690348036,0.4198991243680234,1.9277285670309392,112.27229299363057
231,p231,big,"[0.05, 0.08, 0.12, 0.18]",120.0,0.05,0.2,586,46.2457337883959,6.524661421712512,-2.011310229101032,625899391484.7141,-86.9469241697844,0.4195542526204381,1.9206058789726757,111.39249146757679
176,p176,stretched,"[0.03, 0.06, 0.1, 0.15]",90.0,0.08,0.5,2182,46.33363886342804,6.064654299253465,-2.5620620774431444,2.708136726560225e+32,-98.73588602745319,0.41679038795453416,1.7956602446501575,91.88955087076077
206,p206,big,"[0.05, 0.08, 0.12, 0.18]",60.0,0.03,0.5,278,48.92086330935252,6.743893268804081,-0.43246918542336726,9241500.291819302,-80.31435654727048,0.4161034861322258,2.007531169395999,125.24820143884892
205,p205,big,"[0.05, 0.08, 0.12, 0.18]",60.0,0.03,0.3,278,48.92086330935252,6.743893268804081,-0.43246918542336726,9241500.291819302,-80.31435654727048,0.4161034861322258,2.007531169395999,125.24820143884892
204,p204,big,"[0.05, 0.08, 0.12, 0.18]",60.0,0.03,0.2,278,48.92086330935252,6.743893268804081,-0.43246918542336726,9241500.291819302,-80.31435654727048,0.4161034861322258,2.007531169395999,125.24820143884892
30,p030,default,"[0.03, 0.05, 0.07, 0.1]",90.0,0.08,0.2,2026,46.05133267522211,6.068035126172009,-2.7383643081559934,6.827037686689938e+30,-98.80294307069313,0.41599065710250593,1.808389992710389,94.19792694965449
140,p140,loose,"[0.05, 0.07, 0.1, 0.15]",120.0,0.08,0.5,1636,45.660146699266505,6.107146445615387,-2.945156727736719,4.6484186233009055e+24,-99.05468080138127,0.4141850157016658,1.792541214830626,92.34352078239608
161,p161,stretched,"[0.03, 0.06, 0.1, 0.15]",60.0,0.05,0.5,1567,47.415443522654755,6.389058110783378,-1.7492753623188357,6.951922247614305e+25,-98.19928173740749,0.4138007539740724,1.8422752278254526,102.93171665603063
159,p159,stretched,"[0.03, 0.06, 0.1, 0.15]",60.0,0.05,0.2,1538,47.39921976592978,6.346578770289771,-1.7583903017044928,1.7827154257475064e+25,-98.19928173740749,0.41321466711189037,1.8408754990564151,102.65799739921977
160,p160,stretched,"[0.03, 0.06, 0.1, 0.15]",60.0,0.05,0.3,1555,47.266881028938904,6.3270111897434225,-1.8706806282722472,1.8796880879654786e+25,-98.19928173740749,0.4100905285923207,1.8330724731346755,102.8951768488746
79,p079,tight,"[0.02, 0.04, 0.06, 0.08]",90.0,0.08,0.3,2294,45.902353966870095,5.933795713191975,-2.983323268086468,4.246092266248369e+33,-99.2057109468495,0.4098524930575074,1.7888377674932885,93.65693112467306
17,p017,default,"[0.03, 0.05, 0.07, 0.1]",60.0,0.05,0.5,1661,46.83925346177002,6.230831532328374,-2.2620253164556954,3.6836526093103595e+26,-98.09462704123278,0.4095014554466075,1.825460616351538,101.47441300421433
174,p174,stretched,"[0.03, 0.06, 0.1, 0.15]",90.0,0.08,0.2,1950,46.15384615384615,6.020131630996147,-2.7383643081559934,7.677580587362537e+28,-98.84449649818436,0.4087798216874337,1.789298137787251,94.50564102564103
139,p139,loose,"[0.05, 0.07, 0.1, 0.15]",120.0,0.08,0.3,1529,45.32374100719424,6.000002959970167,-3.1145695364238386,8.615699360089465e+22,-97.73431367702527,0.4082610963540122,1.782967879623084,93.22498364944408
235,p235,big,"[0.05, 0.08, 0.12, 0.18]",120.0,0.08,0.3,1507,45.122760451227606,5.970203594234112,-3.1711484593837547,3.6663022090070635e+22,-98.00158457000396,0.4081682695354496,1.778804001882791,92.71798274717983
175,p175,stretched,"[0.03, 0.06, 0.1, 0.15]",90.0,0.08,0.3,2050,46.04878048780488,5.973149156999065,-2.679981537799375,6.595085106564019e+29,-99.20040725906493,0.40638668525123,1.7802761375542713,93.77463414634147
236,p236,big,"[0.05, 0.08, 0.12, 0.18]",120.0,0.08,0.5,1612,45.22332506203474,5.955565650048437,-3.167865896358546,3.159149517545361e+23,-99.10343245620508,0.4062926120358796,1.7698067903404788,91.87406947890818
16,p016,default,"[0.03, 0.05, 0.07, 0.1]",60.0,0.05,0.3,1648,46.72330097087379,6.167937449439408,-2.5090108401083997,9.277684478390655e+25,-98.09462704123278,0.40607064836425694,1.816395446103304,101.2876213592233
-1,BASELINE,default,,,,,1648,46.72330097087379,6.167937449439408,-2.5090108401083997,9.277684478390655e+25,-98.09462704123278,0.40607064836425694,1.816395446103304,101.2876213592233
15,p015,default,"[0.03, 0.05, 0.07, 0.1]",60.0,0.05,0.2,1627,46.77320221266134,6.132268055781396,-2.3555555555555547,3.5411891419601623e+25,-98.2305945575531,0.4053876723340416,1.8156789178199897,101.23171481253841
135,p135,loose,"[0.05, 0.07, 0.1, 0.15]",120.0,0.05,0.2,592,46.28378378378378,6.366631562961124,-2.1206886606516924,236647993674.78928,-86.9469241697844,0.4050101760181204,1.8820471230794702,112.28547297297297
78,p078,tight,"[0.02, 0.04, 0.06, 0.08]",90.0,0.08,0.2,2164,45.93345656192236,5.859964968353264,-3.009756262844748,1.6251026755850914e+31,-98.97788853425189,0.4033023976276489,1.7785035160132212,94.73613678373383
65,p065,tight,"[0.02, 0.04, 0.06, 0.08]",60.0,0.05,0.5,1774,46.56144306651635,6.128876572971945,-2.875848024127103,5.920398522024125e+27,-98.36172760992075,0.40245521502719944,1.8125084471579214,102.90586245772266
64,p064,tight,"[0.02, 0.04, 0.06, 0.08]",60.0,0.05,0.3,1762,46.481271282633365,6.066908041698185,-2.9273537269740633,1.5039239878541675e+27,-98.65347170927285,0.39890346711420044,1.8038687398588558,102.84279228149829
109,p109,loose,"[0.05, 0.07, 0.1, 0.15]",60.0,0.03,0.3,282,48.58156028368794,6.518574745835873,-0.5495905898226903,5123995.505460701,-85.75159921356656,0.39889397997750176,1.9532202476780118,125.64539007092199
108,p108,loose,"[0.05, 0.07, 0.1, 0.15]",60.0,0.03,0.2,282,48.58156028368794,6.518574745835873,-0.5495905898226903,5123995.505460701,-85.75159921356656,0.39889397997750176,1.9532202476780118,125.64539007092199
110,p110,loose,"[0.05, 0.07, 0.1, 0.15]",60.0,0.03,0.5,282,48.58156028368794,6.518574745835873,-0.5495905898226903,5123995.505460701,-85.75159921356656,0.39889397997750176,1.9532202476780118,125.64539007092199
72,p072,tight,"[0.02, 0.04, 0.06, 0.08]",90.0,0.03,0.2,279,51.25448028673835,6.440252140396355,0.652380952380949,7696807.752176302,-78.04480808489106,0.3975660115029617,1.9984244443341088,137.29749103942652
44,p044,default,"[0.03, 0.05, 0.07, 0.1]",120.0,0.08,0.5,1976,45.445344129554655,5.7387413225859545,-2.9021449076498116,4.2032889672268346e+27,-99.87640306122742,0.39489222936802115,1.7578030064618315,94.3836032388664
92,p092,tight,"[0.02, 0.04, 0.06, 0.08]",120.0,0.08,0.5,2108,45.87286527514232,5.763825432612041,-2.9021449076498116,3.55207247788564e+29,-99.89433040918293,0.39467939928087603,1.7607426671934752,95.48719165085389
74,p074,tight,"[0.02, 0.04, 0.06, 0.08]",90.0,0.03,0.5,280,51.07142857142857,6.380687353470805,0.6138272376784439,6908806.9417469725,-78.04480808489106,0.39435363031454895,1.9871201711109245,137.18214285714285
73,p073,tight,"[0.02, 0.04, 0.06, 0.08]",90.0,0.03,0.3,280,51.07142857142857,6.380687353470805,0.6138272376784439,6908806.9417469725,-78.04480808489106,0.39435363031454895,1.9871201711109245,137.18214285714285
91,p091,tight,"[0.02, 0.04, 0.06, 0.08]",120.0,0.08,0.3,1977,45.87759231158321,5.711956340709297,-2.926970227670755,6.761812623492134e+27,-99.63431328009577,0.3911316154396927,1.7586030334135732,96.89327263530602
63,p063,tight,"[0.02, 0.04, 0.06, 0.08]",60.0,0.05,0.2,1736,46.31336405529954,5.923610719794193,-2.9730823716709094,7.143993074398957e+25,-98.86336485854817,0.39026216786833884,1.7829610117741932,102.95506912442396
234,p234,big,"[0.05, 0.08, 0.12, 0.18]",120.0,0.08,0.2,1410,44.46808510638298,5.721637931003546,-3.6747571514704926,6.285885956880732e+19,-97.19886116447687,0.38946134487560896,1.7403292403281538,93.8
43,p043,default,"[0.03, 0.05, 0.07, 0.1]",120.0,0.08,0.3,1834,45.25627044711014,5.6824426147334055,-2.936236436586703,4.7221610702375765e+25,-99.67957500705486,0.38926670438154604,1.7534373839457769,96.21701199563795
185,p185,stretched,"[0.03, 0.06, 0.1, 0.15]",120.0,0.05,0.5,769,47.074122236671,6.204188401140982,-2.032759623211999,67499361617491.32,-96.23285419903885,0.38738049640491384,1.861434788622654,119.32639791937581
138,p138,loose,"[0.05, 0.07, 0.1, 0.15]",120.0,0.08,0.2,1434,44.63040446304045,5.707977026578508,-3.5000376167687195,8.544989566654493e+19,-95.97754773251305,0.3866690686620651,1.738096500310565,94.4302649930265
184,p184,stretched,"[0.03, 0.06, 0.1, 0.15]",120.0,0.05,0.3,754,46.816976127320956,6.130374753205292,-2.12303471777156,22828534643923.293,-96.23285419903885,0.38173634601725914,1.8485067403753228,119.92572944297082
89,p089,tight,"[0.02, 0.04, 0.06, 0.08]",120.0,0.05,0.5,861,47.038327526132406,6.090914821728015,-2.032759623211999,1389540416962526.2,-94.3480630801414,0.38163820149717476,1.8557402404046766,121.36120789779326
188,p188,stretched,"[0.03, 0.06, 0.1, 0.15]",120.0,0.08,0.5,1898,45.574288724973655,5.601925675756507,-2.983323268086468,6.546939594150737e+24,-99.87422707492244,0.3783663072991769,1.7188680984218527,95.51211801896733
41,p041,default,"[0.03, 0.05, 0.07, 0.1]",120.0,0.05,0.5,800,47.0,6.045315064246786,-1.8560349840197938,52757491789895.41,-96.60499310568717,0.37520722240866416,1.833419515413775,120.3975
187,p187,stretched,"[0.03, 0.06, 0.1, 0.15]",120.0,0.08,0.3,1757,45.361411496869664,5.571770123273624,-2.9920551543007208,1.4437231450453634e+23,-99.67393376380606,0.374107456355288,1.7184000839318472,97.4712578258395
168,p168,stretched,"[0.03, 0.06, 0.1, 0.15]",90.0,0.03,0.2,249,48.99598393574297,5.981120156246757,-0.4607717041800627,658225.4790105774,-75.98825353323227,0.3736947714872031,1.883759438518471,130.80722891566265
169,p169,stretched,"[0.03, 0.06, 0.1, 0.15]",90.0,0.03,0.3,251,49.00398406374502,5.966043724285909,-0.4607717041800627,699651.6112466255,-75.98825353323227,0.3730709630772289,1.8832464255143457,131.18725099601593
170,p170,stretched,"[0.03, 0.06, 0.1, 0.15]",90.0,0.03,0.5,251,49.00398406374502,5.966043724285909,-0.4607717041800627,699651.6112466255,-75.98825353323227,0.3730709630772289,1.8832464255143457,131.18725099601593
42,p042,default,"[0.03, 0.05, 0.07, 0.1]",120.0,0.08,0.2,1731,44.82957827845176,5.482246213115101,-3.144638949671774,5.441240972846903e+22,-99.22564215214719,0.37239357128493494,1.7157692196576004,97.30271519352975
40,p040,default,"[0.03, 0.05, 0.07, 0.1]",120.0,0.05,0.3,786,46.56488549618321,5.913931081093635,-2.12303471777156,12178961630605.129,-94.68408484972232,0.36648863534250553,1.8109856372211517,120.82697201017811
88,p088,tight,"[0.02, 0.04, 0.06, 0.08]",120.0,0.05,0.3,846,46.45390070921986,5.847412160354077,-2.0576456906107485,120347067650940.77,-93.58127363945654,0.3659643981065573,1.8146104632869369,122.05082742316785
183,p183,stretched,"[0.03, 0.06, 0.1, 0.15]",120.0,0.05,0.2,732,46.31147540983606,5.860054863237408,-2.301420821493155,1402908491225.4392,-96.23285419903884,0.3644307542195714,1.7987168755922294,120.04781420765028
90,p090,tight,"[0.02, 0.04, 0.06, 0.08]",120.0,0.08,0.2,1859,45.13179128563744,5.32789869598276,-3.1645833333333373,2.158265876337987e+23,-99.67377720960592,0.3636097868069938,1.6969614754566664,98.00591715976331
24,p024,default,"[0.03, 0.05, 0.07, 0.1]",90.0,0.03,0.2,252,48.41269841269841,5.714616158305151,-0.5747642028980369,395015.98056503333,-77.06264847523147,0.35842025881676265,1.8354964810861563,130.35714285714286
25,p025,default,"[0.03, 0.05, 0.07, 0.1]",90.0,0.03,0.3,254,48.4251968503937,5.7018162511150345,-0.5747642028980369,419879.2547072754,-77.06264847523147,0.35791255476137823,1.8352798183341152,130.73622047244095
26,p026,default,"[0.03, 0.05, 0.07, 0.1]",90.0,0.03,0.5,254,48.4251968503937,5.7018162511150345,-0.5747642028980369,419879.2547072754,-77.06264847523147,0.35791255476137823,1.8352798183341152,130.73622047244095
186,p186,stretched,"[0.03, 0.06, 0.1, 0.15]",120.0,0.08,0.2,1667,44.87102579484103,5.333134801292753,-3.3927835051546396,1.862324219948544e+20,-99.50429505354118,0.35622612457490205,1.6763671685733104,98.00359928014397
39,p039,default,"[0.03, 0.05, 0.07, 0.1]",120.0,0.05,0.2,763,46.26474442988204,5.737081936929037,-2.230147058823528,1390844085045.9607,-94.68408484972232,0.3553074825799756,1.7788201143798812,120.82830930537352
87,p087,tight,"[0.02, 0.04, 0.06, 0.08]",120.0,0.05,0.2,822,45.86374695863747,5.522408311898496,-2.3025510204081665,3951885130681.554,-93.87285848943627,0.34596478073670467,1.75796570290862,122.04014598540147
86,p086,tight,"[0.02, 0.04, 0.06, 0.08]",120.0,0.03,0.5,144,51.388888888888886,5.783975934176014,0.7756878055715014,15061.147857436648,-76.89730225357772,0.3448053652064137,1.8998625108051714,154.36111111111111
85,p085,tight,"[0.02, 0.04, 0.06, 0.08]",120.0,0.03,0.3,144,51.388888888888886,5.783975934176014,0.7756878055715014,15061.147857436648,-76.89730225357772,0.3448053652064137,1.8998625108051714,154.36111111111111
84,p084,tight,"[0.02, 0.04, 0.06, 0.08]",120.0,0.03,0.2,142,50.70422535211267,5.5993104666726445,0.3786006169096526,10818.628588105406,-77.67725028912645,0.3336450081227764,1.859033464751003,154.33802816901408
181,p181,stretched,"[0.03, 0.06, 0.1, 0.15]",120.0,0.03,0.3,131,48.091603053435115,4.832134803127708,-0.6676470588235282,2879.1685037647662,-74.17788523036076,0.2966608249036293,1.714302647787725,147.99236641221373
182,p182,stretched,"[0.03, 0.06, 0.1, 0.15]",120.0,0.03,0.5,131,48.091603053435115,4.832134803127708,-0.6676470588235282,2879.1685037647662,-74.17788523036076,0.2966608249036293,1.714302647787725,147.99236641221373
38,p038,default,"[0.03, 0.05, 0.07, 0.1]",120.0,0.03,0.5,131,48.091603053435115,4.832134803127708,-0.6676470588235282,2879.1685037647662,-74.17788523036076,0.2966608249036293,1.714302647787725,147.99236641221373
37,p037,default,"[0.03, 0.05, 0.07, 0.1]",120.0,0.03,0.3,131,48.091603053435115,4.832134803127708,-0.6676470588235282,2879.1685037647662,-74.17788523036076,0.2966608249036293,1.714302647787725,147.99236641221373
217,p217,big,"[0.05, 0.08, 0.12, 0.18]",90.0,0.03,0.3,127,45.66929133858268,4.514706165240725,-1.0062146892655384,1671.8050079421764,-75.446854291467,0.2916456621669982,1.68353152686857,133.8740157480315
218,p218,big,"[0.05, 0.08, 0.12, 0.18]",90.0,0.03,0.5,127,45.66929133858268,4.514706165240725,-1.0062146892655384,1671.8050079421764,-75.446854291467,0.2916456621669982,1.68353152686857,133.8740157480315
216,p216,big,"[0.05, 0.08, 0.12, 0.18]",90.0,0.03,0.2,127,45.66929133858268,4.514706165240725,-1.0062146892655384,1671.8050079421764,-75.446854291467,0.2916456621669982,1.68353152686857,133.8740157480315
121,p121,loose,"[0.05, 0.07, 0.1, 0.15]",90.0,0.03,0.3,128,45.3125,4.4549281527574065,-1.3573326967454442,1616.225621061834,-75.446854291467,0.2890458678806367,1.677259276742371,133.6171875
120,p120,loose,"[0.05, 0.07, 0.1, 0.15]",90.0,0.03,0.2,128,45.3125,4.4549281527574065,-1.3573326967454442,1616.225621061834,-75.446854291467,0.2890458678806367,1.677259276742371,133.6171875
122,p122,loose,"[0.05, 0.07, 0.1, 0.15]",90.0,0.03,0.5,128,45.3125,4.4549281527574065,-1.3573326967454442,1616.225621061834,-75.446854291467,0.2890458678806367,1.677259276742371,133.6171875
36,p036,default,"[0.03, 0.05, 0.07, 0.1]",120.0,0.03,0.2,130,47.69230769230769,4.602210673036984,-1.0683081202725482,2111.340757427852,-76.01703241730443,0.28298373490517886,1.6751212383695218,148.66923076923078
180,p180,stretched,"[0.03, 0.06, 0.1, 0.15]",120.0,0.03,0.2,130,47.69230769230769,4.602210673036984,-1.0683081202725482,2111.340757427852,-76.01703241730443,0.28298373490517886,1.6751212383695218,148.66923076923078
229,p229,big,"[0.05, 0.08, 0.12, 0.18]",120.0,0.03,0.3,61,44.26229508196721,3.2889623018760568,-1.2339559706470933,83.66349118920841,-86.71879865118699,0.20332753324305627,1.4659408867676689,148.45901639344262
230,p230,big,"[0.05, 0.08, 0.12, 0.18]",120.0,0.03,0.5,61,44.26229508196721,3.2889623018760568,-1.2339559706470933,83.66349118920841,-86.71879865118699,0.20332753324305627,1.4659408867676689,148.45901639344262
133,p133,loose,"[0.05, 0.07, 0.1, 0.15]",120.0,0.03,0.3,62,43.54838709677419,3.1853196932550856,-1.7212868343692396,77.9021889088547,-87.1354139247033,0.19889250008597226,1.455338492886813,147.69354838709677
134,p134,loose,"[0.05, 0.07, 0.1, 0.15]",120.0,0.03,0.5,62,43.54838709677419,3.1853196932550856,-1.7212868343692396,77.9021889088547,-87.1354139247033,0.19889250008597226,1.455338492886813,147.69354838709677
228,p228,big,"[0.05, 0.08, 0.12, 0.18]",120.0,0.03,0.2,59,42.3728813559322,2.7599364772984605,-2.208617698091386,32.26923609917116,-90.26343825351128,0.17114995360482704,1.3781753254821378,148.20338983050848
132,p132,loose,"[0.05, 0.07, 0.1, 0.15]",120.0,0.03,0.2,60,41.66666666666667,2.6616562121330842,-2.2131356961974156,28.12010963628724,-90.56886245638164,0.16678255761520314,1.368207694611389,147.41666666666666
