feature,quantile,horizon,n,mean,median,win,std
upper_wick_ratio,"(-0.001, 0.0544]",fwd_ret_4h,1263,0.001308342325570599,-0.0005930611841453715,0.48535233570863023,0.038183742357184434
upper_wick_ratio,"(-0.001, 0.0544]",fwd_ret_24h,1260,-0.0001183907346718177,-0.005199474543951699,0.45634920634920634,0.0873035524081152
upper_wick_ratio,"(-0.001, 0.0544]",fwd_ret_72h,1257,-0.0017495210968401186,-0.013928012519561883,0.4335719968178202,0.1396722212429405
upper_wick_ratio,"(-0.001, 0.0544]",fwd_ret_168h,1231,0.008500925194045977,-0.021071984160656254,0.45978878960194963,0.23130119406494026
upper_wick_ratio,"(-0.001, 0.0544]",fwd_ret_336h,1189,0.023993150802514566,-0.04273895330617361,0.4348191757779647,0.3213851979250961
upper_wick_ratio,"(-0.001, 0.0544]",fwd_ret_672h,1136,0.014539974784412595,-0.08202110513558758,0.3961267605633803,0.4440451848352149
upper_wick_ratio,"(0.0544, 0.118]",fwd_ret_4h,1263,0.0013516749438557808,-0.0005387205387205052,0.4916864608076009,0.05448552336138894
upper_wick_ratio,"(0.0544, 0.118]",fwd_ret_24h,1263,-0.0018347765654625505,-0.011617515638963405,0.4164687252573238,0.09445827643348804
upper_wick_ratio,"(0.0544, 0.118]",fwd_ret_72h,1262,-0.0026817580379785797,-0.021890833819920907,0.410459587955626,0.16613892671251987
upper_wick_ratio,"(0.0544, 0.118]",fwd_ret_168h,1249,0.004431603232462482,-0.03610005685048312,0.41393114491593275,0.23291802475100332
upper_wick_ratio,"(0.0544, 0.118]",fwd_ret_336h,1206,0.03131806379483631,-0.044702084562206534,0.4228855721393035,0.3826494990819886
upper_wick_ratio,"(0.0544, 0.118]",fwd_ret_672h,1156,0.030255559848471086,-0.07417706923824596,0.4013840830449827,0.5554160110771209
upper_wick_ratio,"(0.118, 0.195]",fwd_ret_4h,1262,0.0019175954361984697,-2.217196576648206e-05,0.4968304278922345,0.046241537734966254
upper_wick_ratio,"(0.118, 0.195]",fwd_ret_24h,1260,0.0016310140126723999,-0.007476277997479741,0.44603174603174606,0.09457032916614144
upper_wick_ratio,"(0.118, 0.195]",fwd_ret_72h,1256,0.006789868673689223,-0.014275686947169963,0.44745222929936307,0.16218178333180522
upper_wick_ratio,"(0.118, 0.195]",fwd_ret_168h,1242,0.004176428625105798,-0.025349973651738134,0.42028985507246375,0.241605349300969
upper_wick_ratio,"(0.118, 0.195]",fwd_ret_336h,1205,0.026063749101417656,-0.04135667396061271,0.42406639004149377,0.38540370204648783
upper_wick_ratio,"(0.118, 0.195]",fwd_ret_672h,1152,0.044965618153630676,-0.08037709285799349,0.3862847222222222,0.6458602033309692
upper_wick_ratio,"(0.195, 0.309]",fwd_ret_4h,1262,9.890029404418293e-05,-0.0005027089937784668,0.4873217115689382,0.04629251592175468
upper_wick_ratio,"(0.195, 0.309]",fwd_ret_24h,1261,-0.0021068778868679992,-0.011334495845727766,0.4282315622521808,0.10403567192911514
upper_wick_ratio,"(0.195, 0.309]",fwd_ret_72h,1259,0.001178514490930592,-0.020967741935483897,0.4185861795075457,0.17878570234019728
upper_wick_ratio,"(0.195, 0.309]",fwd_ret_168h,1242,0.0060685797963247095,-0.03305559666118524,0.41304347826086957,0.2650809248303677
upper_wick_ratio,"(0.195, 0.309]",fwd_ret_336h,1205,0.03452799347721572,-0.04713549560472863,0.42406639004149377,0.39912363786042404
upper_wick_ratio,"(0.195, 0.309]",fwd_ret_672h,1163,0.04597673783613239,-0.08466222093360387,0.3834909716251075,0.6305790641055623
upper_wick_ratio,"(0.309, 0.9]",fwd_ret_4h,1263,-0.0005677544156495765,-0.0019706860450793284,0.4663499604117181,0.04751147608183625
upper_wick_ratio,"(0.309, 0.9]",fwd_ret_24h,1261,-0.004269058530661237,-0.013026052104208374,0.408406026962728,0.10575124033099981
upper_wick_ratio,"(0.309, 0.9]",fwd_ret_72h,1261,-0.004054937827634749,-0.01853302009919089,0.4282315622521808,0.15432686977118507
upper_wick_ratio,"(0.309, 0.9]",fwd_ret_168h,1246,0.0009063235622261108,-0.030182533539731715,0.42134831460674155,0.23008574721995861
upper_wick_ratio,"(0.309, 0.9]",fwd_ret_336h,1209,0.0226384596219341,-0.052928154558261165,0.41273779983457404,0.3336471981833223
upper_wick_ratio,"(0.309, 0.9]",fwd_ret_672h,1168,0.016654813060555745,-0.09474341685778526,0.3732876712328767,0.5413776781814298
lower_wick_ratio,"(-0.001, 0.00233]",fwd_ret_4h,1263,-0.0014351292885526044,-0.0018650192330108561,0.4663499604117181,0.03769732080208001
lower_wick_ratio,"(-0.001, 0.00233]",fwd_ret_24h,1262,-0.005771075463036041,-0.010350603027039162,0.401743264659271,0.08475957637394897
lower_wick_ratio,"(-0.001, 0.00233]",fwd_ret_72h,1259,-0.010050486816338605,-0.023415977961432466,0.409054805401112,0.14781141800391823
lower_wick_ratio,"(-0.001, 0.00233]",fwd_ret_168h,1241,-0.010183167841757188,-0.03860880663688582,0.40209508460918614,0.20188154953110363
lower_wick_ratio,"(-0.001, 0.00233]",fwd_ret_336h,1192,0.018536318661935416,-0.04881336960177818,0.41023489932885904,0.34495042326818065
lower_wick_ratio,"(-0.001, 0.00233]",fwd_ret_672h,1136,0.03339720666597087,-0.07656010375251471,0.4022887323943662,0.5763278237254026
lower_wick_ratio,"(0.00233, 0.0216]",fwd_ret_4h,1263,0.002418190130757684,0.0,0.4996041171813143,0.046212473906445097
lower_wick_ratio,"(0.00233, 0.0216]",fwd_ret_24h,1262,-0.001483278827429236,-0.010365310670431449,0.4231378763866878,0.09992206618860248
lower_wick_ratio,"(0.00233, 0.0216]",fwd_ret_72h,1258,-3.0080910435402727e-05,-0.01774514995700871,0.4149443561208267,0.15533575399365374
lower_wick_ratio,"(0.00233, 0.0216]",fwd_ret_168h,1247,0.0029680723592944865,-0.0379166666666666,0.4073777064955894,0.24320062331312753
lower_wick_ratio,"(0.00233, 0.0216]",fwd_ret_336h,1214,0.020417011618083514,-0.05723774924650887,0.40362438220757824,0.3703016088449527
lower_wick_ratio,"(0.00233, 0.0216]",fwd_ret_672h,1169,0.023872148144122623,-0.09643605870020955,0.3686911890504705,0.5870747976038173
lower_wick_ratio,"(0.0216, 0.0538]",fwd_ret_4h,1262,0.0010692230457412168,-0.0011060998890581875,0.4786053882725832,0.05643976730714481
lower_wick_ratio,"(0.0216, 0.0538]",fwd_ret_24h,1261,0.0003383299475949725,-0.007337857030140449,0.44964314036478986,0.09614987242082802
lower_wick_ratio,"(0.0216, 0.0538]",fwd_ret_72h,1261,0.002089912979608839,-0.0160786065207682,0.4401268834258525,0.1628944750230518
lower_wick_ratio,"(0.0216, 0.0538]",fwd_ret_168h,1243,0.005884677323537794,-0.024741047647232728,0.4360418342719228,0.2301318195648177
lower_wick_ratio,"(0.0216, 0.0538]",fwd_ret_336h,1209,0.02706987719960792,-0.028988540631050164,0.44499586435070304,0.3295318854423311
lower_wick_ratio,"(0.0216, 0.0538]",fwd_ret_672h,1165,0.03587989163388333,-0.07775908914477947,0.38626609442060084,0.5974626719884764
lower_wick_ratio,"(0.0538, 0.108]",fwd_ret_4h,1262,0.0010085077921899185,-0.0011150054825015965,0.4754358161648177,0.04353070083645017
lower_wick_ratio,"(0.0538, 0.108]",fwd_ret_24h,1259,-0.001038456170939785,-0.010907288051561603,0.43367752184273234,0.09698895883750522
lower_wick_ratio,"(0.0538, 0.108]",fwd_ret_72h,1257,0.005054037375129044,-0.017938825026848626,0.4343675417661098,0.16624083559643318
lower_wick_ratio,"(0.0538, 0.108]",fwd_ret_168h,1238,0.01744628668129452,-0.01839333223217926,0.45638126009693053,0.251110159617689
lower_wick_ratio,"(0.0538, 0.108]",fwd_ret_336h,1201,0.04157702200868224,-0.03917467495760307,0.43713572023313907,0.375585440501234
lower_wick_ratio,"(0.0538, 0.108]",fwd_ret_672h,1161,0.026947811550323504,-0.07089319175515307,0.4099913867355728,0.47981480997771975
lower_wick_ratio,"(0.108, 0.794]",fwd_ret_4h,1263,0.0010480153877373095,0.0006001680470530957,0.5075217735550277,0.04822083522288592
lower_wick_ratio,"(0.108, 0.794]",fwd_ret_24h,1261,0.0012563870542904609,-0.00875145857642945,0.44726407613005553,0.10801400741841982
lower_wick_ratio,"(0.108, 0.794]",fwd_ret_72h,1260,0.0023953341065118673,-0.01656398529296904,0.4396825396825397,0.17026961648103975
lower_wick_ratio,"(0.108, 0.794]",fwd_ret_168h,1241,0.007958307174977456,-0.02555768946668635,0.4262691377921031,0.27029735274101224
lower_wick_ratio,"(0.108, 0.794]",fwd_ret_336h,1198,0.030999465621703005,-0.04620311645563602,0.42237061769616024,0.4040954775644069
lower_wick_ratio,"(0.108, 0.794]",fwd_ret_672h,1144,0.03259156249531204,-0.09400042524508134,0.3732517482517482,0.5938632061669985
body_to_range,"(0.0753, 0.615]",fwd_ret_4h,1262,-0.0017794739578576803,-0.0008494741356315227,0.48335974643423135,0.05016250297241122
body_to_range,"(0.0753, 0.615]",fwd_ret_24h,1259,-0.0041233729218361406,-0.011889790785412191,0.420174741858618,0.1096054814523957
body_to_range,"(0.0753, 0.615]",fwd_ret_72h,1259,-0.004498696364290251,-0.01963308657869345,0.4233518665607625,0.17121093796252781
body_to_range,"(0.0753, 0.615]",fwd_ret_168h,1242,0.00014864161114262327,-0.03329154390220557,0.4074074074074074,0.2605049611340449
body_to_range,"(0.0753, 0.615]",fwd_ret_336h,1205,0.02171918477367594,-0.05566444531556247,0.404149377593361,0.3626307654746983
body_to_range,"(0.0753, 0.615]",fwd_ret_672h,1159,0.02053321269720048,-0.09763432237369685,0.36755823986194996,0.5849046236464653
body_to_range,"(0.615, 0.732]",fwd_ret_4h,1263,0.001414409805921333,-0.000892060660124927,0.4821852731591449,0.0430385533851258
body_to_range,"(0.615, 0.732]",fwd_ret_24h,1261,-0.0019009335575934354,-0.013556232734314833,0.422680412371134,0.10214167047366475
body_to_range,"(0.615, 0.732]",fwd_ret_72h,1261,0.0017733860523459996,-0.02043596730245234,0.4290245836637589,0.16153908515086762
body_to_range,"(0.615, 0.732]",fwd_ret_168h,1248,0.0026219303183607832,-0.031614659733642136,0.4238782051282051,0.2323032827515033
body_to_range,"(0.615, 0.732]",fwd_ret_336h,1209,0.02591795378399886,-0.040804720267292316,0.4284532671629446,0.3315742125504189
body_to_range,"(0.615, 0.732]",fwd_ret_672h,1173,0.029884474419747117,-0.09246901811248798,0.3734015345268542,0.578987028450271
body_to_range,"(0.732, 0.816]",fwd_ret_4h,1262,0.0004664269194554488,-0.0012538962973247525,0.47781299524564186,0.04249489556926006
body_to_range,"(0.732, 0.816]",fwd_ret_24h,1260,-0.00045831421933104923,-0.007275471787430043,0.4373015873015873,0.08976949880390206
body_to_range,"(0.732, 0.816]",fwd_ret_72h,1255,0.005102753227513819,-0.015271457956741341,0.4350597609561753,0.1683674193045311
body_to_range,"(0.732, 0.816]",fwd_ret_168h,1240,0.012287786453789886,-0.0214945006559914,0.4338709677419355,0.24087891645242468
body_to_range,"(0.732, 0.816]",fwd_ret_336h,1207,0.05307837441741959,-0.027882797731568876,0.4515327257663629,0.46469055359078926
body_to_range,"(0.732, 0.816]",fwd_ret_672h,1155,0.05736075916418138,-0.060756795167880684,0.4103896103896104,0.612926067750292
body_to_range,"(0.816, 0.894]",fwd_ret_4h,1263,0.002773956718630972,-0.00025673940949921814,0.4948535233570863,0.055621059980543196
body_to_range,"(0.816, 0.894]",fwd_ret_24h,1263,0.0011433677267385042,-0.00835515650330454,0.44418052256532065,0.09832936046403329
body_to_range,"(0.816, 0.894]",fwd_ret_72h,1261,0.005101338821226802,-0.017938825026848626,0.43774781919111816,0.1680037886131996
body_to_range,"(0.816, 0.894]",fwd_ret_168h,1240,0.011588578329885923,-0.02758165130915169,0.4338709677419355,0.2548620613558557
body_to_range,"(0.816, 0.894]",fwd_ret_336h,1197,0.02801331432921747,-0.042965123988860876,0.4227234753550543,0.3536694356681922
body_to_range,"(0.816, 0.894]",fwd_ret_672h,1149,0.03861042687261042,-0.07883530901139368,0.3951261966927763,0.5812884281378818
body_to_range,"(0.894, 1.0]",fwd_ret_4h,1263,0.001230802880317011,-0.00046728971962617383,0.48931116389548696,0.04111150261820648
body_to_range,"(0.894, 1.0]",fwd_ret_24h,1262,-0.0013705761427887646,-0.007183641760681481,0.43106180665610144,0.08562183480197358
body_to_range,"(0.894, 1.0]",fwd_ret_72h,1259,-0.008017556083028477,-0.01864352298296379,0.4130262112787927,0.13100262602794288
body_to_range,"(0.894, 1.0]",fwd_ret_168h,1240,-0.0025888574846328555,-0.033689795023064184,0.4290322580645161,0.2106791600882953
body_to_range,"(0.894, 1.0]",fwd_ret_336h,1196,0.009679289113629653,-0.05215993794977786,0.411371237458194,0.29216743551123586
body_to_range,"(0.894, 1.0]",fwd_ret_672h,1139,0.00592577619787647,-0.08191081116845311,0.3942054433713784,0.4716317134499363
close_to_high_pct,"(-0.001, 0.00309]",fwd_ret_4h,1263,0.0017082544389202486,-5.8275058275159e-05,0.49406175771971494,0.03295995209594238
close_to_high_pct,"(-0.001, 0.00309]",fwd_ret_24h,1261,0.0018683436656555714,-0.0034910783553140368,0.464710547184774,0.07882039713581837
close_to_high_pct,"(-0.001, 0.00309]",fwd_ret_72h,1259,0.0005169100308773045,-0.014146341463414758,0.4328832406671962,0.1256334662390488
close_to_high_pct,"(-0.001, 0.00309]",fwd_ret_168h,1234,0.011685437577322655,-0.01726608647023875,0.4627228525121556,0.22293907156114084
close_to_high_pct,"(-0.001, 0.00309]",fwd_ret_336h,1187,0.0352352161413381,-0.028709288299155644,0.45071609098567816,0.3177231810417501
close_to_high_pct,"(-0.001, 0.00309]",fwd_ret_672h,1127,0.024458812619877902,-0.0684500393391031,0.4161490683229814,0.43138254862398134
close_to_high_pct,"(0.00309, 0.00721]",fwd_ret_4h,1262,0.0013424067007534132,-0.0011123196356616627,0.4809825673534073,0.047091507093302655
close_to_high_pct,"(0.00309, 0.00721]",fwd_ret_24h,1261,0.0011027893984937559,-0.00984822152705378,0.4345757335448057,0.08479411020045466
close_to_high_pct,"(0.00309, 0.00721]",fwd_ret_72h,1259,0.0006479554542222819,-0.01811224489795915,0.42652899126290705,0.15869899530045833
close_to_high_pct,"(0.00309, 0.00721]",fwd_ret_168h,1246,0.006039512851026904,-0.029810883428979418,0.41653290529695025,0.23759668562350486
close_to_high_pct,"(0.00309, 0.00721]",fwd_ret_336h,1208,0.020279370651006212,-0.044827138708569414,0.41307947019867547,0.34140637953170294
close_to_high_pct,"(0.00309, 0.00721]",fwd_ret_672h,1163,0.023746704122861284,-0.08418620602516202,0.37833190025795355,0.5611576251378311
close_to_high_pct,"(0.00721, 0.0133]",fwd_ret_4h,1262,0.0023179195636121993,0.000542853930867504,0.5134706814580031,0.04174904005912695
close_to_high_pct,"(0.00721, 0.0133]",fwd_ret_24h,1261,-0.00028474927847604755,-0.007936507936507908,0.4321966693100714,0.08757287330909459
close_to_high_pct,"(0.00721, 0.0133]",fwd_ret_72h,1256,0.004089947015943445,-0.014379459362853009,0.44745222929936307,0.1532599300615699
close_to_high_pct,"(0.00721, 0.0133]",fwd_ret_168h,1238,0.003991759280387074,-0.024947085522209922,0.4321486268174475,0.22436884893451864
close_to_high_pct,"(0.00721, 0.0133]",fwd_ret_336h,1197,0.02969533316580567,-0.04168865435356195,0.4327485380116959,0.37465129807796194
close_to_high_pct,"(0.00721, 0.0133]",fwd_ret_672h,1146,0.03387475819506142,-0.06720434990054658,0.4040139616055846,0.520234747303186
close_to_high_pct,"(0.0133, 0.0247]",fwd_ret_4h,1263,-0.0007456566184895562,-0.0015698587127158659,0.4639746634996041,0.04801563190329188
close_to_high_pct,"(0.0133, 0.0247]",fwd_ret_24h,1262,-0.0015703429386812742,-0.013168798504304302,0.4183835182250396,0.10160149331971195
close_to_high_pct,"(0.0133, 0.0247]",fwd_ret_72h,1262,0.003950875532721492,-0.020337533232058502,0.43026941362916005,0.1648641117295077
close_to_high_pct,"(0.0133, 0.0247]",fwd_ret_168h,1248,0.012582629504110066,-0.029871292345531986,0.4310897435897436,0.2524419217159023
close_to_high_pct,"(0.0133, 0.0247]",fwd_ret_336h,1220,0.04466552573158638,-0.046293560277823276,0.4245901639344262,0.4293090280609235
close_to_high_pct,"(0.0133, 0.0247]",fwd_ret_672h,1190,0.04905582725620417,-0.07695299218942853,0.38487394957983195,0.6205985860848476
close_to_high_pct,"(0.0247, 0.7]",fwd_ret_4h,1263,-0.0005128639722462691,-0.0019706860450793284,0.4750593824228028,0.06007676758158373
close_to_high_pct,"(0.0247, 0.7]",fwd_ret_24h,1260,-0.007823198777397677,-0.015593496451381195,0.40555555555555556,0.12675109915432745
close_to_high_pct,"(0.0247, 0.7]",fwd_ret_72h,1259,-0.009749422148633046,-0.027666932694865753,0.4011119936457506,0.19365881526491244
close_to_high_pct,"(0.0247, 0.7]",fwd_ret_168h,1244,-0.01023849808993374,-0.04495881109612049,0.3858520900321543,0.26208307914185774
close_to_high_pct,"(0.0247, 0.7]",fwd_ret_336h,1202,0.008586898696127585,-0.06314760074884224,0.39767054908485855,0.35398525972998535
close_to_high_pct,"(0.0247, 0.7]",fwd_ret_672h,1149,0.02074638152057919,-0.11170362054448513,0.3577023498694517,0.673953444259404
vs_24h_high_pct,"(-0.201, 0.00679]",fwd_ret_4h,1261,0.0033563973598572184,0.00011646866992776062,0.5011895321173672,0.05189493769501102
vs_24h_high_pct,"(-0.201, 0.00679]",fwd_ret_24h,1259,0.006312111099444111,-0.005884949242312754,0.45432883240667193,0.10161316137901606
vs_24h_high_pct,"(-0.201, 0.00679]",fwd_ret_72h,1257,0.007485752079458319,-0.008858340072043003,0.4709626093874304,0.16660558785645305
vs_24h_high_pct,"(-0.201, 0.00679]",fwd_ret_168h,1225,0.011749591176259296,-0.022758941012540612,0.4424489795918367,0.2667664331957499
vs_24h_high_pct,"(-0.201, 0.00679]",fwd_ret_336h,1190,0.022192163070043288,-0.04702631787578665,0.4319327731092437,0.34154686970264464
vs_24h_high_pct,"(-0.201, 0.00679]",fwd_ret_672h,1136,0.03681257948528939,-0.08610317300416753,0.38380281690140844,0.6103058008101743
vs_24h_high_pct,"(0.00679, 0.0237]",fwd_ret_4h,1263,0.001625236991727702,0.00011865915158693063,0.5019794140934284,0.03376317147630162
vs_24h_high_pct,"(0.00679, 0.0237]",fwd_ret_24h,1261,-0.00019230198132563588,-0.007513661202185773,0.43616177636796194,0.08359176539756534
vs_24h_high_pct,"(0.00679, 0.0237]",fwd_ret_72h,1257,0.001768954619855072,-0.015294117647058791,0.42482100238663484,0.1406233942117508
vs_24h_high_pct,"(0.00679, 0.0237]",fwd_ret_168h,1244,0.00404204290627093,-0.031482058596349005,0.4172025723472669,0.20990808751229015
vs_24h_high_pct,"(0.00679, 0.0237]",fwd_ret_336h,1191,0.024096564998917883,-0.04148397976391227,0.42401343408900083,0.3382473860627127
vs_24h_high_pct,"(0.00679, 0.0237]",fwd_ret_672h,1156,0.009215212734457984,-0.07344624776257036,0.38494809688581316,0.46290870739233714
vs_24h_high_pct,"(0.0237, 0.0339]",fwd_ret_4h,1262,-0.00031435033064603233,-0.0007177292832682425,0.48019017432646594,0.037401667179313654
vs_24h_high_pct,"(0.0237, 0.0339]",fwd_ret_24h,1261,-0.002158138166818099,-0.008928571428571286,0.4337827121332276,0.07753564322020234
vs_24h_high_pct,"(0.0237, 0.0339]",fwd_ret_72h,1260,-0.0034721684174517094,-0.019767858397722438,0.4174603174603175,0.1344807333130499
vs_24h_high_pct,"(0.0237, 0.0339]",fwd_ret_168h,1246,-0.00176290243903964,-0.02598142059203906,0.4229534510433387,0.20789342146796086
vs_24h_high_pct,"(0.0237, 0.0339]",fwd_ret_336h,1210,0.022248444427758328,-0.044577804464512094,0.4214876033057851,0.3087514303143824
vs_24h_high_pct,"(0.0237, 0.0339]",fwd_ret_672h,1157,0.01774076072287668,-0.07775908914477947,0.3863439930855661,0.46440463380377944
vs_24h_high_pct,"(0.0339, 0.0524]",fwd_ret_4h,1263,0.0009551913219321504,-0.0015905476028176269,0.47268408551068886,0.03843046896410724
vs_24h_high_pct,"(0.0339, 0.0524]",fwd_ret_24h,1262,-0.0005568521860560597,-0.007250080973591255,0.4405705229793978,0.09856566209573643
vs_24h_high_pct,"(0.0339, 0.0524]",fwd_ret_72h,1260,0.003157101879174077,-0.01790944334129768,0.43492063492063493,0.16117212003002904
vs_24h_high_pct,"(0.0339, 0.0524]",fwd_ret_168h,1246,0.017188948623458846,-0.018156747890967107,0.45264847512038525,0.23936811680910564
vs_24h_high_pct,"(0.0339, 0.0524]",fwd_ret_336h,1210,0.049702374186456504,-0.025658735625201434,0.4537190082644628,0.3804185693852392
vs_24h_high_pct,"(0.0339, 0.0524]",fwd_ret_672h,1180,0.05078933244566007,-0.06978287906341724,0.41694915254237286,0.505267768563193
vs_24h_high_pct,"(0.0524, 1.483]",fwd_ret_4h,1264,-0.001509052466590762,-0.0032409036778077716,0.47151898734177217,0.0651570717157471
vs_24h_high_pct,"(0.0524, 1.483]",fwd_ret_24h,1262,-0.01008856472503247,-0.020540387752843614,0.3906497622820919,0.11972916338964618
vs_24h_high_pct,"(0.0524, 1.483]",fwd_ret_72h,1261,-0.009453735882534696,-0.030743314381975084,0.3901665344964314,0.19363606027364363
vs_24h_high_pct,"(0.0524, 1.483]",fwd_ret_168h,1249,-0.007036920050390984,-0.04689655172413798,0.3931144915932746,0.2709273317482343
vs_24h_high_pct,"(0.0524, 1.483]",fwd_ret_336h,1213,0.02020792682660453,-0.06987920509157042,0.38746908491343773,0.4436639523474063
vs_24h_high_pct,"(0.0524, 1.483]",fwd_ret_672h,1146,0.037772818283149656,-0.1085902573985642,0.36736474694589877,0.7496524618736634
vs_72h_low_pct,"(0.0318, 0.12]",fwd_ret_4h,1261,-0.00024596074634348477,-0.0005622715771717024,0.4845360824742268,0.030486508966178973
vs_72h_low_pct,"(0.0318, 0.12]",fwd_ret_24h,1258,-0.0005145039665828313,-0.005949078081517178,0.43481717011128773,0.06886189748181358
vs_72h_low_pct,"(0.0318, 0.12]",fwd_ret_72h,1254,-0.0014753209425846852,-0.011885090225334072,0.4473684210526316,0.11805923668824886
vs_72h_low_pct,"(0.0318, 0.12]",fwd_ret_168h,1225,0.00036348849789278237,-0.020128599384959478,0.43183673469387757,0.2034759177010166
vs_72h_low_pct,"(0.0318, 0.12]",fwd_ret_336h,1168,0.010374752840844555,-0.03595387894273605,0.4220890410958904,0.2726716244979778
vs_72h_low_pct,"(0.0318, 0.12]",fwd_ret_672h,1109,0.01888979271270639,-0.055758167640730605,0.40577096483318303,0.41702044826242785
vs_72h_low_pct,"(0.12, 0.164]",fwd_ret_4h,1263,0.0013267135567788162,-0.0003066896683917575,0.49564528899445764,0.03353877225193192
vs_72h_low_pct,"(0.12, 0.164]",fwd_ret_24h,1262,0.0022211371613220982,-0.004027793736946339,0.4683042789223455,0.07918992844671231
vs_72h_low_pct,"(0.12, 0.164]",fwd_ret_72h,1260,0.0029699158231230173,-0.011117745693219216,0.4531746031746032,0.13267576028387856
vs_72h_low_pct,"(0.12, 0.164]",fwd_ret_168h,1246,0.00895924895910064,-0.014827003069504574,0.45425361155698235,0.206427628548008
vs_72h_low_pct,"(0.12, 0.164]",fwd_ret_336h,1208,0.03371148739456016,-0.027426307244494685,0.4420529801324503,0.3400992788345831
vs_72h_low_pct,"(0.12, 0.164]",fwd_ret_672h,1177,0.04271689613476101,-0.05608422091540899,0.40611724723874254,0.5485617179565819
vs_72h_low_pct,"(0.164, 0.216]",fwd_ret_4h,1262,6.426236064246904e-05,-0.0004464746427162436,0.48811410459587956,0.03356458415412502
vs_72h_low_pct,"(0.164, 0.216]",fwd_ret_24h,1261,-0.00034695401495978977,-0.010388611004232495,0.42664551942902457,0.08701246182852591
vs_72h_low_pct,"(0.164, 0.216]",fwd_ret_72h,1261,0.002311089325818449,-0.019967620075553083,0.422680412371134,0.14278001939877671
vs_72h_low_pct,"(0.164, 0.216]",fwd_ret_168h,1248,-0.000865236916381634,-0.035124687242094554,0.41586538461538464,0.2184512308171928
vs_72h_low_pct,"(0.164, 0.216]",fwd_ret_336h,1220,0.027678524034263005,-0.04691158322923655,0.4336065573770492,0.34922294853185504
vs_72h_low_pct,"(0.164, 0.216]",fwd_ret_672h,1172,0.04008830412381112,-0.07957448802253614,0.3993174061433447,0.5242200895160486
vs_72h_low_pct,"(0.216, 0.313]",fwd_ret_4h,1263,0.002338295691638826,-0.0012932428063368029,0.48139350752177357,0.05265031780710616
vs_72h_low_pct,"(0.216, 0.313]",fwd_ret_24h,1261,0.0008474102789951408,-0.012607830126078245,0.4218873909595559,0.10203460724044901
vs_72h_low_pct,"(0.216, 0.313]",fwd_ret_72h,1259,0.005560647577658483,-0.015507011866235154,0.43367752184273234,0.16854318270842003
vs_72h_low_pct,"(0.216, 0.313]",fwd_ret_168h,1247,0.021703738229563285,-0.033522434244456,0.43464314354450684,0.26112715002359504
vs_72h_low_pct,"(0.216, 0.313]",fwd_ret_336h,1211,0.05783846128900356,-0.03566756032171581,0.4434351775392238,0.4350128946947812
vs_72h_low_pct,"(0.216, 0.313]",fwd_ret_672h,1164,0.0421685015792365,-0.0890868398771581,0.39347079037800686,0.6268707889000502
vs_72h_low_pct,"(0.313, 9.113]",fwd_ret_4h,1264,0.0006230192382461921,-0.0015167861932883775,0.4778481012658228,0.07076187987706964
vs_72h_low_pct,"(0.313, 9.113]",fwd_ret_24h,1263,-0.008898161323023516,-0.019874804381846523,0.40380047505938244,0.13572303890812473
vs_72h_low_pct,"(0.313, 9.113]",fwd_ret_72h,1261,-0.009906549468938963,-0.03811410769451362,0.38144329896907214,0.22075031117524546
vs_72h_low_pct,"(0.313, 9.113]",fwd_ret_168h,1244,-0.006221826804190132,-0.04975664540991026,0.39147909967845657,0.2979012241008998
vs_72h_low_pct,"(0.313, 9.113]",fwd_ret_336h,1207,0.008309051116333606,-0.07742967353466934,0.37696768848384427,0.40560881178780084
vs_72h_low_pct,"(0.313, 9.113]",fwd_ret_672h,1153,0.007738771266882804,-0.13601265822784814,0.33564614050303554,0.6838648624593074
pre_24h_range_pct,"(0.00379, 0.0624]",fwd_ret_4h,1264,-0.0001468834362469807,-0.0005925345387920444,0.4778481012658228,0.027854312702687345
pre_24h_range_pct,"(0.00379, 0.0624]",fwd_ret_24h,1261,-0.004275731212191424,-0.0051561579257513035,0.44805709754163364,0.06270785890825332
pre_24h_range_pct,"(0.00379, 0.0624]",fwd_ret_72h,1261,-0.005228641120014806,-0.013231653529863663,0.4417129262490087,0.1042601520619084
pre_24h_range_pct,"(0.00379, 0.0624]",fwd_ret_168h,1248,-0.00406941605545046,-0.024552444543296637,0.4182692307692308,0.1863544630211538
pre_24h_range_pct,"(0.00379, 0.0624]",fwd_ret_336h,1185,0.016746280623781803,-0.032743362831858414,0.4278481012658228,0.3102234883078703
pre_24h_range_pct,"(0.00379, 0.0624]",fwd_ret_672h,1136,0.029931307106969524,-0.04890814100933155,0.41725352112676056,0.4538087594180602
pre_24h_range_pct,"(0.0624, 0.0831]",fwd_ret_4h,1262,-0.0010992090603612681,-0.0013240635133744405,0.4762282091917591,0.03528167319812032
pre_24h_range_pct,"(0.0624, 0.0831]",fwd_ret_24h,1261,0.0003905038226989453,-0.00835515650330454,0.43061062648691517,0.08766317653140271
pre_24h_range_pct,"(0.0624, 0.0831]",fwd_ret_72h,1258,0.0027860495748010506,-0.019624878614246277,0.42527821939586646,0.15411149923322226
pre_24h_range_pct,"(0.0624, 0.0831]",fwd_ret_168h,1242,-0.0009588460358867836,-0.026222434487343405,0.42914653784219003,0.20279213250342337
pre_24h_range_pct,"(0.0624, 0.0831]",fwd_ret_336h,1199,0.022334525304187985,-0.04175665946724261,0.4245204336947456,0.301510294636427
pre_24h_range_pct,"(0.0624, 0.0831]",fwd_ret_672h,1152,0.03799227600378921,-0.0701129081594089,0.3984375,0.5399712163372088
pre_24h_range_pct,"(0.0831, 0.109]",fwd_ret_4h,1261,0.001171829206911679,0.00017408864593848605,0.5043616177636796,0.0380181847365391
pre_24h_range_pct,"(0.0831, 0.109]",fwd_ret_24h,1260,-4.95326592562867e-05,-0.009352201261891568,0.43333333333333335,0.08678048122461982
pre_24h_range_pct,"(0.0831, 0.109]",fwd_ret_72h,1257,0.0002460953399052937,-0.012453478385342165,0.4383452665075577,0.1460689816005009
pre_24h_range_pct,"(0.0831, 0.109]",fwd_ret_168h,1241,0.009557317472521126,-0.027420697308794817,0.43593875906526997,0.231829941637525
pre_24h_range_pct,"(0.0831, 0.109]",fwd_ret_336h,1217,0.040389629239873624,-0.03261578604044357,0.447822514379622,0.3992484884068153
pre_24h_range_pct,"(0.0831, 0.109]",fwd_ret_672h,1175,0.03672289469281376,-0.0657779992525227,0.4093617021276596,0.4962835215179579
pre_24h_range_pct,"(0.109, 0.152]",fwd_ret_4h,1263,3.1572965959069475e-05,-0.0023108030040439598,0.4718923198733175,0.04273522390477358
pre_24h_range_pct,"(0.109, 0.152]",fwd_ret_24h,1262,0.00220990849044152,-0.010407717200699995,0.41996830427892234,0.10234301371354226
pre_24h_range_pct,"(0.109, 0.152]",fwd_ret_72h,1261,0.003759269832395527,-0.01924221384645919,0.42505947660586835,0.15454155498668273
pre_24h_range_pct,"(0.109, 0.152]",fwd_ret_168h,1245,0.012395753377810872,-0.03270465093314889,0.4321285140562249,0.27184013104705934
pre_24h_range_pct,"(0.109, 0.152]",fwd_ret_336h,1212,0.030478073664162657,-0.05063677612894507,0.41336633663366334,0.36696678141193945
pre_24h_range_pct,"(0.109, 0.152]",fwd_ret_672h,1178,0.02028033814959791,-0.10768351384072139,0.3565365025466893,0.6321902365692226
pre_24h_range_pct,"(0.152, 1.161]",fwd_ret_4h,1263,0.004150953925222883,-0.0001726221301572295,0.4972288202692003,0.07523244354547344
pre_24h_range_pct,"(0.152, 1.161]",fwd_ret_24h,1261,-0.004979139508744725,-0.01801162955609148,0.4234734337827121,0.1336105243504724
pre_24h_range_pct,"(0.152, 1.161]",fwd_ret_72h,1258,-0.002103571922688314,-0.030592653915755663,0.40779014308426076,0.22231032217268387
pre_24h_range_pct,"(0.152, 1.161]",fwd_ret_168h,1234,0.00715515805848215,-0.04295543315568795,0.41247974068071314,0.29312527210206135
pre_24h_range_pct,"(0.152, 1.161]",fwd_ret_336h,1201,0.028279222552988988,-0.07209175314036043,0.40466278101582015,0.43227073212555484
pre_24h_range_pct,"(0.152, 1.161]",fwd_ret_672h,1134,0.02769690650519739,-0.11908453921204942,0.35890652557319225,0.6879327001713351
pre_consec_up_h,"(-0.001, 1.0]",fwd_ret_4h,3486,0.0003443973076282264,-0.0002777618344053101,0.4925415949512335,0.04235379486674601
pre_consec_up_h,"(-0.001, 1.0]",fwd_ret_24h,3480,-0.0004129121157802995,-0.008937428143632409,0.42931034482758623,0.0964237925070279
pre_consec_up_h,"(-0.001, 1.0]",fwd_ret_72h,3473,0.00047230039804898417,-0.016638370118845502,0.4370860927152318,0.15481549843705839
pre_consec_up_h,"(-0.001, 1.0]",fwd_ret_168h,3424,0.007239236912992722,-0.03005903850232572,0.42114485981308414,0.24406442988354743
pre_consec_up_h,"(-0.001, 1.0]",fwd_ret_336h,3299,0.02924372906740283,-0.045691906005221994,0.41952106698999697,0.3819683172565945
pre_consec_up_h,"(-0.001, 1.0]",fwd_ret_672h,3167,0.02878499012878207,-0.08272227314390468,0.38680138932743924,0.5504838033122998
pre_consec_up_h,"(1.0, 2.0]",fwd_ret_4h,1144,-0.0009026063381007421,-0.002593326861024925,0.4562937062937063,0.045775896887827384
pre_consec_up_h,"(1.0, 2.0]",fwd_ret_24h,1144,-0.006067639688693124,-0.013817824198241568,0.416958041958042,0.10199282298999192
pre_consec_up_h,"(1.0, 2.0]",fwd_ret_72h,1142,-0.00752820712486073,-0.023211357868108407,0.3966725043782837,0.16001091595358632
pre_consec_up_h,"(1.0, 2.0]",fwd_ret_168h,1124,-0.00364097184237934,-0.034271577770900896,0.4101423487544484,0.23643679540188267
pre_consec_up_h,"(1.0, 2.0]",fwd_ret_336h,1100,0.017229151834835952,-0.04897375010151994,0.41454545454545455,0.33958523878621494
pre_consec_up_h,"(1.0, 2.0]",fwd_ret_672h,1050,0.030158153407009714,-0.08768842036319002,0.38571428571428573,0.6361385306640883
pre_consec_up_h,"(2.0, 3.0]",fwd_ret_4h,762,0.0008423196987964631,-0.0010437182474792306,0.4816272965879265,0.04441190853648587
pre_consec_up_h,"(2.0, 3.0]",fwd_ret_24h,762,-0.002352900721016674,-0.009472869105195014,0.4343832020997375,0.09479513334302592
pre_consec_up_h,"(2.0, 3.0]",fwd_ret_72h,762,0.0017884625942410056,-0.0174014544272183,0.431758530183727,0.16807636281483437
pre_consec_up_h,"(2.0, 3.0]",fwd_ret_168h,754,0.005513625216494983,-0.013273892593653247,0.46816976127320953,0.2276223840354689
pre_consec_up_h,"(2.0, 3.0]",fwd_ret_336h,734,0.03183597583372909,-0.03946789085682384,0.44550408719346046,0.3387653410811249
pre_consec_up_h,"(2.0, 3.0]",fwd_ret_672h,708,0.022168769208976633,-0.09140721977398025,0.3855932203389831,0.4912548053325515
pre_consec_up_h,"(3.0, 7.0]",fwd_ret_4h,921,0.004752997417805296,-0.00020292207792205197,0.498371335504886,0.06318634694161329
pre_consec_up_h,"(3.0, 7.0]",fwd_ret_24h,919,0.0018713286417761093,-0.006449165402124257,0.45266594124047876,0.09766214105746085
pre_consec_up_h,"(3.0, 7.0]",fwd_ret_72h,918,0.005347632126673261,-0.016584650551293545,0.42701525054466233,0.17663528453974736
pre_consec_up_h,"(3.0, 7.0]",fwd_ret_168h,908,0.005508064665943556,-0.03167650845322001,0.4262114537444934,0.24243446757500028
pre_consec_up_h,"(3.0, 7.0]",fwd_ret_336h,881,0.031652273844830096,-0.041364952932657406,0.43246311010215666,0.3570521287057567
pre_consec_up_h,"(3.0, 7.0]",fwd_ret_672h,850,0.04434515881869459,-0.07563125635752843,0.3976470588235294,0.6048395239275157
pre_vol_quiet_ratio,"(1.334, 3.313]",fwd_ret_4h,1262,0.001299175610359958,0.0,0.49920760697305866,0.05570037746690846
pre_vol_quiet_ratio,"(1.334, 3.313]",fwd_ret_24h,1259,0.0009719639870043993,-0.009748516530093232,0.4384432088959492,0.10041767475143595
pre_vol_quiet_ratio,"(1.334, 3.313]",fwd_ret_72h,1259,0.0019994226021402173,-0.015916047223436758,0.4400317712470214,0.17467476722284866
pre_vol_quiet_ratio,"(1.334, 3.313]",fwd_ret_168h,1237,0.012036979242795225,-0.02739180105741401,0.4381568310428456,0.2693435313097572
pre_vol_quiet_ratio,"(1.334, 3.313]",fwd_ret_336h,1195,0.0337010468126135,-0.046254989434139415,0.4217573221757322,0.3602950573071677
pre_vol_quiet_ratio,"(1.334, 3.313]",fwd_ret_672h,1153,0.024820465458870445,-0.1025654816328726,0.3677363399826539,0.5400674620289718
pre_vol_quiet_ratio,"(11.141, 6042.065]",fwd_ret_4h,1264,0.0007679277614408459,-0.0005027089937784668,0.48417721518987344,0.04602360754185248
pre_vol_quiet_ratio,"(11.141, 6042.065]",fwd_ret_24h,1262,-0.0052574404855745,-0.010729495698979463,0.41996830427892234,0.09473193361567156
pre_vol_quiet_ratio,"(11.141, 6042.065]",fwd_ret_72h,1261,-0.011050006927776515,-0.026279391424619658,0.38620142743854086,0.14545625066450518
pre_vol_quiet_ratio,"(11.141, 6042.065]",fwd_ret_168h,1246,-0.008335094406016798,-0.03723991298955531,0.39807383627608345,0.21847185050246493
pre_vol_quiet_ratio,"(11.141, 6042.065]",fwd_ret_336h,1198,0.018453429021959004,-0.046288374733863547,0.4065108514190317,0.38677535841204036
pre_vol_quiet_ratio,"(11.141, 6042.065]",fwd_ret_672h,1151,0.04428039389779038,-0.05961791831357055,0.4092093831450912,0.543758308324231
pre_vol_quiet_ratio,"(3.313, 4.536]",fwd_ret_4h,1262,0.0013739108347574933,-0.00037889966766385674,0.49524564183835185,0.041354814127854585
pre_vol_quiet_ratio,"(3.313, 4.536]",fwd_ret_24h,1261,-0.0007108978875052027,-0.006957158549981912,0.4544012688342585,0.08459347255832278
pre_vol_quiet_ratio,"(3.313, 4.536]",fwd_ret_72h,1257,0.0053819093703108695,-0.011781794706262172,0.45425616547334924,0.15410894471046394
pre_vol_quiet_ratio,"(3.313, 4.536]",fwd_ret_168h,1243,0.008675972875542209,-0.026954778347070718,0.4231697506033789,0.22497129904681035
pre_vol_quiet_ratio,"(3.313, 4.536]",fwd_ret_336h,1215,0.033470489721414726,-0.044497722368736614,0.4337448559670782,0.35348512707158436
pre_vol_quiet_ratio,"(3.313, 4.536]",fwd_ret_672h,1175,0.040115850500214364,-0.0891107941036613,0.3923404255319149,0.6141716931944118
pre_vol_quiet_ratio,"(4.536, 6.463]",fwd_ret_4h,1263,0.0008660451149137957,-0.0007433102081269016,0.47980997624703087,0.044316624885450094
pre_vol_quiet_ratio,"(4.536, 6.463]",fwd_ret_24h,1262,0.0014111326312139026,-0.00944805962646239,0.4326465927099842,0.10701915582449165
pre_vol_quiet_ratio,"(4.536, 6.463]",fwd_ret_72h,1260,0.003626002408963362,-0.018028917313094306,0.4301587301587302,0.16280328449212095
pre_vol_quiet_ratio,"(4.536, 6.463]",fwd_ret_168h,1237,0.00794013542115452,-0.03143979992854595,0.423605497170574,0.25000902041139833
pre_vol_quiet_ratio,"(4.536, 6.463]",fwd_ret_336h,1203,0.032012247714627955,-0.04366972477064224,0.42809642560266004,0.3728598960184257
pre_vol_quiet_ratio,"(4.536, 6.463]",fwd_ret_672h,1141,0.007311342488899133,-0.09429700734048574,0.3873794916739702,0.4949672366953472
pre_vol_quiet_ratio,"(6.463, 11.141]",fwd_ret_4h,1262,-0.0001985460922735702,-0.0022549930822922115,0.46909667194928684,0.04553438093197257
pre_vol_quiet_ratio,"(6.463, 11.141]",fwd_ret_24h,1261,-0.0031123657459906735,-0.010269283432222664,0.4099920697858842,0.09907714957571101
pre_vol_quiet_ratio,"(6.463, 11.141]",fwd_ret_72h,1258,-0.00047854999921468765,-0.017315250184738062,0.4276629570747218,0.1648978342523658
pre_vol_quiet_ratio,"(6.463, 11.141]",fwd_ret_168h,1247,0.003803443043671848,-0.02240771325268931,0.4450681635926223,0.23631676670172924
pre_vol_quiet_ratio,"(6.463, 11.141]",fwd_ret_336h,1203,0.020883666508177554,-0.04226691865777177,0.42809642560266004,0.3547288071005391
pre_vol_quiet_ratio,"(6.463, 11.141]",fwd_ret_672h,1155,0.03563108419310714,-0.06955067920585156,0.38354978354978353,0.6355738036615209
next_max_close_above,"(-0.0135, 0.0018]",fwd_ret_4h,1263,0.000441711091721723,-7.662248103579294e-05,0.4948535233570863,0.030862169674434472
next_max_close_above,"(-0.0135, 0.0018]",fwd_ret_24h,1263,-0.004134808368477806,-0.009009009009009028,0.4283452098178939,0.0704829037905209
next_max_close_above,"(-0.0135, 0.0018]",fwd_ret_72h,1261,4.066038153698877e-05,-0.01387523216431763,0.4409199048374306,0.12620585985520408
next_max_close_above,"(-0.0135, 0.0018]",fwd_ret_168h,1244,0.006743477587365655,-0.019173984034120628,0.45016077170418006,0.21698861492020632
next_max_close_above,"(-0.0135, 0.0018]",fwd_ret_336h,1202,0.028830107829817986,-0.03731518717982413,0.4317803660565724,0.3001168668078917
next_max_close_above,"(-0.0135, 0.0018]",fwd_ret_672h,1154,0.021878079511433137,-0.06334613470149153,0.4038128249566724,0.4111774386008859
next_max_close_above,"(-0.456, -0.0135]",fwd_ret_4h,1262,-0.0029297593308741762,-0.003628838001566881,0.4421553090332805,0.05368307002394441
next_max_close_above,"(-0.456, -0.0135]",fwd_ret_24h,1260,-0.00794396766762195,-0.017656220033807457,0.39365079365079364,0.09719963797056584
next_max_close_above,"(-0.456, -0.0135]",fwd_ret_72h,1258,-0.005833552458201715,-0.02140250109059183,0.4133545310015898,0.1708796794823707
next_max_close_above,"(-0.456, -0.0135]",fwd_ret_168h,1240,-0.0056421973755857585,-0.034684090346189966,0.39919354838709675,0.23874285104526463
next_max_close_above,"(-0.456, -0.0135]",fwd_ret_336h,1208,0.022215777487611166,-0.03989364998466377,0.41721854304635764,0.4034548039814509
next_max_close_above,"(-0.456, -0.0135]",fwd_ret_672h,1164,0.03364301452004882,-0.08565073133731965,0.39690721649484534,0.6041705951101902
next_max_close_above,"(0.0018, 0.0176]",fwd_ret_4h,1261,0.0016192472339708716,0.0006572854112514293,0.5091197462331483,0.03289823479660549
next_max_close_above,"(0.0018, 0.0176]",fwd_ret_24h,1256,0.0005744027607828015,-0.00698393978372519,0.446656050955414,0.08312329133907324
next_max_close_above,"(0.0018, 0.0176]",fwd_ret_72h,1253,0.007865686839053488,-0.012200252419015456,0.4429369513168396,0.14432240681449782
next_max_close_above,"(0.0018, 0.0176]",fwd_ret_168h,1239,0.013612590609905311,-0.02594786729857812,0.4301856335754641,0.2311214799077795
next_max_close_above,"(0.0018, 0.0176]",fwd_ret_336h,1190,0.033200414632888364,-0.03802547559171743,0.44285714285714284,0.3251769231614944
next_max_close_above,"(0.0018, 0.0176]",fwd_ret_672h,1151,0.03365469720089867,-0.06371430818846846,0.4135534317984361,0.527204083103786
next_max_close_above,"(0.0176, 0.0443]",fwd_ret_4h,1263,0.002950536370052237,0.0,0.498812351543943,0.04127564690689342
next_max_close_above,"(0.0176, 0.0443]",fwd_ret_24h,1263,0.004010577749558919,-0.004146879807370829,0.4615993665874901,0.09993808351091724
next_max_close_above,"(0.0176, 0.0443]",fwd_ret_72h,1261,0.0030408693982627083,-0.015916047223436758,0.4425059476605868,0.1565408377934683
next_max_close_above,"(0.0176, 0.0443]",fwd_ret_168h,1255,0.005626910374949756,-0.02478358828412186,0.4446215139442231,0.23011582063311084
next_max_close_above,"(0.0176, 0.0443]",fwd_ret_336h,1215,0.028171273405081576,-0.03999030538051396,0.4288065843621399,0.36238181203113007
next_max_close_above,"(0.0176, 0.0443]",fwd_ret_672h,1169,0.018075881043205514,-0.0870757627699692,0.3738237810094098,0.4839600533406059
next_max_close_above,"(0.0443, 2.13]",fwd_ret_4h,1264,0.0020240684851200643,-0.001083403018489415,0.4825949367088608,0.06576841698205624
next_max_close_above,"(0.0443, 2.13]",fwd_ret_24h,1263,0.0007865236507934899,-0.013429495150460213,0.4251781472684085,0.1268854212864828
next_max_close_above,"(0.0443, 2.13]",fwd_ret_72h,1262,-0.005616389963797789,-0.03294018646123492,0.39857369255150554,0.19658688578020536
next_max_close_above,"(0.0443, 2.13]",fwd_ret_168h,1232,0.0036793484658892133,-0.04489712848027422,0.4034090909090909,0.280974403607231
next_max_close_above,"(0.0443, 2.13]",fwd_ret_336h,1199,0.026232985249497225,-0.07095256762054103,0.3978315262718932,0.4231469782769801
next_max_close_above,"(0.0443, 2.13]",fwd_ret_672h,1137,0.045683345941764826,-0.11271077802978013,0.3518029903254178,0.7576645818587703
next_avg_vol_ratio,"(0.0092, 0.276]",fwd_ret_4h,1263,0.0003991012752710936,-4.958472790395074e-05,0.4932699920823436,0.031436258235529486
next_avg_vol_ratio,"(0.0092, 0.276]",fwd_ret_24h,1262,-0.001224193789029541,-0.007005275426328006,0.42630744849445323,0.07984409967347071
next_avg_vol_ratio,"(0.0092, 0.276]",fwd_ret_72h,1260,-0.00589164925668018,-0.01348658109773937,0.4357142857142857,0.12110373971149556
next_avg_vol_ratio,"(0.0092, 0.276]",fwd_ret_168h,1240,0.0035825484750824795,-0.018735857156173263,0.45241935483870965,0.2131880914897486
next_avg_vol_ratio,"(0.0092, 0.276]",fwd_ret_336h,1199,0.022212118438879234,-0.033592229887275504,0.4361968306922435,0.3006540309121538
next_avg_vol_ratio,"(0.0092, 0.276]",fwd_ret_672h,1171,0.03295805215140885,-0.04805361471552838,0.4227156276686593,0.45589369979383054
next_avg_vol_ratio,"(0.276, 0.42]",fwd_ret_4h,1262,0.001808935486407765,-0.0004512501198712937,0.4936608557844691,0.04963108859910403
next_avg_vol_ratio,"(0.276, 0.42]",fwd_ret_24h,1261,-0.0021625427183768462,-0.010269220094365816,0.42426645519429024,0.09270547423059726
next_avg_vol_ratio,"(0.276, 0.42]",fwd_ret_72h,1260,0.004034186147060358,-0.01687221383784898,0.430952380952381,0.16895775332134913
next_avg_vol_ratio,"(0.276, 0.42]",fwd_ret_168h,1247,0.003766342604821126,-0.02965691025392514,0.41299117882919006,0.24285425803265354
next_avg_vol_ratio,"(0.276, 0.42]",fwd_ret_336h,1205,0.0249722469994049,-0.0461189158507167,0.4141078838174274,0.38768338510715294
next_avg_vol_ratio,"(0.276, 0.42]",fwd_ret_672h,1167,0.017803395814486454,-0.08553742262239727,0.389031705227078,0.5519931120615428
next_avg_vol_ratio,"(0.42, 0.601]",fwd_ret_4h,1262,-0.0001026858985048192,-0.00043023854040308285,0.49049128367670364,0.038844868385756404
next_avg_vol_ratio,"(0.42, 0.601]",fwd_ret_24h,1261,-0.0013642040255772057,-0.01054068814855258,0.42664551942902457,0.08673922592781966
next_avg_vol_ratio,"(0.42, 0.601]",fwd_ret_72h,1261,-0.0018494677740753386,-0.020880727981800296,0.4195083267248216,0.14332038157399896
next_avg_vol_ratio,"(0.42, 0.601]",fwd_ret_168h,1248,-0.004699296792994319,-0.03750861542214062,0.39823717948717946,0.21224886520706654
next_avg_vol_ratio,"(0.42, 0.601]",fwd_ret_336h,1213,0.02226287349384089,-0.0514619613977777,0.4229183841714757,0.34332034107775367
next_avg_vol_ratio,"(0.42, 0.601]",fwd_ret_672h,1167,0.030978541756775474,-0.08957557870625288,0.3787489288774636,0.5818785430928198
next_avg_vol_ratio,"(0.601, 0.926]",fwd_ret_4h,1262,0.00022629198680960608,-0.0013063484358894484,0.4746434231378764,0.04310716392473405
next_avg_vol_ratio,"(0.601, 0.926]",fwd_ret_24h,1261,-0.002528044061457646,-0.010228870988364558,0.44329896907216493,0.10040132624864802
next_avg_vol_ratio,"(0.601, 0.926]",fwd_ret_72h,1258,0.002301658909432575,-0.016083575464452105,0.4395866454689984,0.1650879457952981
next_avg_vol_ratio,"(0.601, 0.926]",fwd_ret_168h,1243,0.005395296847696612,-0.031143949482366207,0.4263877715205149,0.2599353037664704
next_avg_vol_ratio,"(0.601, 0.926]",fwd_ret_336h,1203,0.026274361628990828,-0.046424090338770374,0.4231088944305902,0.39048735700763115
next_avg_vol_ratio,"(0.601, 0.926]",fwd_ret_672h,1155,0.025247424924868093,-0.0947029558091893,0.37402597402597404,0.5718115775518754
next_avg_vol_ratio,"(0.926, 20.528]",fwd_ret_4h,1264,0.0017756433686168499,-0.0016044989683114963,0.4754746835443038,0.06438552203680302
next_avg_vol_ratio,"(0.926, 20.528]",fwd_ret_24h,1260,0.0005782146610925354,-0.010854820643112661,0.43492063492063493,0.12224089208558664
next_avg_vol_ratio,"(0.926, 20.528]",fwd_ret_72h,1256,0.0008695199109033967,-0.024437235719521166,0.4124203821656051,0.1955923727083713
next_avg_vol_ratio,"(0.926, 20.528]",fwd_ret_168h,1232,0.016130413999855903,-0.026439308585556265,0.4383116883116883,0.2687862432603195
next_avg_vol_ratio,"(0.926, 20.528]",fwd_ret_336h,1194,0.043001322027411956,-0.04726728586221568,0.4221105527638191,0.39762920286827635
next_avg_vol_ratio,"(0.926, 20.528]",fwd_ret_672h,1115,0.046218674805267985,-0.1003052769297863,0.37488789237668163,0.666103798143104
next_body_sum,"(-0.0144, 0.00309]",fwd_ret_4h,1262,0.002589196558356314,0.0008657089302133159,0.5221870047543582,0.031822175797198225
next_body_sum,"(-0.0144, 0.00309]",fwd_ret_24h,1262,0.0038944523154546325,-0.007001176393699682,0.44849445324881143,0.08242138974370009
next_body_sum,"(-0.0144, 0.00309]",fwd_ret_72h,1259,0.009504691330063188,-0.012200252419015456,0.443208895949166,0.14229804154347536
next_body_sum,"(-0.0144, 0.00309]",fwd_ret_168h,1242,0.01373534128839657,-0.017875987325379705,0.4476650563607085,0.23509903339552374
next_body_sum,"(-0.0144, 0.00309]",fwd_ret_336h,1200,0.034251472699561726,-0.034258085582522135,0.44166666666666665,0.3637560398844744
next_body_sum,"(-0.0144, 0.00309]",fwd_ret_672h,1161,0.024248407863814225,-0.07323354257202641,0.3979328165374677,0.4627740518736896
next_body_sum,"(-0.0367, -0.0144]",fwd_ret_4h,1263,-0.0007400459702134503,-0.0012370113805046934,0.47268408551068886,0.03041676337351759
next_body_sum,"(-0.0367, -0.0144]",fwd_ret_24h,1262,-0.0025178036650657107,-0.010253513153500149,0.4247226624405705,0.08376572522887066
next_body_sum,"(-0.0367, -0.0144]",fwd_ret_72h,1260,-0.0021827505421203194,-0.018467689993438452,0.4238095238095238,0.13273354348457816
next_body_sum,"(-0.0367, -0.0144]",fwd_ret_168h,1249,-0.00045193102431085626,-0.02469943567514521,0.4363490792634107,0.2161471660111812
next_body_sum,"(-0.0367, -0.0144]",fwd_ret_336h,1206,0.02275644246845388,-0.03887756674464021,0.42703150912106136,0.3181132660954728
next_body_sum,"(-0.0367, -0.0144]",fwd_ret_672h,1160,0.026728734280903613,-0.05891911882881751,0.41206896551724137,0.4564383443357743
next_body_sum,"(-0.551, -0.0367]",fwd_ret_4h,1262,-0.005341248169900095,-0.006224490540493344,0.4112519809825674,0.05645462986557201
next_body_sum,"(-0.551, -0.0367]",fwd_ret_24h,1258,-0.014096253388816928,-0.01993226274976989,0.3767885532591415,0.09715291082984527
next_body_sum,"(-0.551, -0.0367]",fwd_ret_72h,1256,-0.010032500927179451,-0.024197863293750732,0.41003184713375795,0.17559456280876562
next_body_sum,"(-0.551, -0.0367]",fwd_ret_168h,1236,-0.005925561340881332,-0.03883815035507099,0.38754045307443363,0.24161116204359495
next_body_sum,"(-0.551, -0.0367]",fwd_ret_336h,1198,0.022932853842118524,-0.045938950948607116,0.41151919866444076,0.4029893282510467
next_body_sum,"(-0.551, -0.0367]",fwd_ret_672h,1136,0.030529803595121086,-0.09316477210193946,0.3846830985915493,0.6191256666997667
next_body_sum,"(0.00309, 0.0304]",fwd_ret_4h,1262,0.004564012915970473,0.0027459137479857176,0.5364500792393027,0.03879534138296909
next_body_sum,"(0.00309, 0.0304]",fwd_ret_24h,1260,0.005593557542600536,-0.0031253424345510927,0.4714285714285714,0.09291310184031878
next_body_sum,"(0.00309, 0.0304]",fwd_ret_72h,1257,0.010040407538641128,-0.008523827973653586,0.462211614956245,0.15697350557014728
next_body_sum,"(0.00309, 0.0304]",fwd_ret_168h,1245,0.01837617070926168,-0.024923480542194953,0.4433734939759036,0.23652467281083778
next_body_sum,"(0.00309, 0.0304]",fwd_ret_336h,1208,0.041443570095686895,-0.03760647953285545,0.4379139072847682,0.339529993587732
next_body_sum,"(0.00309, 0.0304]",fwd_ret_672h,1172,0.03768377947385369,-0.07935815661042389,0.3984641638225256,0.5730309175849776
next_body_sum,"(0.0304, 1.475]",fwd_ret_4h,1264,0.003034278868733728,-0.0009386411675009754,0.4849683544303797,0.06538128801850214
next_body_sum,"(0.0304, 1.475]",fwd_ret_24h,1263,0.00039303275396782565,-0.010674480665585295,0.4338875692794933,0.12403778173577476
next_body_sum,"(0.0304, 1.475]",fwd_ret_72h,1263,-0.007855178367443852,-0.0330990041007615,0.3990498812351544,0.18858642485309843
next_body_sum,"(0.0304, 1.475]",fwd_ret_168h,1238,-0.0017737316456858509,-0.0443088046420968,0.41276252019386106,0.26966923449518143
next_body_sum,"(0.0304, 1.475]",fwd_ret_336h,1202,0.01713557428956468,-0.06753509939485036,0.4001663893510815,0.3975117710266158
next_body_sum,"(0.0304, 1.475]",fwd_ret_672h,1146,0.033343820844597125,-0.11379153678205889,0.34642233856893545,0.6966779853217162
